"","sample","sample_interpretable","event","gene","cosmic_cgc_role_in_cancer","cosmic_cgc_tumour_types_somatic","cosmic_cgc_tumour_types_germline","location","mutation","mutation_status_in_sample","mutation_type","n_samples_mutation_is_present","sample_ids_mutation_is_present"
"1","PD70969c_hum","AM062_X1_gDNA_tumour","AASDHPPT:chr11:106096820:C:T","AASDHPPT",NA,NA,NA,"chr11:106096820","C:T","1","Public",2,"AM062_X1_gDNA_tumour, AM062_gDNA_tumour"
"2","PD70969c_hum","AM062_X1_gDNA_tumour","ABCA6:chr17:69085714:C:T","ABCA6",NA,NA,NA,"chr17:69085714","C:T","1","Public",2,"AM062_X1_gDNA_tumour, AM062_gDNA_tumour"
"3","PD70969c_hum","AM062_X1_gDNA_tumour","ABCB1:chr7:87515266:GG:AA","ABCB1",NA,NA,NA,"chr7:87515266","GG:AA","1","Public",2,"AM062_X1_gDNA_tumour, AM062_gDNA_tumour"
"4","PD70969c_hum","AM062_X1_gDNA_tumour","ABCB1:chr7:87550022:T:G","ABCB1",NA,NA,NA,"chr7:87550022","T:G","1","Public",2,"AM062_X1_gDNA_tumour, AM062_gDNA_tumour"
"5","PD70969c_hum","AM062_X1_gDNA_tumour","AC008676.3:chr5:157343286:G:T","AC008676.3",NA,NA,NA,"chr5:157343286","G:T","1","Public",2,"AM062_X1_gDNA_tumour, AM062_gDNA_tumour"
"6","PD70969c_hum","AM062_X1_gDNA_tumour","AC117457.1:chr3:178828219:C:T","AC117457.1",NA,NA,NA,"chr3:178828219","C:T","1","Public",2,"AM062_X1_gDNA_tumour, AM062_gDNA_tumour"
"7","PD70969c_hum","AM062_X1_gDNA_tumour","ACSL6:chr5:131994213:C:T","ACSL6","fusion","AML, AEL","","chr5:131994213","C:T","1","Public",2,"AM062_X1_gDNA_tumour, AM062_gDNA_tumour"
"8","PD70969c_hum","AM062_X1_gDNA_tumour","ACTL9:chr19:8698191:G:A","ACTL9",NA,NA,NA,"chr19:8698191","G:A","1","Public",2,"AM062_X1_gDNA_tumour, AM062_gDNA_tumour"
"9","PD70969c_hum","AM062_X1_gDNA_tumour","ACTN2:chr1:236751637:G:A","ACTN2",NA,NA,NA,"chr1:236751637","G:A","1","Public",2,"AM062_X1_gDNA_tumour, AM062_gDNA_tumour"
"10","PD70969c_hum","AM062_X1_gDNA_tumour","ADAM18:chr8:39723769:G:A","ADAM18",NA,NA,NA,"chr8:39723769","G:A","1","Public",2,"AM062_X1_gDNA_tumour, AM062_gDNA_tumour"
"11","PD70969c_hum","AM062_X1_gDNA_tumour","ADAMDEC1:chr8:24384556:C:T","ADAMDEC1",NA,NA,NA,"chr8:24384556","C:T","1","Public",2,"AM062_X1_gDNA_tumour, AM062_gDNA_tumour"
"12","PD70969c_hum","AM062_X1_gDNA_tumour","ADARB2:chr10:1233721:G:A","ADARB2",NA,NA,NA,"chr10:1233721","G:A","1","Public",2,"AM062_X1_gDNA_tumour, AM062_gDNA_tumour"
"13","PD70969c_hum","AM062_X1_gDNA_tumour","ADGRL2:chr1:81943686:C:G","ADGRL2",NA,NA,NA,"chr1:81943686","C:G","1","Public",2,"AM062_X1_gDNA_tumour, AM062_gDNA_tumour"
"14","PD70969c_hum","AM062_X1_gDNA_tumour","AFAP1:chr4:7772850:G:A","AFAP1",NA,NA,NA,"chr4:7772850","G:A","1","Public",2,"AM062_X1_gDNA_tumour, AM062_gDNA_tumour"
"15","PD70969c_hum","AM062_X1_gDNA_tumour","AGMAT:chr1:15584849:G:A","AGMAT",NA,NA,NA,"chr1:15584849","G:A","1","Public",2,"AM062_X1_gDNA_tumour, AM062_gDNA_tumour"
"16","PD70969c_hum","AM062_X1_gDNA_tumour","AKR1B1:chr7:134448411:G:A","AKR1B1",NA,NA,NA,"chr7:134448411","G:A","1","Public",2,"AM062_X1_gDNA_tumour, AM062_gDNA_tumour"
"17","PD70969c_hum","AM062_X1_gDNA_tumour","ANKFN1:chr17:56499054:CC:TT","ANKFN1",NA,NA,NA,"chr17:56499054","CC:TT","1","Public",2,"AM062_X1_gDNA_tumour, AM062_gDNA_tumour"
"18","PD70969c_hum","AM062_X1_gDNA_tumour","ANKHD1-EIF4EBP3:chr5:140537537:C:T","ANKHD1-EIF4EBP3",NA,NA,NA,"chr5:140537537","C:T","1","Public",2,"AM062_X1_gDNA_tumour, AM062_gDNA_tumour"
"19","PD70969c_hum","AM062_X1_gDNA_tumour","ANKHD1:chr5:140537537:C:T","ANKHD1",NA,NA,NA,"chr5:140537537","C:T","1","Public",2,"AM062_X1_gDNA_tumour, AM062_gDNA_tumour"
"20","PD70969c_hum","AM062_X1_gDNA_tumour","AP002512.3:chr11:56463240:C:T","AP002512.3",NA,NA,NA,"chr11:56463240","C:T","1","Public",2,"AM062_X1_gDNA_tumour, AM062_gDNA_tumour"
"21","PD70969c_hum","AM062_X1_gDNA_tumour","APLP2:chr11:130141987:C:T","APLP2",NA,NA,NA,"chr11:130141987","C:T","1","Public",2,"AM062_X1_gDNA_tumour, AM062_gDNA_tumour"
"22","PD70969c_hum","AM062_X1_gDNA_tumour","ARFGAP1:chr20:63287723:G:A","ARFGAP1",NA,NA,NA,"chr20:63287723","G:A","1","Public",2,"AM062_X1_gDNA_tumour, AM062_gDNA_tumour"
"23","PD70969c_hum","AM062_X1_gDNA_tumour","ARHGAP24:chr4:85923663:G:A","ARHGAP24",NA,NA,NA,"chr4:85923663","G:A","1","Public",2,"AM062_X1_gDNA_tumour, AM062_gDNA_tumour"
"24","PD70969c_hum","AM062_X1_gDNA_tumour","ARID2:chr12:45849701:C:T","ARID2","TSG","hepatocellular carcinoma","","chr12:45849701","C:T","1","Public",2,"AM062_X1_gDNA_tumour, AM062_gDNA_tumour"
"25","PD70969c_hum","AM062_X1_gDNA_tumour","ARL10:chr5:176371792:GG:AA","ARL10",NA,NA,NA,"chr5:176371792","GG:AA","1","Public",2,"AM062_X1_gDNA_tumour, AM062_gDNA_tumour"
"26","PD70969c_hum","AM062_X1_gDNA_tumour","ARMC5:chr16:31466172:C:T","ARMC5",NA,NA,NA,"chr16:31466172","C:T","1","Public",2,"AM062_X1_gDNA_tumour, AM062_gDNA_tumour"
"27","PD70969c_hum","AM062_X1_gDNA_tumour","ATAD2B:chr2:23757534:G:A","ATAD2B",NA,NA,NA,"chr2:23757534","G:A","1","Public",2,"AM062_X1_gDNA_tumour, AM062_gDNA_tumour"
"28","PD70969c_hum","AM062_X1_gDNA_tumour","ATF7IP2:chr16:10481954:G:A","ATF7IP2",NA,NA,NA,"chr16:10481954","G:A","1","Public",2,"AM062_X1_gDNA_tumour, AM062_gDNA_tumour"
"29","PD70969c_hum","AM062_X1_gDNA_tumour","ATP13A5:chr3:193327042:C:T","ATP13A5",NA,NA,NA,"chr3:193327042","C:T","1","Public",2,"AM062_X1_gDNA_tumour, AM062_gDNA_tumour"
"30","PD70969c_hum","AM062_X1_gDNA_tumour","ATP5MC3:chr2:175179211:G:A","ATP5MC3",NA,NA,NA,"chr2:175179211","G:A","1","Public",2,"AM062_X1_gDNA_tumour, AM062_gDNA_tumour"
"31","PD70969c_hum","AM062_X1_gDNA_tumour","ATP6V0A4:chr7:138747561:G:A","ATP6V0A4",NA,NA,NA,"chr7:138747561","G:A","1","Public",2,"AM062_X1_gDNA_tumour, AM062_gDNA_tumour"
"32","PD70969c_hum","AM062_X1_gDNA_tumour","ATP6V1G3:chr1:198523418:G:A","ATP6V1G3",NA,NA,NA,"chr1:198523418","G:A","1","Public",2,"AM062_X1_gDNA_tumour, AM062_gDNA_tumour"
"33","PD70969c_hum","AM062_X1_gDNA_tumour","ATP9B:chr18:79253449:C:T","ATP9B",NA,NA,NA,"chr18:79253449","C:T","1","Public",2,"AM062_X1_gDNA_tumour, AM062_gDNA_tumour"
"34","PD70969c_hum","AM062_X1_gDNA_tumour","ATRN:chr20:3644153:G:A","ATRN",NA,NA,NA,"chr20:3644153","G:A","1","Public",2,"AM062_X1_gDNA_tumour, AM062_gDNA_tumour"
"35","PD70969c_hum","AM062_X1_gDNA_tumour","AWAT2:chrX:70041913:G:A","AWAT2",NA,NA,NA,"chrX:70041913","G:A","1","Public",2,"AM062_X1_gDNA_tumour, AM062_gDNA_tumour"
"36","PD70969c_hum","AM062_X1_gDNA_tumour","BCL11A:chr2:60460785:C:T","BCL11A","oncogene, fusion","B-CLL","","chr2:60460785","C:T","1","Public",2,"AM062_X1_gDNA_tumour, AM062_gDNA_tumour"
"37","PD70969c_hum","AM062_X1_gDNA_tumour","BCR:chr22:23261483:C:T","BCR","fusion","CML, ALL, AML","","chr22:23261483","C:T","1","Public",2,"AM062_X1_gDNA_tumour, AM062_gDNA_tumour"
"38","PD70969c_hum","AM062_X1_gDNA_tumour","BDKRB2:chr14:96241018:C:T","BDKRB2",NA,NA,NA,"chr14:96241018","C:T","1","Public",2,"AM062_X1_gDNA_tumour, AM062_gDNA_tumour"
"39","PD70969c_hum","AM062_X1_gDNA_tumour","BNC1:chr15:83257524:G:A","BNC1",NA,NA,NA,"chr15:83257524","G:A","1","Public",2,"AM062_X1_gDNA_tumour, AM062_gDNA_tumour"
"40","PD70969c_hum","AM062_X1_gDNA_tumour","BOD1L2:chr18:57147741:C:T","BOD1L2",NA,NA,NA,"chr18:57147741","C:T","1","Public",2,"AM062_X1_gDNA_tumour, AM062_gDNA_tumour"
"41","PD70969c_hum","AM062_X1_gDNA_tumour","BRIP1:chr17:61683940:A:C","BRIP1","TSG","","AML, leukaemia, breast","chr17:61683940","A:C","1","Public",2,"AM062_X1_gDNA_tumour, AM062_gDNA_tumour"
"42","PD70969c_hum","AM062_X1_gDNA_tumour","BRPF3:chr6:36210417:C:T","BRPF3",NA,NA,NA,"chr6:36210417","C:T","1","Public",2,"AM062_X1_gDNA_tumour, AM062_gDNA_tumour"
"43","PD70969c_hum","AM062_X1_gDNA_tumour","BSN:chr3:49663571:C:T","BSN",NA,NA,NA,"chr3:49663571","C:T","1","Public",2,"AM062_X1_gDNA_tumour, AM062_gDNA_tumour"
"44","PD70969c_hum","AM062_X1_gDNA_tumour","BSPRY:chr9:113370021:A:C","BSPRY",NA,NA,NA,"chr9:113370021","A:C","1","Public",2,"AM062_X1_gDNA_tumour, AM062_gDNA_tumour"
"45","PD70969c_hum","AM062_X1_gDNA_tumour","BTBD11:chr12:107619996:G:A","BTBD11",NA,NA,NA,"chr12:107619996","G:A","1","Public",2,"AM062_X1_gDNA_tumour, AM062_gDNA_tumour"
"46","PD70969c_hum","AM062_X1_gDNA_tumour","BTNL2:chr6:32403018:C:T","BTNL2",NA,NA,NA,"chr6:32403018","C:T","1","Public",2,"AM062_X1_gDNA_tumour, AM062_gDNA_tumour"
"47","PD70969c_hum","AM062_X1_gDNA_tumour","C12orf50:chr12:87989333:C:T","C12orf50",NA,NA,NA,"chr12:87989333","C:T","1","Public",2,"AM062_X1_gDNA_tumour, AM062_gDNA_tumour"
"48","PD70969c_hum","AM062_X1_gDNA_tumour","C4orf54:chr4:99650127:G:A","C4orf54",NA,NA,NA,"chr4:99650127","G:A","1","Public",2,"AM062_X1_gDNA_tumour, AM062_gDNA_tumour"
"49","PD70969c_hum","AM062_X1_gDNA_tumour","C7:chr5:40928605:G:A","C7",NA,NA,NA,"chr5:40928605","G:A","1","Public",2,"AM062_X1_gDNA_tumour, AM062_gDNA_tumour"
"50","PD70969c_hum","AM062_X1_gDNA_tumour","CACNA1F:chrX:49209306:C:A","CACNA1F",NA,NA,NA,"chrX:49209306","C:A","1","Public",2,"AM062_X1_gDNA_tumour, AM062_gDNA_tumour"
"51","PD70969c_hum","AM062_X1_gDNA_tumour","CACNA1H:chr16:1201685:A:G","CACNA1H",NA,NA,NA,"chr16:1201685","A:G","1","Public",2,"AM062_X1_gDNA_tumour, AM062_gDNA_tumour"
"52","PD70969c_hum","AM062_X1_gDNA_tumour","CADPS2:chr7:122379410:G:A","CADPS2",NA,NA,NA,"chr7:122379410","G:A","1","Public",2,"AM062_X1_gDNA_tumour, AM062_gDNA_tumour"
"53","PD70969c_hum","AM062_X1_gDNA_tumour","CAMKK1:chr17:3885505:C:T","CAMKK1",NA,NA,NA,"chr17:3885505","C:T","1","Public",2,"AM062_X1_gDNA_tumour, AM062_gDNA_tumour"
"54","PD70969c_hum","AM062_X1_gDNA_tumour","CAMKK1:chr17:3885710:C:T","CAMKK1",NA,NA,NA,"chr17:3885710","C:T","1","Public",2,"AM062_X1_gDNA_tumour, AM062_gDNA_tumour"
"55","PD70969c_hum","AM062_X1_gDNA_tumour","CCDC152:chr5:42796867:A:T","CCDC152",NA,NA,NA,"chr5:42796867","A:T","1","Public",2,"AM062_X1_gDNA_tumour, AM062_gDNA_tumour"
"56","PD70969c_hum","AM062_X1_gDNA_tumour","CCNL2:chr1:1390532:A:T","CCNL2",NA,NA,NA,"chr1:1390532","A:T","1","Public",2,"AM062_X1_gDNA_tumour, AM062_gDNA_tumour"
"57","PD70969c_hum","AM062_X1_gDNA_tumour","CD36:chr7:80669988:C:T","CD36",NA,NA,NA,"chr7:80669988","C:T","1","Public",2,"AM062_X1_gDNA_tumour, AM062_gDNA_tumour"
"58","PD70969c_hum","AM062_X1_gDNA_tumour","CDH6:chr5:31322857:A:G","CDH6",NA,NA,NA,"chr5:31322857","A:G","1","Public",2,"AM062_X1_gDNA_tumour, AM062_gDNA_tumour"
"59","PD70969c_hum","AM062_X1_gDNA_tumour","CEP250:chr20:35475563:C:T","CEP250",NA,NA,NA,"chr20:35475563","C:T","1","Public",2,"AM062_X1_gDNA_tumour, AM062_gDNA_tumour"
"60","PD70969c_hum","AM062_X1_gDNA_tumour","CFH:chr1:196726879:G:A","CFH",NA,NA,NA,"chr1:196726879","G:A","1","Public",2,"AM062_X1_gDNA_tumour, AM062_gDNA_tumour"
"61","PD70969c_hum","AM062_X1_gDNA_tumour","CGN:chr1:151519106:G:A","CGN",NA,NA,NA,"chr1:151519106","G:A","1","Public",2,"AM062_X1_gDNA_tumour, AM062_gDNA_tumour"
"62","PD70969c_hum","AM062_X1_gDNA_tumour","CHIA:chr1:111319334:G:A","CHIA",NA,NA,NA,"chr1:111319334","G:A","1","Public",2,"AM062_X1_gDNA_tumour, AM062_gDNA_tumour"
"63","PD70969c_hum","AM062_X1_gDNA_tumour","CIB4:chr2:26583792:G:A","CIB4",NA,NA,NA,"chr2:26583792","G:A","1","Public",2,"AM062_X1_gDNA_tumour, AM062_gDNA_tumour"
"64","PD70969c_hum","AM062_X1_gDNA_tumour","CNGA1:chr4:47937350:A:T","CNGA1",NA,NA,NA,"chr4:47937350","A:T","1","Public",2,"AM062_X1_gDNA_tumour, AM062_gDNA_tumour"
"65","PD70969c_hum","AM062_X1_gDNA_tumour","CNTNAP2:chr7:147044010:A:G","CNTNAP2","TSG","glioma, melanoma","","chr7:147044010","A:G","1","Public",2,"AM062_X1_gDNA_tumour, AM062_gDNA_tumour"
"66","PD70969c_hum","AM062_X1_gDNA_tumour","CR1:chr1:207587501:G:A","CR1",NA,NA,NA,"chr1:207587501","G:A","1","Public",2,"AM062_X1_gDNA_tumour, AM062_gDNA_tumour"
"67","PD70969c_hum","AM062_X1_gDNA_tumour","CSF1R:chr5:150080131:C:T","CSF1R","oncogene","MDS, CML, AML, hemangioblastoma, CCRCC","","chr5:150080131","C:T","1","Public",2,"AM062_X1_gDNA_tumour, AM062_gDNA_tumour"
"68","PD70969c_hum","AM062_X1_gDNA_tumour","CSF2RB:chr22:36937604:G:A","CSF2RB",NA,NA,NA,"chr22:36937604","G:A","1","Public",2,"AM062_X1_gDNA_tumour, AM062_gDNA_tumour"
"69","PD70969c_hum","AM062_X1_gDNA_tumour","CSMD1:chr8:2966666:T:C","CSMD1",NA,NA,NA,"chr8:2966666","T:C","1","Public",2,"AM062_X1_gDNA_tumour, AM062_gDNA_tumour"
"70","PD70969c_hum","AM062_X1_gDNA_tumour","CSMD1:chr8:3223734:G:A","CSMD1",NA,NA,NA,"chr8:3223734","G:A","1","Public",2,"AM062_X1_gDNA_tumour, AM062_gDNA_tumour"
"71","PD70969c_hum","AM062_X1_gDNA_tumour","CTIF:chr18:48859481:C:T","CTIF",NA,NA,NA,"chr18:48859481","C:T","1","Public",2,"AM062_X1_gDNA_tumour, AM062_gDNA_tumour"
"72","PD70969c_hum","AM062_X1_gDNA_tumour","CTNND2:chr5:11022840:C:T","CTNND2","oncogene","prostae adenocarcinoma, GIST","","chr5:11022840","C:T","1","Public",2,"AM062_X1_gDNA_tumour, AM062_gDNA_tumour"
"73","PD70969c_hum","AM062_X1_gDNA_tumour","CTNND2:chr5:11199547:C:T","CTNND2","oncogene","prostae adenocarcinoma, GIST","","chr5:11199547","C:T","1","Public",2,"AM062_X1_gDNA_tumour, AM062_gDNA_tumour"
"74","PD70969c_hum","AM062_X1_gDNA_tumour","CTR9:chr11:10762048:C:T","CTR9",NA,NA,NA,"chr11:10762048","C:T","1","Public",2,"AM062_X1_gDNA_tumour, AM062_gDNA_tumour"
"75","PD70969c_hum","AM062_X1_gDNA_tumour","CXCR2:chr2:218135765:C:T","CXCR2",NA,NA,NA,"chr2:218135765","C:T","1","Public",2,"AM062_X1_gDNA_tumour, AM062_gDNA_tumour"
"76","PD70969c_hum","AM062_X1_gDNA_tumour","CYP3A43:chr7:99847558:G:A","CYP3A43",NA,NA,NA,"chr7:99847558","G:A","1","Public",2,"AM062_X1_gDNA_tumour, AM062_gDNA_tumour"
"77","PD70969c_hum","AM062_X1_gDNA_tumour","CYP4X1:chr1:47039443:C:T","CYP4X1",NA,NA,NA,"chr1:47039443","C:T","1","Public",2,"AM062_X1_gDNA_tumour, AM062_gDNA_tumour"
"78","PD70969c_hum","AM062_X1_gDNA_tumour","DCLK2:chr4:150193204:C:T","DCLK2",NA,NA,NA,"chr4:150193204","C:T","1","Public",2,"AM062_X1_gDNA_tumour, AM062_gDNA_tumour"
"79","PD70969c_hum","AM062_X1_gDNA_tumour","DCST1:chr1:155034546:G:A","DCST1",NA,NA,NA,"chr1:155034546","G:A","1","Public",2,"AM062_X1_gDNA_tumour, AM062_gDNA_tumour"
"80","PD70969c_hum","AM062_X1_gDNA_tumour","DENND3:chr8:141180754:G:A","DENND3",NA,NA,NA,"chr8:141180754","G:A","1","Public",2,"AM062_X1_gDNA_tumour, AM062_gDNA_tumour"
"81","PD70969c_hum","AM062_X1_gDNA_tumour","DLEC1:chr3:38062766:G:A","DLEC1",NA,NA,NA,"chr3:38062766","G:A","1","Public",2,"AM062_X1_gDNA_tumour, AM062_gDNA_tumour"
"82","PD70969c_hum","AM062_X1_gDNA_tumour","DLGAP2:chr8:1548860:C:T","DLGAP2",NA,NA,NA,"chr8:1548860","C:T","1","Public",2,"AM062_X1_gDNA_tumour, AM062_gDNA_tumour"
"83","PD70969c_hum","AM062_X1_gDNA_tumour","DNAH5:chr5:13692130:G:C","DNAH5",NA,NA,NA,"chr5:13692130","G:C","1","Public",2,"AM062_X1_gDNA_tumour, AM062_gDNA_tumour"
"84","PD70969c_hum","AM062_X1_gDNA_tumour","DNAH5:chr5:13864505:C:T","DNAH5",NA,NA,NA,"chr5:13864505","C:T","1","Public",2,"AM062_X1_gDNA_tumour, AM062_gDNA_tumour"
"85","PD70969c_hum","AM062_X1_gDNA_tumour","DNAH5:chr5:13901305:C:T","DNAH5",NA,NA,NA,"chr5:13901305","C:T","1","Public",2,"AM062_X1_gDNA_tumour, AM062_gDNA_tumour"
"86","PD70969c_hum","AM062_X1_gDNA_tumour","DNAH5:chr5:13914583:G:A","DNAH5",NA,NA,NA,"chr5:13914583","G:A","1","Public",2,"AM062_X1_gDNA_tumour, AM062_gDNA_tumour"
"87","PD70969c_hum","AM062_X1_gDNA_tumour","DNAH8:chr6:39030104:G:A","DNAH8",NA,NA,NA,"chr6:39030104","G:A","1","Public",2,"AM062_X1_gDNA_tumour, AM062_gDNA_tumour"
"88","PD70969c_hum","AM062_X1_gDNA_tumour","DNER:chr2:229418184:G:A","DNER",NA,NA,NA,"chr2:229418184","G:A","1","Public",2,"AM062_X1_gDNA_tumour, AM062_gDNA_tumour"
"89","PD70969c_hum","AM062_X1_gDNA_tumour","DPYD:chr1:97573856:C:T","DPYD",NA,NA,NA,"chr1:97573856","C:T","1","Public",2,"AM062_X1_gDNA_tumour, AM062_gDNA_tumour"
"90","PD70969c_hum","AM062_X1_gDNA_tumour","DRC1:chr2:26450679:C:T","DRC1",NA,NA,NA,"chr2:26450679","C:T","1","Public",2,"AM062_X1_gDNA_tumour, AM062_gDNA_tumour"
"91","PD70969c_hum","AM062_X1_gDNA_tumour","DSCAM:chr21:40189129:C:T","DSCAM",NA,NA,NA,"chr21:40189129","C:T","1","Public",2,"AM062_X1_gDNA_tumour, AM062_gDNA_tumour"
"92","PD70969c_hum","AM062_X1_gDNA_tumour","DSCAML1:chr11:117471998:G:A","DSCAML1",NA,NA,NA,"chr11:117471998","G:A","1","Public",2,"AM062_X1_gDNA_tumour, AM062_gDNA_tumour"
"93","PD70969c_hum","AM062_X1_gDNA_tumour","DYNC1I2:chr2:171715380:C:T","DYNC1I2",NA,NA,NA,"chr2:171715380","C:T","1","Public",2,"AM062_X1_gDNA_tumour, AM062_gDNA_tumour"
"94","PD70969c_hum","AM062_X1_gDNA_tumour","E2F1:chr20:33677447:G:A","E2F1",NA,NA,NA,"chr20:33677447","G:A","1","Public",2,"AM062_X1_gDNA_tumour, AM062_gDNA_tumour"
"95","PD70969c_hum","AM062_X1_gDNA_tumour","EDA2R:chrX:66599761:T:A","EDA2R",NA,NA,NA,"chrX:66599761","T:A","1","Public",2,"AM062_X1_gDNA_tumour, AM062_gDNA_tumour"
"96","PD70969c_hum","AM062_X1_gDNA_tumour","EDC4:chr16:67876512:C:T","EDC4",NA,NA,NA,"chr16:67876512","C:T","1","Public",2,"AM062_X1_gDNA_tumour, AM062_gDNA_tumour"
"97","PD70969c_hum","AM062_X1_gDNA_tumour","EDC4:chr16:67879439:C:T","EDC4",NA,NA,NA,"chr16:67879439","C:T","1","Public",2,"AM062_X1_gDNA_tumour, AM062_gDNA_tumour"
"98","PD70969c_hum","AM062_X1_gDNA_tumour","EFCAB5:chr17:30078256:G:A","EFCAB5",NA,NA,NA,"chr17:30078256","G:A","1","Public",2,"AM062_X1_gDNA_tumour, AM062_gDNA_tumour"
"99","PD70969c_hum","AM062_X1_gDNA_tumour","EIF5B:chr2:99390671:T:G","EIF5B",NA,NA,NA,"chr2:99390671","T:G","1","Public",2,"AM062_X1_gDNA_tumour, AM062_gDNA_tumour"
"100","PD70969c_hum","AM062_X1_gDNA_tumour","EMC2:chr8:108450435:C:T","EMC2",NA,NA,NA,"chr8:108450435","C:T","1","Public",2,"AM062_X1_gDNA_tumour, AM062_gDNA_tumour"
"101","PD70969c_hum","AM062_X1_gDNA_tumour","ENTPD1:chr10:95845420:G:A","ENTPD1",NA,NA,NA,"chr10:95845420","G:A","1","Public",2,"AM062_X1_gDNA_tumour, AM062_gDNA_tumour"
"102","PD70969c_hum","AM062_X1_gDNA_tumour","EPHA1:chr7:143397581:C:T","EPHA1",NA,NA,NA,"chr7:143397581","C:T","1","Public",2,"AM062_X1_gDNA_tumour, AM062_gDNA_tumour"
"103","PD70969c_hum","AM062_X1_gDNA_tumour","EPS8L1:chr19:55082603:G:A","EPS8L1",NA,NA,NA,"chr19:55082603","G:A","1","Public",2,"AM062_X1_gDNA_tumour, AM062_gDNA_tumour"
"104","PD70969c_hum","AM062_X1_gDNA_tumour","EXTL3:chr8:28717052:C:T","EXTL3",NA,NA,NA,"chr8:28717052","C:T","1","Public",2,"AM062_X1_gDNA_tumour, AM062_gDNA_tumour"
"105","PD70969c_hum","AM062_X1_gDNA_tumour","F13A1:chr6:6174822:C:T","F13A1",NA,NA,NA,"chr6:6174822","C:T","1","Public",2,"AM062_X1_gDNA_tumour, AM062_gDNA_tumour"
"106","PD70969c_hum","AM062_X1_gDNA_tumour","F8:chrX:154966540:G:A","F8",NA,NA,NA,"chrX:154966540","G:A","1","Public",2,"AM062_X1_gDNA_tumour, AM062_gDNA_tumour"
"107","PD70969c_hum","AM062_X1_gDNA_tumour","FAM160A1:chr4:151646698:A:C","FAM160A1",NA,NA,NA,"chr4:151646698","A:C","1","Public",2,"AM062_X1_gDNA_tumour, AM062_gDNA_tumour"
"108","PD70969c_hum","AM062_X1_gDNA_tumour","FAM83B:chr6:54939875:G:A","FAM83B",NA,NA,NA,"chr6:54939875","G:A","1","Public",2,"AM062_X1_gDNA_tumour, AM062_gDNA_tumour"
"109","PD70969c_hum","AM062_X1_gDNA_tumour","FAM83G:chr17:18978417:G:A","FAM83G",NA,NA,NA,"chr17:18978417","G:A","1","Public",2,"AM062_X1_gDNA_tumour, AM062_gDNA_tumour"
"110","PD70969c_hum","AM062_X1_gDNA_tumour","FGF21:chr19:48756246:G:A","FGF21",NA,NA,NA,"chr19:48756246","G:A","1","Public",2,"AM062_X1_gDNA_tumour, AM062_gDNA_tumour"
"111","PD70969c_hum","AM062_X1_gDNA_tumour","FGG:chr4:154612132:C:T","FGG",NA,NA,NA,"chr4:154612132","C:T","1","Public",2,"AM062_X1_gDNA_tumour, AM062_gDNA_tumour"
"112","PD70969c_hum","AM062_X1_gDNA_tumour","FLNC:chr7:128835387:C:T","FLNC",NA,NA,NA,"chr7:128835387","C:T","1","Public",2,"AM062_X1_gDNA_tumour, AM062_gDNA_tumour"
"113","PD70969c_hum","AM062_X1_gDNA_tumour","FLT3:chr13:28018495:C:T","FLT3","oncogene","AML, ALL","","chr13:28018495","C:T","1","Public",2,"AM062_X1_gDNA_tumour, AM062_gDNA_tumour"
"114","PD70969c_hum","AM062_X1_gDNA_tumour","FNDC9:chr5:157343286:G:T","FNDC9",NA,NA,NA,"chr5:157343286","G:T","1","Public",2,"AM062_X1_gDNA_tumour, AM062_gDNA_tumour"
"115","PD70969c_hum","AM062_X1_gDNA_tumour","FOXA3:chr19:45872917:C:T","FOXA3",NA,NA,NA,"chr19:45872917","C:T","1","Public",2,"AM062_X1_gDNA_tumour, AM062_gDNA_tumour"
"116","PD70969c_hum","AM062_X1_gDNA_tumour","FREM1:chr9:14819276:C:T","FREM1",NA,NA,NA,"chr9:14819276","C:T","1","Public",2,"AM062_X1_gDNA_tumour, AM062_gDNA_tumour"
"117","PD70969c_hum","AM062_X1_gDNA_tumour","FSCN3:chr7:127595645:C:T","FSCN3",NA,NA,NA,"chr7:127595645","C:T","1","Public",2,"AM062_X1_gDNA_tumour, AM062_gDNA_tumour"
"118","PD70969c_hum","AM062_X1_gDNA_tumour","FSD1:chr19:4311993:G:A","FSD1",NA,NA,NA,"chr19:4311993","G:A","1","Public",2,"AM062_X1_gDNA_tumour, AM062_gDNA_tumour"
"119","PD70969c_hum","AM062_X1_gDNA_tumour","FSTL5:chr4:161538192:A:T","FSTL5",NA,NA,NA,"chr4:161538192","A:T","1","Public",2,"AM062_X1_gDNA_tumour, AM062_gDNA_tumour"
"120","PD70969c_hum","AM062_X1_gDNA_tumour","FUT3:chr19:5844465:C:T","FUT3",NA,NA,NA,"chr19:5844465","C:T","1","Public",2,"AM062_X1_gDNA_tumour, AM062_gDNA_tumour"
"121","PD70969c_hum","AM062_X1_gDNA_tumour","FUT9:chr6:96204135:C:T","FUT9",NA,NA,NA,"chr6:96204135","C:T","1","Public",2,"AM062_X1_gDNA_tumour, AM062_gDNA_tumour"
"122","PD70969c_hum","AM062_X1_gDNA_tumour","FYTTD1:chr3:197770150:C:T","FYTTD1",NA,NA,NA,"chr3:197770150","C:T","1","Public",2,"AM062_X1_gDNA_tumour, AM062_gDNA_tumour"
"123","PD70969c_hum","AM062_X1_gDNA_tumour","G6PD:chrX:154533673:G:A","G6PD",NA,NA,NA,"chrX:154533673","G:A","1","Public",2,"AM062_X1_gDNA_tumour, AM062_gDNA_tumour"
"124","PD70969c_hum","AM062_X1_gDNA_tumour","GABRB2:chr5:161411033:C:T","GABRB2",NA,NA,NA,"chr5:161411033","C:T","1","Public",2,"AM062_X1_gDNA_tumour, AM062_gDNA_tumour"
"125","PD70969c_hum","AM062_X1_gDNA_tumour","GALNT17:chr7:71388259:G:A","GALNT17",NA,NA,NA,"chr7:71388259","G:A","1","Public",2,"AM062_X1_gDNA_tumour, AM062_gDNA_tumour"
"126","PD70969c_hum","AM062_X1_gDNA_tumour","GAN:chr16:81365473:T:C","GAN",NA,NA,NA,"chr16:81365473","T:C","1","Public",2,"AM062_X1_gDNA_tumour, AM062_gDNA_tumour"
"127","PD70969c_hum","AM062_X1_gDNA_tumour","GBA3:chr4:22748885:C:A","GBA3",NA,NA,NA,"chr4:22748885","C:A","1","Public",2,"AM062_X1_gDNA_tumour, AM062_gDNA_tumour"
"128","PD70969c_hum","AM062_X1_gDNA_tumour","GJA10:chr6:89895964:G:A","GJA10",NA,NA,NA,"chr6:89895964","G:A","1","Public",2,"AM062_X1_gDNA_tumour, AM062_gDNA_tumour"
"129","PD70969c_hum","AM062_X1_gDNA_tumour","GJB3:chr1:34785204:C:T","GJB3",NA,NA,NA,"chr1:34785204","C:T","1","Public",2,"AM062_X1_gDNA_tumour, AM062_gDNA_tumour"
"130","PD70969c_hum","AM062_X1_gDNA_tumour","GPC6:chr13:93830345:C:T","GPC6",NA,NA,NA,"chr13:93830345","C:T","1","Public",2,"AM062_X1_gDNA_tumour, AM062_gDNA_tumour"
"131","PD70969c_hum","AM062_X1_gDNA_tumour","GPC6:chr13:93830448:GG:AA","GPC6",NA,NA,NA,"chr13:93830448","GG:AA","1","Public",2,"AM062_X1_gDNA_tumour, AM062_gDNA_tumour"
"132","PD70969c_hum","AM062_X1_gDNA_tumour","GPR12:chr13:26759151:C:T","GPR12",NA,NA,NA,"chr13:26759151","C:T","1","Public",2,"AM062_X1_gDNA_tumour, AM062_gDNA_tumour"
"133","PD70969c_hum","AM062_X1_gDNA_tumour","GPRIN3:chr4:89249174:G:A","GPRIN3",NA,NA,NA,"chr4:89249174","G:A","1","Public",2,"AM062_X1_gDNA_tumour, AM062_gDNA_tumour"
"134","PD70969c_hum","AM062_X1_gDNA_tumour","GRAMD1B:chr11:123600481:C:T","GRAMD1B",NA,NA,NA,"chr11:123600481","C:T","1","Public",2,"AM062_X1_gDNA_tumour, AM062_gDNA_tumour"
"135","PD70969c_hum","AM062_X1_gDNA_tumour","GREB1:chr2:11576495:G:A","GREB1",NA,NA,NA,"chr2:11576495","G:A","1","Public",2,"AM062_X1_gDNA_tumour, AM062_gDNA_tumour"
"136","PD70969c_hum","AM062_X1_gDNA_tumour","GREB1:chr2:11588753:G:A","GREB1",NA,NA,NA,"chr2:11588753","G:A","1","Public",2,"AM062_X1_gDNA_tumour, AM062_gDNA_tumour"
"137","PD70969c_hum","AM062_X1_gDNA_tumour","GRIN2B:chr12:13608654:G:A","GRIN2B",NA,NA,NA,"chr12:13608654","G:A","1","Public",2,"AM062_X1_gDNA_tumour, AM062_gDNA_tumour"
"138","PD70969c_hum","AM062_X1_gDNA_tumour","GRM3:chr7:86839684:G:A","GRM3","oncogene","melanoma, oral SCC","","chr7:86839684","G:A","1","Public",2,"AM062_X1_gDNA_tumour, AM062_gDNA_tumour"
"139","PD70969c_hum","AM062_X1_gDNA_tumour","HCN1:chr5:45262772:C:T","HCN1",NA,NA,NA,"chr5:45262772","C:T","1","Public",2,"AM062_X1_gDNA_tumour, AM062_gDNA_tumour"
"140","PD70969c_hum","AM062_X1_gDNA_tumour","HEATR1:chr1:236576902:G:A","HEATR1",NA,NA,NA,"chr1:236576902","G:A","1","Public",2,"AM062_X1_gDNA_tumour, AM062_gDNA_tumour"
"141","PD70969c_hum","AM062_X1_gDNA_tumour","HEATR1:chr1:236581235:G:A","HEATR1",NA,NA,NA,"chr1:236581235","G:A","1","Public",2,"AM062_X1_gDNA_tumour, AM062_gDNA_tumour"
"142","PD70969c_hum","AM062_X1_gDNA_tumour","HEATR6:chr17:60072246:G:A","HEATR6",NA,NA,NA,"chr17:60072246","G:A","1","Public",2,"AM062_X1_gDNA_tumour, AM062_gDNA_tumour"
"143","PD70969c_hum","AM062_X1_gDNA_tumour","HEXD:chr17:82441097:C:T","HEXD",NA,NA,NA,"chr17:82441097","C:T","1","Public",2,"AM062_X1_gDNA_tumour, AM062_gDNA_tumour"
"144","PD70969c_hum","AM062_X1_gDNA_tumour","HHLA1:chr8:132105254:G:A","HHLA1",NA,NA,NA,"chr8:132105254","G:A","1","Public",2,"AM062_X1_gDNA_tumour, AM062_gDNA_tumour"
"145","PD70969c_hum","AM062_X1_gDNA_tumour","HIF3A:chr19:46320485:G:A","HIF3A",NA,NA,NA,"chr19:46320485","G:A","1","Public",2,"AM062_X1_gDNA_tumour, AM062_gDNA_tumour"
"146","PD70969c_hum","AM062_X1_gDNA_tumour","HIVEP3:chr1:41581129:G:A","HIVEP3",NA,NA,NA,"chr1:41581129","G:A","1","Public",2,"AM062_X1_gDNA_tumour, AM062_gDNA_tumour"
"147","PD70969c_hum","AM062_X1_gDNA_tumour","HOXA6:chr7:27145723:C:T","HOXA6",NA,NA,NA,"chr7:27145723","C:T","1","Public",2,"AM062_X1_gDNA_tumour, AM062_gDNA_tumour"
"148","PD70969c_hum","AM062_X1_gDNA_tumour","HSD3B1:chr1:119514098:GG:AA","HSD3B1",NA,NA,NA,"chr1:119514098","GG:AA","1","Public",2,"AM062_X1_gDNA_tumour, AM062_gDNA_tumour"
"149","PD70969c_hum","AM062_X1_gDNA_tumour","IFFO2:chr1:18917023:-:C","IFFO2",NA,NA,NA,"chr1:18917023","-:C","1","Public",2,"AM062_X1_gDNA_tumour, AM062_gDNA_tumour"
"150","PD70969c_hum","AM062_X1_gDNA_tumour","IFNW1:chr9:21141437:C:T","IFNW1",NA,NA,NA,"chr9:21141437","C:T","1","Public",2,"AM062_X1_gDNA_tumour, AM062_gDNA_tumour"
"151","PD70969c_hum","AM062_X1_gDNA_tumour","IGSF22:chr11:18720274:C:T","IGSF22",NA,NA,NA,"chr11:18720274","C:T","1","Public",2,"AM062_X1_gDNA_tumour, AM062_gDNA_tumour"
"152","PD70969c_hum","AM062_X1_gDNA_tumour","IHH:chr2:219055399:G:A","IHH",NA,NA,NA,"chr2:219055399","G:A","1","Public",2,"AM062_X1_gDNA_tumour, AM062_gDNA_tumour"
"153","PD70969c_hum","AM062_X1_gDNA_tumour","IL6ST:chr5:55954926:G:A","IL6ST","oncogene","hepatocellular carcinoma","","chr5:55954926","G:A","1","Public",2,"AM062_X1_gDNA_tumour, AM062_gDNA_tumour"
"154","PD70969c_hum","AM062_X1_gDNA_tumour","ITGA1:chr5:52920377:G:A","ITGA1",NA,NA,NA,"chr5:52920377","G:A","1","Public",2,"AM062_X1_gDNA_tumour, AM062_gDNA_tumour"
"155","PD70969c_hum","AM062_X1_gDNA_tumour","JCAD:chr10:30028624:C:T","JCAD",NA,NA,NA,"chr10:30028624","C:T","1","Public",2,"AM062_X1_gDNA_tumour, AM062_gDNA_tumour"
"156","PD70969c_hum","AM062_X1_gDNA_tumour","JHY:chr11:122934541:G:A","JHY",NA,NA,NA,"chr11:122934541","G:A","1","Public",2,"AM062_X1_gDNA_tumour, AM062_gDNA_tumour"
"157","PD70969c_hum","AM062_X1_gDNA_tumour","KCNB2:chr8:72936772:G:A","KCNB2",NA,NA,NA,"chr8:72936772","G:A","1","Public",2,"AM062_X1_gDNA_tumour, AM062_gDNA_tumour"
"158","PD70969c_hum","AM062_X1_gDNA_tumour","KCNG4:chr16:84222830:G:A","KCNG4",NA,NA,NA,"chr16:84222830","G:A","1","Public",2,"AM062_X1_gDNA_tumour, AM062_gDNA_tumour"
"159","PD70969c_hum","AM062_X1_gDNA_tumour","KCNH1:chr1:210683557:C:T","KCNH1",NA,NA,NA,"chr1:210683557","C:T","1","Public",2,"AM062_X1_gDNA_tumour, AM062_gDNA_tumour"
"160","PD70969c_hum","AM062_X1_gDNA_tumour","KCNK3:chr2:26728014:G:A","KCNK3",NA,NA,NA,"chr2:26728014","G:A","1","Public",2,"AM062_X1_gDNA_tumour, AM062_gDNA_tumour"
"161","PD70969c_hum","AM062_X1_gDNA_tumour","KCNMB2:chr3:178828219:C:T","KCNMB2",NA,NA,NA,"chr3:178828219","C:T","1","Public",2,"AM062_X1_gDNA_tumour, AM062_gDNA_tumour"
"162","PD70969c_hum","AM062_X1_gDNA_tumour","KCNQ5:chr6:73133424:G:A","KCNQ5",NA,NA,NA,"chr6:73133424","G:A","1","Public",2,"AM062_X1_gDNA_tumour, AM062_gDNA_tumour"
"163","PD70969c_hum","AM062_X1_gDNA_tumour","KCTD17:chr22:37056321:G:A","KCTD17",NA,NA,NA,"chr22:37056321","G:A","1","Public",2,"AM062_X1_gDNA_tumour, AM062_gDNA_tumour"
"164","PD70969c_hum","AM062_X1_gDNA_tumour","KDF1:chr1:26952033:C:T","KDF1",NA,NA,NA,"chr1:26952033","C:T","1","Public",2,"AM062_X1_gDNA_tumour, AM062_gDNA_tumour"
"165","PD70969c_hum","AM062_X1_gDNA_tumour","KIF26B:chr1:245367100:C:T","KIF26B",NA,NA,NA,"chr1:245367100","C:T","1","Public",2,"AM062_X1_gDNA_tumour, AM062_gDNA_tumour"
"166","PD70969c_hum","AM062_X1_gDNA_tumour","KMT2B:chr19:35720989:G:A","KMT2B",NA,NA,NA,"chr19:35720989","G:A","1","Public",2,"AM062_X1_gDNA_tumour, AM062_gDNA_tumour"
"167","PD70969c_hum","AM062_X1_gDNA_tumour","KRT78:chr12:52848063:TG:-","KRT78",NA,NA,NA,"chr12:52848063","TG:-","1","Public",2,"AM062_X1_gDNA_tumour, AM062_gDNA_tumour"
"168","PD70969c_hum","AM062_X1_gDNA_tumour","KRTAP12-3:chr21:44658125:CC:TT","KRTAP12-3",NA,NA,NA,"chr21:44658125","CC:TT","1","Public",2,"AM062_X1_gDNA_tumour, AM062_gDNA_tumour"
"169","PD70969c_hum","AM062_X1_gDNA_tumour","LAMP3:chr3:183140589:C:T","LAMP3",NA,NA,NA,"chr3:183140589","C:T","1","Public",2,"AM062_X1_gDNA_tumour, AM062_gDNA_tumour"
"170","PD70969c_hum","AM062_X1_gDNA_tumour","LGSN:chr6:63280528:C:T","LGSN",NA,NA,NA,"chr6:63280528","C:T","1","Public",2,"AM062_X1_gDNA_tumour, AM062_gDNA_tumour"
"171","PD70969c_hum","AM062_X1_gDNA_tumour","LHX1:chr17:36940805:C:T","LHX1",NA,NA,NA,"chr17:36940805","C:T","1","Public",2,"AM062_X1_gDNA_tumour, AM062_gDNA_tumour"
"172","PD70969c_hum","AM062_X1_gDNA_tumour","LHX1:chr17:36942778:G:A","LHX1",NA,NA,NA,"chr17:36942778","G:A","1","Public",2,"AM062_X1_gDNA_tumour, AM062_gDNA_tumour"
"173","PD70969c_hum","AM062_X1_gDNA_tumour","LIFR:chr5:38484860:A:T","LIFR","fusion","salivary adenoma","","chr5:38484860","A:T","1","Public",2,"AM062_X1_gDNA_tumour, AM062_gDNA_tumour"
"174","PD70969c_hum","AM062_X1_gDNA_tumour","LILRB1:chr19:54631953:C:T","LILRB1",NA,NA,NA,"chr19:54631953","C:T","1","Public",2,"AM062_X1_gDNA_tumour, AM062_gDNA_tumour"
"175","PD70969c_hum","AM062_X1_gDNA_tumour","LMX1A:chr1:165205921:G:A","LMX1A",NA,NA,NA,"chr1:165205921","G:A","1","Public",2,"AM062_X1_gDNA_tumour, AM062_gDNA_tumour"
"176","PD70969c_hum","AM062_X1_gDNA_tumour","LOXHD1:chr18:46560413:C:T","LOXHD1",NA,NA,NA,"chr18:46560413","C:T","1","Public",2,"AM062_X1_gDNA_tumour, AM062_gDNA_tumour"
"177","PD70969c_hum","AM062_X1_gDNA_tumour","LOXHD1:chr18:46639765:C:T","LOXHD1",NA,NA,NA,"chr18:46639765","C:T","1","Public",2,"AM062_X1_gDNA_tumour, AM062_gDNA_tumour"
"178","PD70969c_hum","AM062_X1_gDNA_tumour","LRRC18:chr10:48913771:C:T","LRRC18",NA,NA,NA,"chr10:48913771","C:T","1","Public",2,"AM062_X1_gDNA_tumour, AM062_gDNA_tumour"
"179","PD70969c_hum","AM062_X1_gDNA_tumour","LRRC32:chr11:76661131:G:A","LRRC32",NA,NA,NA,"chr11:76661131","G:A","1","Public",2,"AM062_X1_gDNA_tumour, AM062_gDNA_tumour"
"180","PD70969c_hum","AM062_X1_gDNA_tumour","LRRC4:chr7:128029177:G:A","LRRC4",NA,NA,NA,"chr7:128029177","G:A","1","Public",2,"AM062_X1_gDNA_tumour, AM062_gDNA_tumour"
"181","PD70969c_hum","AM062_X1_gDNA_tumour","LRRC4B:chr19:50518820:G:A","LRRC4B",NA,NA,NA,"chr19:50518820","G:A","1","Public",2,"AM062_X1_gDNA_tumour, AM062_gDNA_tumour"
"182","PD70969c_hum","AM062_X1_gDNA_tumour","LRRCC1:chr8:85124899:T:C","LRRCC1",NA,NA,NA,"chr8:85124899","T:C","1","Public",2,"AM062_X1_gDNA_tumour, AM062_gDNA_tumour"
"183","PD70969c_hum","AM062_X1_gDNA_tumour","LRRIQ1:chr12:85040583:G:A","LRRIQ1",NA,NA,NA,"chr12:85040583","G:A","1","Public",2,"AM062_X1_gDNA_tumour, AM062_gDNA_tumour"
"184","PD70969c_hum","AM062_X1_gDNA_tumour","LTF:chr3:46439304:G:A","LTF",NA,NA,NA,"chr3:46439304","G:A","1","Public",2,"AM062_X1_gDNA_tumour, AM062_gDNA_tumour"
"185","PD70969c_hum","AM062_X1_gDNA_tumour","LY75-CD302:chr2:159875488:G:C","LY75-CD302",NA,NA,NA,"chr2:159875488","G:C","1","Public",2,"AM062_X1_gDNA_tumour, AM062_gDNA_tumour"
"186","PD70969c_hum","AM062_X1_gDNA_tumour","LY75:chr2:159875488:G:C","LY75",NA,NA,NA,"chr2:159875488","G:C","1","Public",2,"AM062_X1_gDNA_tumour, AM062_gDNA_tumour"
"187","PD70969c_hum","AM062_X1_gDNA_tumour","LZTFL1:chr3:45828498:G:A","LZTFL1",NA,NA,NA,"chr3:45828498","G:A","1","Public",2,"AM062_X1_gDNA_tumour, AM062_gDNA_tumour"
"188","PD70969c_hum","AM062_X1_gDNA_tumour","LZTR1:chr22:20990497:C:T","LZTR1","TSG","glioblastoma","glioblastoma, schwannoma","chr22:20990497","C:T","1","Public",2,"AM062_X1_gDNA_tumour, AM062_gDNA_tumour"
"189","PD70969c_hum","AM062_X1_gDNA_tumour","MAGEB17:chrX:16170972:C:T","MAGEB17",NA,NA,NA,"chrX:16170972","C:T","1","Public",2,"AM062_X1_gDNA_tumour, AM062_gDNA_tumour"
"190","PD70969c_hum","AM062_X1_gDNA_tumour","MAGEL2:chr15:23644887:G:A","MAGEL2",NA,NA,NA,"chr15:23644887","G:A","1","Public",2,"AM062_X1_gDNA_tumour, AM062_gDNA_tumour"
"191","PD70969c_hum","AM062_X1_gDNA_tumour","MAGEL2:chr15:23645527:G:A","MAGEL2",NA,NA,NA,"chr15:23645527","G:A","1","Public",2,"AM062_X1_gDNA_tumour, AM062_gDNA_tumour"
"192","PD70969c_hum","AM062_X1_gDNA_tumour","MAK:chr6:10773085:C:T","MAK",NA,NA,NA,"chr6:10773085","C:T","1","Public",2,"AM062_X1_gDNA_tumour, AM062_gDNA_tumour"
"193","PD70969c_hum","AM062_X1_gDNA_tumour","MAP3K6:chr1:27357067:G:A","MAP3K6",NA,NA,NA,"chr1:27357067","G:A","1","Public",2,"AM062_X1_gDNA_tumour, AM062_gDNA_tumour"
"194","PD70969c_hum","AM062_X1_gDNA_tumour","MAPK13:chr6:36135780:G:A","MAPK13",NA,NA,NA,"chr6:36135780","G:A","1","Public",2,"AM062_X1_gDNA_tumour, AM062_gDNA_tumour"
"195","PD70969c_hum","AM062_X1_gDNA_tumour","MAPKAPK2:chr1:206729433:C:T","MAPKAPK2",NA,NA,NA,"chr1:206729433","C:T","1","Public",2,"AM062_X1_gDNA_tumour, AM062_gDNA_tumour"
"196","PD70969c_hum","AM062_X1_gDNA_tumour","MAS1L:chr6:29487036:G:A","MAS1L",NA,NA,NA,"chr6:29487036","G:A","1","Public",2,"AM062_X1_gDNA_tumour, AM062_gDNA_tumour"
"197","PD70969c_hum","AM062_X1_gDNA_tumour","MGAM2:chr7:142189484:C:T","MGAM2",NA,NA,NA,"chr7:142189484","C:T","1","Public",2,"AM062_X1_gDNA_tumour, AM062_gDNA_tumour"
"198","PD70969c_hum","AM062_X1_gDNA_tumour","MLKL:chr16:74691341:C:G","MLKL",NA,NA,NA,"chr16:74691341","C:G","1","Public",2,"AM062_X1_gDNA_tumour, AM062_gDNA_tumour"
"199","PD70969c_hum","AM062_X1_gDNA_tumour","MMS22L:chr6:97229388:G:A","MMS22L",NA,NA,NA,"chr6:97229388","G:A","1","Public",2,"AM062_X1_gDNA_tumour, AM062_gDNA_tumour"
"200","PD70969c_hum","AM062_X1_gDNA_tumour","MMUT:chr6:49440349:G:A","MMUT",NA,NA,NA,"chr6:49440349","G:A","1","Public",2,"AM062_X1_gDNA_tumour, AM062_gDNA_tumour"
"201","PD70969c_hum","AM062_X1_gDNA_tumour","MPO:chr17:58273533:C:T","MPO",NA,NA,NA,"chr17:58273533","C:T","1","Public",2,"AM062_X1_gDNA_tumour, AM062_gDNA_tumour"
"202","PD70969c_hum","AM062_X1_gDNA_tumour","MRGPRX3:chr11:18137421:C:T","MRGPRX3",NA,NA,NA,"chr11:18137421","C:T","1","Public",2,"AM062_X1_gDNA_tumour, AM062_gDNA_tumour"
"203","PD70969c_hum","AM062_X1_gDNA_tumour","MTCL1:chr18:8783934:C:T","MTCL1",NA,NA,NA,"chr18:8783934","C:T","1","Public",2,"AM062_X1_gDNA_tumour, AM062_gDNA_tumour"
"204","PD70969c_hum","AM062_X1_gDNA_tumour","MTERF2:chr12:106977880:GA:TC","MTERF2",NA,NA,NA,"chr12:106977880","GA:TC","1","Public",2,"AM062_X1_gDNA_tumour, AM062_gDNA_tumour"
"205","PD70969c_hum","AM062_X1_gDNA_tumour","MUC16:chr19:8959999:C:T","MUC16","oncogene","HNSCC, melanoma","","chr19:8959999","C:T","1","Public",2,"AM062_X1_gDNA_tumour, AM062_gDNA_tumour"
"206","PD70969c_hum","AM062_X1_gDNA_tumour","MUC4:chr3:195778952:G:A","MUC4","oncogene","HNSCC","","chr3:195778952","G:A","1","Public",2,"AM062_X1_gDNA_tumour, AM062_gDNA_tumour"
"207","PD70969c_hum","AM062_X1_gDNA_tumour","MYCN:chr2:15945820:G:A","MYCN","oncogene","neuroblastoma, Wilms tumour","","chr2:15945820","G:A","1","Public",2,"AM062_X1_gDNA_tumour, AM062_gDNA_tumour"
"208","PD70969c_hum","AM062_X1_gDNA_tumour","MYCT1:chr6:152698078:C:T","MYCT1",NA,NA,NA,"chr6:152698078","C:T","1","Public",2,"AM062_X1_gDNA_tumour, AM062_gDNA_tumour"
"209","PD70969c_hum","AM062_X1_gDNA_tumour","MYH11:chr16:15823348:T:G","MYH11","fusion","AML","","chr16:15823348","T:G","1","Public",2,"AM062_X1_gDNA_tumour, AM062_gDNA_tumour"
"210","PD70969c_hum","AM062_X1_gDNA_tumour","MYH6:chr14:23405284:C:T","MYH6",NA,NA,NA,"chr14:23405284","C:T","1","Public",2,"AM062_X1_gDNA_tumour, AM062_gDNA_tumour"
"211","PD70969c_hum","AM062_X1_gDNA_tumour","MYH7:chr14:23425752:C:T","MYH7",NA,NA,NA,"chr14:23425752","C:T","1","Public",2,"AM062_X1_gDNA_tumour, AM062_gDNA_tumour"
"212","PD70969c_hum","AM062_X1_gDNA_tumour","MYH7:chr14:23431761:C:A","MYH7",NA,NA,NA,"chr14:23431761","C:A","1","Public",2,"AM062_X1_gDNA_tumour, AM062_gDNA_tumour"
"213","PD70969c_hum","AM062_X1_gDNA_tumour","MYO16:chr13:108712706:C:T","MYO16",NA,NA,NA,"chr13:108712706","C:T","1","Public",2,"AM062_X1_gDNA_tumour, AM062_gDNA_tumour"
"214","PD70969c_hum","AM062_X1_gDNA_tumour","MYO6:chr6:75914148:C:T","MYO6",NA,NA,NA,"chr6:75914148","C:T","1","Public",2,"AM062_X1_gDNA_tumour, AM062_gDNA_tumour"
"215","PD70969c_hum","AM062_X1_gDNA_tumour","MYO9A:chr15:71830278:C:T","MYO9A",NA,NA,NA,"chr15:71830278","C:T","1","Public",2,"AM062_X1_gDNA_tumour, AM062_gDNA_tumour"
"216","PD70969c_hum","AM062_X1_gDNA_tumour","NADK:chr1:1754637:C:T","NADK",NA,NA,NA,"chr1:1754637","C:T","1","Public",2,"AM062_X1_gDNA_tumour, AM062_gDNA_tumour"
"217","PD70969c_hum","AM062_X1_gDNA_tumour","NCKAP5:chr2:132860600:C:T","NCKAP5",NA,NA,NA,"chr2:132860600","C:T","1","Public",2,"AM062_X1_gDNA_tumour, AM062_gDNA_tumour"
"218","PD70969c_hum","AM062_X1_gDNA_tumour","NEGR1:chr1:71698011:T:G","NEGR1",NA,NA,NA,"chr1:71698011","T:G","1","Public",2,"AM062_X1_gDNA_tumour, AM062_gDNA_tumour"
"219","PD70969c_hum","AM062_X1_gDNA_tumour","NEXMIF:chrX:74741250:GG:AA","NEXMIF",NA,NA,NA,"chrX:74741250","GG:AA","1","Public",2,"AM062_X1_gDNA_tumour, AM062_gDNA_tumour"
"220","PD70969c_hum","AM062_X1_gDNA_tumour","NID2:chr14:52015133:C:T","NID2",NA,NA,NA,"chr14:52015133","C:T","1","Public",2,"AM062_X1_gDNA_tumour, AM062_gDNA_tumour"
"221","PD70969c_hum","AM062_X1_gDNA_tumour","NIPAL2:chr8:98194731:G:A","NIPAL2",NA,NA,NA,"chr8:98194731","G:A","1","Public",2,"AM062_X1_gDNA_tumour, AM062_gDNA_tumour"
"222","PD70969c_hum","AM062_X1_gDNA_tumour","NLRP12:chr19:53811010:C:T","NLRP12",NA,NA,NA,"chr19:53811010","C:T","1","Public",2,"AM062_X1_gDNA_tumour, AM062_gDNA_tumour"
"223","PD70969c_hum","AM062_X1_gDNA_tumour","NLRP14:chr11:7043460:C:T","NLRP14",NA,NA,NA,"chr11:7043460","C:T","1","Public",2,"AM062_X1_gDNA_tumour, AM062_gDNA_tumour"
"224","PD70969c_hum","AM062_X1_gDNA_tumour","NLRP8:chr19:55954583:G:A","NLRP8",NA,NA,NA,"chr19:55954583","G:A","1","Public",2,"AM062_X1_gDNA_tumour, AM062_gDNA_tumour"
"225","PD70969c_hum","AM062_X1_gDNA_tumour","NLRP9:chr19:55729929:G:A","NLRP9",NA,NA,NA,"chr19:55729929","G:A","1","Public",2,"AM062_X1_gDNA_tumour, AM062_gDNA_tumour"
"226","PD70969c_hum","AM062_X1_gDNA_tumour","NOBOX:chr7:144399059:G:A","NOBOX",NA,NA,NA,"chr7:144399059","G:A","1","Public",2,"AM062_X1_gDNA_tumour, AM062_gDNA_tumour"
"227","PD70969c_hum","AM062_X1_gDNA_tumour","NOD2:chr16:50711692:G:A","NOD2",NA,NA,NA,"chr16:50711692","G:A","1","Public",2,"AM062_X1_gDNA_tumour, AM062_gDNA_tumour"
"228","PD70969c_hum","AM062_X1_gDNA_tumour","NUP210L:chr1:154139825:G:A","NUP210L",NA,NA,NA,"chr1:154139825","G:A","1","Public",2,"AM062_X1_gDNA_tumour, AM062_gDNA_tumour"
"229","PD70969c_hum","AM062_X1_gDNA_tumour","NWD1:chr19:16749893:C:T","NWD1",NA,NA,NA,"chr19:16749893","C:T","1","Public",2,"AM062_X1_gDNA_tumour, AM062_gDNA_tumour"
"230","PD70969c_hum","AM062_X1_gDNA_tumour","OR10A7:chr12:55221637:C:T","OR10A7",NA,NA,NA,"chr12:55221637","C:T","1","Public",2,"AM062_X1_gDNA_tumour, AM062_gDNA_tumour"
"231","PD70969c_hum","AM062_X1_gDNA_tumour","OR2A2:chr7:144110499:G:A","OR2A2",NA,NA,NA,"chr7:144110499","G:A","1","Public",2,"AM062_X1_gDNA_tumour, AM062_gDNA_tumour"
"232","PD70969c_hum","AM062_X1_gDNA_tumour","OR2J3:chr6:29112622:T:G","OR2J3",NA,NA,NA,"chr6:29112622","T:G","1","Public",2,"AM062_X1_gDNA_tumour, AM062_gDNA_tumour"
"233","PD70969c_hum","AM062_X1_gDNA_tumour","OR2M4:chr1:248238964:C:T","OR2M4",NA,NA,NA,"chr1:248238964","C:T","1","Public",2,"AM062_X1_gDNA_tumour, AM062_gDNA_tumour"
"234","PD70969c_hum","AM062_X1_gDNA_tumour","OR2T1:chr1:248406703:T:C","OR2T1",NA,NA,NA,"chr1:248406703","T:C","1","Public",2,"AM062_X1_gDNA_tumour, AM062_gDNA_tumour"
"235","PD70969c_hum","AM062_X1_gDNA_tumour","OR51G2:chr11:4915040:G:A","OR51G2",NA,NA,NA,"chr11:4915040","G:A","1","Public",2,"AM062_X1_gDNA_tumour, AM062_gDNA_tumour"
"236","PD70969c_hum","AM062_X1_gDNA_tumour","OR52H1:chr11:5545412:G:A","OR52H1",NA,NA,NA,"chr11:5545412","G:A","1","Public",2,"AM062_X1_gDNA_tumour, AM062_gDNA_tumour"
"237","PD70969c_hum","AM062_X1_gDNA_tumour","OR5H15:chr3:98168886:C:T","OR5H15",NA,NA,NA,"chr3:98168886","C:T","1","Public",2,"AM062_X1_gDNA_tumour, AM062_gDNA_tumour"
"238","PD70969c_hum","AM062_X1_gDNA_tumour","OR5M9:chr11:56463240:C:T","OR5M9",NA,NA,NA,"chr11:56463240","C:T","1","Public",2,"AM062_X1_gDNA_tumour, AM062_gDNA_tumour"
"239","PD70969c_hum","AM062_X1_gDNA_tumour","OR9A4:chr7:141919580:G:A","OR9A4",NA,NA,NA,"chr7:141919580","G:A","1","Public",2,"AM062_X1_gDNA_tumour, AM062_gDNA_tumour"
"240","PD70969c_hum","AM062_X1_gDNA_tumour","OR9Q1:chr11:58180212:C:T","OR9Q1",NA,NA,NA,"chr11:58180212","C:T","1","Public",2,"AM062_X1_gDNA_tumour, AM062_gDNA_tumour"
"241","PD70969c_hum","AM062_X1_gDNA_tumour","OTOG:chr11:17641925:C:T","OTOG",NA,NA,NA,"chr11:17641925","C:T","1","Public",2,"AM062_X1_gDNA_tumour, AM062_gDNA_tumour"
"242","PD70969c_hum","AM062_X1_gDNA_tumour","PAG1:chr8:80993123:G:A","PAG1",NA,NA,NA,"chr8:80993123","G:A","1","Public",2,"AM062_X1_gDNA_tumour, AM062_gDNA_tumour"
"243","PD70969c_hum","AM062_X1_gDNA_tumour","PAK2:chr3:196782762:C:T","PAK2",NA,NA,NA,"chr3:196782762","C:T","1","Public",2,"AM062_X1_gDNA_tumour, AM062_gDNA_tumour"
"244","PD70969c_hum","AM062_X1_gDNA_tumour","PALLD:chr4:168683061:G:A","PALLD",NA,NA,NA,"chr4:168683061","G:A","1","Public",2,"AM062_X1_gDNA_tumour, AM062_gDNA_tumour"
"245","PD70969c_hum","AM062_X1_gDNA_tumour","PALM3:chr19:14056670:A:G","PALM3",NA,NA,NA,"chr19:14056670","A:G","1","Public",2,"AM062_X1_gDNA_tumour, AM062_gDNA_tumour"
"246","PD70969c_hum","AM062_X1_gDNA_tumour","PAQR5:chr15:69360103:G:A","PAQR5",NA,NA,NA,"chr15:69360103","G:A","1","Public",2,"AM062_X1_gDNA_tumour, AM062_gDNA_tumour"
"247","PD70969c_hum","AM062_X1_gDNA_tumour","PCDH18:chr4:137521477:C:T","PCDH18",NA,NA,NA,"chr4:137521477","C:T","1","Public",2,"AM062_X1_gDNA_tumour, AM062_gDNA_tumour"
"248","PD70969c_hum","AM062_X1_gDNA_tumour","PCDH19:chrX:100407042:C:T","PCDH19",NA,NA,NA,"chrX:100407042","C:T","1","Public",2,"AM062_X1_gDNA_tumour, AM062_gDNA_tumour"
"249","PD70969c_hum","AM062_X1_gDNA_tumour","PCDHB1:chr5:141053286:C:T","PCDHB1",NA,NA,NA,"chr5:141053286","C:T","1","Public",2,"AM062_X1_gDNA_tumour, AM062_gDNA_tumour"
"250","PD70969c_hum","AM062_X1_gDNA_tumour","PCDHB10:chr5:141193156:C:T","PCDHB10",NA,NA,NA,"chr5:141193156","C:T","1","Public",2,"AM062_X1_gDNA_tumour, AM062_gDNA_tumour"
"251","PD70969c_hum","AM062_X1_gDNA_tumour","PCDHGA1:chr5:141331279:C:T","PCDHGA1",NA,NA,NA,"chr5:141331279","C:T","1","Public",2,"AM062_X1_gDNA_tumour, AM062_gDNA_tumour"
"252","PD70969c_hum","AM062_X1_gDNA_tumour","PCDHGA7:chr5:141383661:T:A","PCDHGA7",NA,NA,NA,"chr5:141383661","T:A","1","Public",2,"AM062_X1_gDNA_tumour, AM062_gDNA_tumour"
"253","PD70969c_hum","AM062_X1_gDNA_tumour","PCDHGB5:chr5:141399317:C:T","PCDHGB5",NA,NA,NA,"chr5:141399317","C:T","1","Public",2,"AM062_X1_gDNA_tumour, AM062_gDNA_tumour"
"254","PD70969c_hum","AM062_X1_gDNA_tumour","PCF11:chr11:83157566:C:T","PCF11",NA,NA,NA,"chr11:83157566","C:T","1","Public",2,"AM062_X1_gDNA_tumour, AM062_gDNA_tumour"
"255","PD70969c_hum","AM062_X1_gDNA_tumour","PCM1:chr8:17985580:C:T","PCM1","fusion","papillary thyroid, CML, MPN","","chr8:17985580","C:T","1","Public",2,"AM062_X1_gDNA_tumour, AM062_gDNA_tumour"
"256","PD70969c_hum","AM062_X1_gDNA_tumour","PDE4A:chr19:10446331:C:T","PDE4A",NA,NA,NA,"chr19:10446331","C:T","1","Public",2,"AM062_X1_gDNA_tumour, AM062_gDNA_tumour"
"257","PD70969c_hum","AM062_X1_gDNA_tumour","PDE9A:chr21:42743792:G:A","PDE9A",NA,NA,NA,"chr21:42743792","G:A","1","Public",2,"AM062_X1_gDNA_tumour, AM062_gDNA_tumour"
"258","PD70969c_hum","AM062_X1_gDNA_tumour","PI15:chr8:74825453:C:T","PI15",NA,NA,NA,"chr8:74825453","C:T","1","Public",2,"AM062_X1_gDNA_tumour, AM062_gDNA_tumour"
"259","PD70969c_hum","AM062_X1_gDNA_tumour","PKHD1L1:chr8:109438363:G:A","PKHD1L1",NA,NA,NA,"chr8:109438363","G:A","1","Public",2,"AM062_X1_gDNA_tumour, AM062_gDNA_tumour"
"260","PD70969c_hum","AM062_X1_gDNA_tumour","PKHD1L1:chr8:109442041:C:T","PKHD1L1",NA,NA,NA,"chr8:109442041","C:T","1","Public",2,"AM062_X1_gDNA_tumour, AM062_gDNA_tumour"
"261","PD70969c_hum","AM062_X1_gDNA_tumour","PKHD1L1:chr8:109452875:G:A","PKHD1L1",NA,NA,NA,"chr8:109452875","G:A","1","Public",2,"AM062_X1_gDNA_tumour, AM062_gDNA_tumour"
"262","PD70969c_hum","AM062_X1_gDNA_tumour","PLCZ1:chr12:18723432:T:A","PLCZ1",NA,NA,NA,"chr12:18723432","T:A","1","Public",2,"AM062_X1_gDNA_tumour, AM062_gDNA_tumour"
"263","PD70969c_hum","AM062_X1_gDNA_tumour","PLS1:chr3:142664271:G:A","PLS1",NA,NA,NA,"chr3:142664271","G:A","1","Public",2,"AM062_X1_gDNA_tumour, AM062_gDNA_tumour"
"264","PD70969c_hum","AM062_X1_gDNA_tumour","PMVK:chr1:154929039:G:A","PMVK",NA,NA,NA,"chr1:154929039","G:A","1","Public",2,"AM062_X1_gDNA_tumour, AM062_gDNA_tumour"
"265","PD70969c_hum","AM062_X1_gDNA_tumour","POLI:chr18:54293798:C:T","POLI",NA,NA,NA,"chr18:54293798","C:T","1","Public",2,"AM062_X1_gDNA_tumour, AM062_gDNA_tumour"
"266","PD70969c_hum","AM062_X1_gDNA_tumour","PORCN:chrX:48509860:C:T","PORCN",NA,NA,NA,"chrX:48509860","C:T","1","Public",2,"AM062_X1_gDNA_tumour, AM062_gDNA_tumour"
"267","PD70969c_hum","AM062_X1_gDNA_tumour","POSTN:chr13:37564547:C:T","POSTN",NA,NA,NA,"chr13:37564547","C:T","1","Public",2,"AM062_X1_gDNA_tumour, AM062_gDNA_tumour"
"268","PD70969c_hum","AM062_X1_gDNA_tumour","PPP1R9A:chr7:95290145:G:A","PPP1R9A",NA,NA,NA,"chr7:95290145","G:A","1","Public",2,"AM062_X1_gDNA_tumour, AM062_gDNA_tumour"
"269","PD70969c_hum","AM062_X1_gDNA_tumour","PRDM14:chr8:70052205:C:T","PRDM14",NA,NA,NA,"chr8:70052205","C:T","1","Public",2,"AM062_X1_gDNA_tumour, AM062_gDNA_tumour"
"270","PD70969c_hum","AM062_X1_gDNA_tumour","PRDM16:chr1:3404872:G:A","PRDM16","oncogene, fusion","MDS, AML","","chr1:3404872","G:A","1","Public",2,"AM062_X1_gDNA_tumour, AM062_gDNA_tumour"
"271","PD70969c_hum","AM062_X1_gDNA_tumour","PRLR:chr5:35065554:T:G","PRLR",NA,NA,NA,"chr5:35065554","T:G","1","Public",2,"AM062_X1_gDNA_tumour, AM062_gDNA_tumour"
"272","PD70969c_hum","AM062_X1_gDNA_tumour","PROK2:chr3:71774444:C:T","PROK2",NA,NA,NA,"chr3:71774444","C:T","1","Public",2,"AM062_X1_gDNA_tumour, AM062_gDNA_tumour"
"273","PD70969c_hum","AM062_X1_gDNA_tumour","PROSER1:chr13:39013465:G:A","PROSER1",NA,NA,NA,"chr13:39013465","G:A","1","Public",2,"AM062_X1_gDNA_tumour, AM062_gDNA_tumour"
"274","PD70969c_hum","AM062_X1_gDNA_tumour","PROX2:chr14:74862934:C:T","PROX2",NA,NA,NA,"chr14:74862934","C:T","1","Public",2,"AM062_X1_gDNA_tumour, AM062_gDNA_tumour"
"275","PD70969c_hum","AM062_X1_gDNA_tumour","PRRT4:chr7:128351247:CC:TT","PRRT4",NA,NA,NA,"chr7:128351247","CC:TT","1","Public",2,"AM062_X1_gDNA_tumour, AM062_gDNA_tumour"
"276","PD70969c_hum","AM062_X1_gDNA_tumour","PSMB2:chr1:35609283:G:A","PSMB2",NA,NA,NA,"chr1:35609283","G:A","1","Public",2,"AM062_X1_gDNA_tumour, AM062_gDNA_tumour"
"277","PD70969c_hum","AM062_X1_gDNA_tumour","PTER:chr10:16484508:C:T","PTER",NA,NA,NA,"chr10:16484508","C:T","1","Public",2,"AM062_X1_gDNA_tumour, AM062_gDNA_tumour"
"278","PD70969c_hum","AM062_X1_gDNA_tumour","PTPRN:chr2:219303809:G:A","PTPRN",NA,NA,NA,"chr2:219303809","G:A","1","Public",2,"AM062_X1_gDNA_tumour, AM062_gDNA_tumour"
"279","PD70969c_hum","AM062_X1_gDNA_tumour","PTPRT:chr20:42110466:C:T","PTPRT","TSG","HNSCC, colorectal cancer, gastric cancer, lung cancer, melanoma","","chr20:42110466","C:T","1","Public",2,"AM062_X1_gDNA_tumour, AM062_gDNA_tumour"
"280","PD70969c_hum","AM062_X1_gDNA_tumour","PWWP3B:chrX:106207512:G:A","PWWP3B",NA,NA,NA,"chrX:106207512","G:A","1","Public",2,"AM062_X1_gDNA_tumour, AM062_gDNA_tumour"
"281","PD70969c_hum","AM062_X1_gDNA_tumour","PXDN:chr2:1639326:T:A","PXDN",NA,NA,NA,"chr2:1639326","T:A","1","Public",2,"AM062_X1_gDNA_tumour, AM062_gDNA_tumour"
"282","PD70969c_hum","AM062_X1_gDNA_tumour","RASGRF2:chr5:81094910:C:T","RASGRF2",NA,NA,NA,"chr5:81094910","C:T","1","Public",2,"AM062_X1_gDNA_tumour, AM062_gDNA_tumour"
"283","PD70969c_hum","AM062_X1_gDNA_tumour","RBM28:chr7:128339777:G:A","RBM28",NA,NA,NA,"chr7:128339777","G:A","1","Public",2,"AM062_X1_gDNA_tumour, AM062_gDNA_tumour"
"284","PD70969c_hum","AM062_X1_gDNA_tumour","RBM46:chr4:154827976:C:T","RBM46",NA,NA,NA,"chr4:154827976","C:T","1","Public",2,"AM062_X1_gDNA_tumour, AM062_gDNA_tumour"
"285","PD70969c_hum","AM062_X1_gDNA_tumour","RCOR1:chr14:102722200:T:G","RCOR1",NA,NA,NA,"chr14:102722200","T:G","1","Public",2,"AM062_X1_gDNA_tumour, AM062_gDNA_tumour"
"286","PD70969c_hum","AM062_X1_gDNA_tumour","RELN:chr7:103698005:C:T","RELN",NA,NA,NA,"chr7:103698005","C:T","1","Public",2,"AM062_X1_gDNA_tumour, AM062_gDNA_tumour"
"287","PD70969c_hum","AM062_X1_gDNA_tumour","REV3L:chr6:111375513:G:A","REV3L",NA,NA,NA,"chr6:111375513","G:A","1","Public",2,"AM062_X1_gDNA_tumour, AM062_gDNA_tumour"
"288","PD70969c_hum","AM062_X1_gDNA_tumour","RFX6:chr6:116925560:G:A","RFX6",NA,NA,NA,"chr6:116925560","G:A","1","Public",2,"AM062_X1_gDNA_tumour, AM062_gDNA_tumour"
"289","PD70969c_hum","AM062_X1_gDNA_tumour","RFX6:chr6:116928814:G:A","RFX6",NA,NA,NA,"chr6:116928814","G:A","1","Public",2,"AM062_X1_gDNA_tumour, AM062_gDNA_tumour"
"290","PD70969c_hum","AM062_X1_gDNA_tumour","RHOBTB2:chr8:23006795:C:T","RHOBTB2",NA,NA,NA,"chr8:23006795","C:T","1","Public",2,"AM062_X1_gDNA_tumour, AM062_gDNA_tumour"
"291","PD70969c_hum","AM062_X1_gDNA_tumour","RLN3:chr19:14028290:C:T","RLN3",NA,NA,NA,"chr19:14028290","C:T","1","Public",2,"AM062_X1_gDNA_tumour, AM062_gDNA_tumour"
"292","PD70969c_hum","AM062_X1_gDNA_tumour","RNF165:chr18:46455986:G:A","RNF165",NA,NA,NA,"chr18:46455986","G:A","1","Public",2,"AM062_X1_gDNA_tumour, AM062_gDNA_tumour"
"293","PD70969c_hum","AM062_X1_gDNA_tumour","RNF180:chr5:64330280:G:A","RNF180",NA,NA,NA,"chr5:64330280","G:A","1","Public",2,"AM062_X1_gDNA_tumour, AM062_gDNA_tumour"
"294","PD70969c_hum","AM062_X1_gDNA_tumour","RNF31:chr14:24149465:T:A","RNF31",NA,NA,NA,"chr14:24149465","T:A","1","Public",2,"AM062_X1_gDNA_tumour, AM062_gDNA_tumour"
"295","PD70969c_hum","AM062_X1_gDNA_tumour","SAMD12:chr8:118379531:C:T","SAMD12",NA,NA,NA,"chr8:118379531","C:T","1","Public",2,"AM062_X1_gDNA_tumour, AM062_gDNA_tumour"
"296","PD70969c_hum","AM062_X1_gDNA_tumour","SAMD7:chr3:169926596:G:A","SAMD7",NA,NA,NA,"chr3:169926596","G:A","1","Public",2,"AM062_X1_gDNA_tumour, AM062_gDNA_tumour"
"297","PD70969c_hum","AM062_X1_gDNA_tumour","SATB1:chr3:18351398:G:A","SATB1",NA,NA,NA,"chr3:18351398","G:A","1","Public",2,"AM062_X1_gDNA_tumour, AM062_gDNA_tumour"
"298","PD70969c_hum","AM062_X1_gDNA_tumour","SCMH1:chr1:41113338:G:A","SCMH1",NA,NA,NA,"chr1:41113338","G:A","1","Public",2,"AM062_X1_gDNA_tumour, AM062_gDNA_tumour"
"299","PD70969c_hum","AM062_X1_gDNA_tumour","SEMA6B:chr19:4558380:G:A","SEMA6B",NA,NA,NA,"chr19:4558380","G:A","1","Public",2,"AM062_X1_gDNA_tumour, AM062_gDNA_tumour"
"300","PD70969c_hum","AM062_X1_gDNA_tumour","SERINC2:chr1:31426737:GG:AA","SERINC2",NA,NA,NA,"chr1:31426737","GG:AA","1","Public",2,"AM062_X1_gDNA_tumour, AM062_gDNA_tumour"
"301","PD70969c_hum","AM062_X1_gDNA_tumour","SFT2D1:chr6:166330193:A:C","SFT2D1",NA,NA,NA,"chr6:166330193","A:C","1","Public",2,"AM062_X1_gDNA_tumour, AM062_gDNA_tumour"
"302","PD70969c_hum","AM062_X1_gDNA_tumour","SGF29:chr16:28589141:C:T","SGF29",NA,NA,NA,"chr16:28589141","C:T","1","Public",2,"AM062_X1_gDNA_tumour, AM062_gDNA_tumour"
"303","PD70969c_hum","AM062_X1_gDNA_tumour","SH2D3C:chr9:127739740:G:A","SH2D3C",NA,NA,NA,"chr9:127739740","G:A","1","Public",2,"AM062_X1_gDNA_tumour, AM062_gDNA_tumour"
"304","PD70969c_hum","AM062_X1_gDNA_tumour","SHANK2:chr11:70486865:G:A","SHANK2",NA,NA,NA,"chr11:70486865","G:A","1","Public",2,"AM062_X1_gDNA_tumour, AM062_gDNA_tumour"
"305","PD70969c_hum","AM062_X1_gDNA_tumour","SIGLEC12:chr19:51496927:C:T","SIGLEC12",NA,NA,NA,"chr19:51496927","C:T","1","Public",2,"AM062_X1_gDNA_tumour, AM062_gDNA_tumour"
"306","PD70969c_hum","AM062_X1_gDNA_tumour","SIGLEC9:chr19:51136145:C:T","SIGLEC9",NA,NA,NA,"chr19:51136145","C:T","1","Public",2,"AM062_X1_gDNA_tumour, AM062_gDNA_tumour"
"307","PD70969c_hum","AM062_X1_gDNA_tumour","SLC12A1:chr15:48302777:C:T","SLC12A1",NA,NA,NA,"chr15:48302777","C:T","1","Public",2,"AM062_X1_gDNA_tumour, AM062_gDNA_tumour"
"308","PD70969c_hum","AM062_X1_gDNA_tumour","SLC12A2:chr5:128174651:C:T","SLC12A2",NA,NA,NA,"chr5:128174651","C:T","1","Public",2,"AM062_X1_gDNA_tumour, AM062_gDNA_tumour"
"309","PD70969c_hum","AM062_X1_gDNA_tumour","SLC15A5:chr12:16277565:G:A","SLC15A5",NA,NA,NA,"chr12:16277565","G:A","1","Public",2,"AM062_X1_gDNA_tumour, AM062_gDNA_tumour"
"310","PD70969c_hum","AM062_X1_gDNA_tumour","SLC1A1:chr9:4585466:G:A","SLC1A1",NA,NA,NA,"chr9:4585466","G:A","1","Public",2,"AM062_X1_gDNA_tumour, AM062_gDNA_tumour"
"311","PD70969c_hum","AM062_X1_gDNA_tumour","SLC2A11:chr22:23883922:A:T","SLC2A11",NA,NA,NA,"chr22:23883922","A:T","1","Public",2,"AM062_X1_gDNA_tumour, AM062_gDNA_tumour"
"312","PD70969c_hum","AM062_X1_gDNA_tumour","SLC2A14:chr12:7891083:C:T","SLC2A14",NA,NA,NA,"chr12:7891083","C:T","1","Public",2,"AM062_X1_gDNA_tumour, AM062_gDNA_tumour"
"313","PD70969c_hum","AM062_X1_gDNA_tumour","SLC2A2:chr3:171007249:G:A","SLC2A2",NA,NA,NA,"chr3:171007249","G:A","1","Public",2,"AM062_X1_gDNA_tumour, AM062_gDNA_tumour"
"314","PD70969c_hum","AM062_X1_gDNA_tumour","SLC38A3:chr3:50219915:C:T","SLC38A3",NA,NA,NA,"chr3:50219915","C:T","1","Public",2,"AM062_X1_gDNA_tumour, AM062_gDNA_tumour"
"315","PD70969c_hum","AM062_X1_gDNA_tumour","SLC44A5:chr1:75218531:G:A","SLC44A5",NA,NA,NA,"chr1:75218531","G:A","1","Public",2,"AM062_X1_gDNA_tumour, AM062_gDNA_tumour"
"316","PD70969c_hum","AM062_X1_gDNA_tumour","SLCO1B3-SLCO1B7:chr12:20875432:G:A","SLCO1B3-SLCO1B7",NA,NA,NA,"chr12:20875432","G:A","1","Public",2,"AM062_X1_gDNA_tumour, AM062_gDNA_tumour"
"317","PD70969c_hum","AM062_X1_gDNA_tumour","SLCO1B3:chr12:20875432:G:A","SLCO1B3",NA,NA,NA,"chr12:20875432","G:A","1","Public",2,"AM062_X1_gDNA_tumour, AM062_gDNA_tumour"
"318","PD70969c_hum","AM062_X1_gDNA_tumour","SLCO6A1:chr5:102399662:C:T","SLCO6A1",NA,NA,NA,"chr5:102399662","C:T","1","Public",2,"AM062_X1_gDNA_tumour, AM062_gDNA_tumour"
"319","PD70969c_hum","AM062_X1_gDNA_tumour","SLITRK3:chr3:165188424:C:T","SLITRK3",NA,NA,NA,"chr3:165188424","C:T","1","Public",2,"AM062_X1_gDNA_tumour, AM062_gDNA_tumour"
"320","PD70969c_hum","AM062_X1_gDNA_tumour","SLITRK4:chrX:143630069:A:G","SLITRK4",NA,NA,NA,"chrX:143630069","A:G","1","Public",2,"AM062_X1_gDNA_tumour, AM062_gDNA_tumour"
"321","PD70969c_hum","AM062_X1_gDNA_tumour","SNIP1:chr1:37540587:C:T","SNIP1",NA,NA,NA,"chr1:37540587","C:T","1","Public",2,"AM062_X1_gDNA_tumour, AM062_gDNA_tumour"
"322","PD70969c_hum","AM062_X1_gDNA_tumour","SORBS3:chr8:22571166:C:T","SORBS3",NA,NA,NA,"chr8:22571166","C:T","1","Public",2,"AM062_X1_gDNA_tumour, AM062_gDNA_tumour"
"323","PD70969c_hum","AM062_X1_gDNA_tumour","SOWAHA:chr5:132814782:G:A","SOWAHA",NA,NA,NA,"chr5:132814782","G:A","1","Public",2,"AM062_X1_gDNA_tumour, AM062_gDNA_tumour"
"324","PD70969c_hum","AM062_X1_gDNA_tumour","SOX30:chr5:157651291:G:A","SOX30",NA,NA,NA,"chr5:157651291","G:A","1","Public",2,"AM062_X1_gDNA_tumour, AM062_gDNA_tumour"
"325","PD70969c_hum","AM062_X1_gDNA_tumour","SP110:chr2:230169148:G:C","SP110",NA,NA,NA,"chr2:230169148","G:C","1","Public",2,"AM062_X1_gDNA_tumour, AM062_gDNA_tumour"
"326","PD70969c_hum","AM062_X1_gDNA_tumour","SPATA17:chr1:217774493:C:T","SPATA17",NA,NA,NA,"chr1:217774493","C:T","1","Public",2,"AM062_X1_gDNA_tumour, AM062_gDNA_tumour"
"327","PD70969c_hum","AM062_X1_gDNA_tumour","SPATA4:chr4:176192729:C:T","SPATA4",NA,NA,NA,"chr4:176192729","C:T","1","Public",2,"AM062_X1_gDNA_tumour, AM062_gDNA_tumour"
"328","PD70969c_hum","AM062_X1_gDNA_tumour","SRGAP3:chr3:8985793:G:A","SRGAP3","fusion","pilocytic astrocytoma","","chr3:8985793","G:A","1","Public",2,"AM062_X1_gDNA_tumour, AM062_gDNA_tumour"
"329","PD70969c_hum","AM062_X1_gDNA_tumour","SUCLA2:chr13:47954524:G:A","SUCLA2",NA,NA,NA,"chr13:47954524","G:A","1","Public",2,"AM062_X1_gDNA_tumour, AM062_gDNA_tumour"
"330","PD70969c_hum","AM062_X1_gDNA_tumour","SUSD6:chr14:69704687:C:T","SUSD6",NA,NA,NA,"chr14:69704687","C:T","1","Public",2,"AM062_X1_gDNA_tumour, AM062_gDNA_tumour"
"331","PD70969c_hum","AM062_X1_gDNA_tumour","TARM1:chr19:54070152:C:T","TARM1",NA,NA,NA,"chr19:54070152","C:T","1","Public",2,"AM062_X1_gDNA_tumour, AM062_gDNA_tumour"
"332","PD70969c_hum","AM062_X1_gDNA_tumour","TBX15:chr1:118931781:G:A","TBX15",NA,NA,NA,"chr1:118931781","G:A","1","Public",2,"AM062_X1_gDNA_tumour, AM062_gDNA_tumour"
"333","PD70969c_hum","AM062_X1_gDNA_tumour","TECTA:chr11:121118321:G:A","TECTA",NA,NA,NA,"chr11:121118321","G:A","1","Public",2,"AM062_X1_gDNA_tumour, AM062_gDNA_tumour"
"334","PD70969c_hum","AM062_X1_gDNA_tumour","TEKT5:chr16:10635865:G:A","TEKT5",NA,NA,NA,"chr16:10635865","G:A","1","Public",2,"AM062_X1_gDNA_tumour, AM062_gDNA_tumour"
"335","PD70969c_hum","AM062_X1_gDNA_tumour","TENM2:chr5:168203775:C:T","TENM2",NA,NA,NA,"chr5:168203775","C:T","1","Public",2,"AM062_X1_gDNA_tumour, AM062_gDNA_tumour"
"336","PD70969c_hum","AM062_X1_gDNA_tumour","TENM2:chr5:168204376:C:T","TENM2",NA,NA,NA,"chr5:168204376","C:T","1","Public",2,"AM062_X1_gDNA_tumour, AM062_gDNA_tumour"
"337","PD70969c_hum","AM062_X1_gDNA_tumour","THAP4:chr2:241633421:G:A","THAP4",NA,NA,NA,"chr2:241633421","G:A","1","Public",2,"AM062_X1_gDNA_tumour, AM062_gDNA_tumour"
"338","PD70969c_hum","AM062_X1_gDNA_tumour","THNSL2:chr2:88182965:G:A","THNSL2",NA,NA,NA,"chr2:88182965","G:A","1","Public",2,"AM062_X1_gDNA_tumour, AM062_gDNA_tumour"
"339","PD70969c_hum","AM062_X1_gDNA_tumour","THPO:chr3:184372842:C:T","THPO",NA,NA,NA,"chr3:184372842","C:T","1","Public",2,"AM062_X1_gDNA_tumour, AM062_gDNA_tumour"
"340","PD70969c_hum","AM062_X1_gDNA_tumour","TIMM50:chr19:39486477:G:A","TIMM50",NA,NA,NA,"chr19:39486477","G:A","1","Public",2,"AM062_X1_gDNA_tumour, AM062_gDNA_tumour"
"341","PD70969c_hum","AM062_X1_gDNA_tumour","TKT:chr3:53226847:G:A","TKT",NA,NA,NA,"chr3:53226847","G:A","1","Public",2,"AM062_X1_gDNA_tumour, AM062_gDNA_tumour"
"342","PD70969c_hum","AM062_X1_gDNA_tumour","TLCD3B:chr16:30025735:G:A","TLCD3B",NA,NA,NA,"chr16:30025735","G:A","1","Public",2,"AM062_X1_gDNA_tumour, AM062_gDNA_tumour"
"343","PD70969c_hum","AM062_X1_gDNA_tumour","TLE7:chr16:71432130:G:A","TLE7",NA,NA,NA,"chr16:71432130","G:A","1","Public",2,"AM062_X1_gDNA_tumour, AM062_gDNA_tumour"
"344","PD70969c_hum","AM062_X1_gDNA_tumour","TLR3:chr4:186077030:A:T","TLR3",NA,NA,NA,"chr4:186077030","A:T","1","Public",2,"AM062_X1_gDNA_tumour, AM062_gDNA_tumour"
"345","PD70969c_hum","AM062_X1_gDNA_tumour","TM9SF4:chr20:32146804:C:T","TM9SF4",NA,NA,NA,"chr20:32146804","C:T","1","Public",2,"AM062_X1_gDNA_tumour, AM062_gDNA_tumour"
"346","PD70969c_hum","AM062_X1_gDNA_tumour","TMEM132B:chr12:125583897:C:T","TMEM132B",NA,NA,NA,"chr12:125583897","C:T","1","Public",2,"AM062_X1_gDNA_tumour, AM062_gDNA_tumour"
"347","PD70969c_hum","AM062_X1_gDNA_tumour","TMEM154:chr4:152652746:G:T","TMEM154",NA,NA,NA,"chr4:152652746","G:T","1","Public",2,"AM062_X1_gDNA_tumour, AM062_gDNA_tumour"
"348","PD70969c_hum","AM062_X1_gDNA_tumour","TMEM185B:chr2:120222290:G:A","TMEM185B",NA,NA,NA,"chr2:120222290","G:A","1","Public",2,"AM062_X1_gDNA_tumour, AM062_gDNA_tumour"
"349","PD70969c_hum","AM062_X1_gDNA_tumour","TMOD4:chr1:151170622:G:A","TMOD4",NA,NA,NA,"chr1:151170622","G:A","1","Public",2,"AM062_X1_gDNA_tumour, AM062_gDNA_tumour"
"350","PD70969c_hum","AM062_X1_gDNA_tumour","TMPRSS11B:chr4:68228876:G:A","TMPRSS11B",NA,NA,NA,"chr4:68228876","G:A","1","Public",2,"AM062_X1_gDNA_tumour, AM062_gDNA_tumour"
"351","PD70969c_hum","AM062_X1_gDNA_tumour","TMPRSS9:chr19:2408371:G:A","TMPRSS9",NA,NA,NA,"chr19:2408371","G:A","1","Public",2,"AM062_X1_gDNA_tumour, AM062_gDNA_tumour"
"352","PD70969c_hum","AM062_X1_gDNA_tumour","TNNT2:chr1:201365191:G:A","TNNT2",NA,NA,NA,"chr1:201365191","G:A","1","Public",2,"AM062_X1_gDNA_tumour, AM062_gDNA_tumour"
"353","PD70969c_hum","AM062_X1_gDNA_tumour","TNXB:chr6:32064965:C:T","TNXB",NA,NA,NA,"chr6:32064965","C:T","1","Public",2,"AM062_X1_gDNA_tumour, AM062_gDNA_tumour"
"354","PD70969c_hum","AM062_X1_gDNA_tumour","TNXB:chr6:32065115:GG:AA","TNXB",NA,NA,NA,"chr6:32065115","GG:AA","1","Public",2,"AM062_X1_gDNA_tumour, AM062_gDNA_tumour"
"355","PD70969c_hum","AM062_X1_gDNA_tumour","TRPM6:chr9:74738506:C:T","TRPM6",NA,NA,NA,"chr9:74738506","C:T","1","Public",2,"AM062_X1_gDNA_tumour, AM062_gDNA_tumour"
"356","PD70969c_hum","AM062_X1_gDNA_tumour","TSG101:chr11:18481786:A:T","TSG101",NA,NA,NA,"chr11:18481786","A:T","1","Public",2,"AM062_X1_gDNA_tumour, AM062_gDNA_tumour"
"357","PD70969c_hum","AM062_X1_gDNA_tumour","TSKS:chr19:49746675:T:C","TSKS",NA,NA,NA,"chr19:49746675","T:C","1","Public",2,"AM062_X1_gDNA_tumour, AM062_gDNA_tumour"
"358","PD70969c_hum","AM062_X1_gDNA_tumour","TSPAN12:chr7:120788863:C:T","TSPAN12",NA,NA,NA,"chr7:120788863","C:T","1","Public",2,"AM062_X1_gDNA_tumour, AM062_gDNA_tumour"
"359","PD70969c_hum","AM062_X1_gDNA_tumour","TTC22:chr1:54786982:G:A","TTC22",NA,NA,NA,"chr1:54786982","G:A","1","Public",2,"AM062_X1_gDNA_tumour, AM062_gDNA_tumour"
"360","PD70969c_hum","AM062_X1_gDNA_tumour","TTLL4:chr2:218751715:C:T","TTLL4",NA,NA,NA,"chr2:218751715","C:T","1","Public",2,"AM062_X1_gDNA_tumour, AM062_gDNA_tumour"
"361","PD70969c_hum","AM062_X1_gDNA_tumour","TTN:chr2:178562794:T:G","TTN",NA,NA,NA,"chr2:178562794","T:G","1","Public",2,"AM062_X1_gDNA_tumour, AM062_gDNA_tumour"
"362","PD70969c_hum","AM062_X1_gDNA_tumour","TTN:chr2:178702558:C:T","TTN",NA,NA,NA,"chr2:178702558","C:T","1","Public",2,"AM062_X1_gDNA_tumour, AM062_gDNA_tumour"
"363","PD70969c_hum","AM062_X1_gDNA_tumour","TTN:chr2:178721090:G:A","TTN",NA,NA,NA,"chr2:178721090","G:A","1","Public",2,"AM062_X1_gDNA_tumour, AM062_gDNA_tumour"
"364","PD70969c_hum","AM062_X1_gDNA_tumour","TTN:chr2:178722019:C:T","TTN",NA,NA,NA,"chr2:178722019","C:T","1","Public",2,"AM062_X1_gDNA_tumour, AM062_gDNA_tumour"
"365","PD70969c_hum","AM062_X1_gDNA_tumour","TTN:chr2:178730935:A:G","TTN",NA,NA,NA,"chr2:178730935","A:G","1","Public",2,"AM062_X1_gDNA_tumour, AM062_gDNA_tumour"
"366","PD70969c_hum","AM062_X1_gDNA_tumour","USH2A:chr1:215674997:A:C","USH2A",NA,NA,NA,"chr1:215674997","A:C","1","Public",2,"AM062_X1_gDNA_tumour, AM062_gDNA_tumour"
"367","PD70969c_hum","AM062_X1_gDNA_tumour","USP41:chr22:20375543:T:A","USP41",NA,NA,NA,"chr22:20375543","T:A","1","Public",2,"AM062_X1_gDNA_tumour, AM062_gDNA_tumour"
"368","PD70969c_hum","AM062_X1_gDNA_tumour","VCAN:chr5:83539772:G:A","VCAN",NA,NA,NA,"chr5:83539772","G:A","1","Public",2,"AM062_X1_gDNA_tumour, AM062_gDNA_tumour"
"369","PD70969c_hum","AM062_X1_gDNA_tumour","VIPR1:chr3:42531808:G:A","VIPR1",NA,NA,NA,"chr3:42531808","G:A","1","Public",2,"AM062_X1_gDNA_tumour, AM062_gDNA_tumour"
"370","PD70969c_hum","AM062_X1_gDNA_tumour","VPS13D:chr1:12355921:C:T","VPS13D",NA,NA,NA,"chr1:12355921","C:T","1","Public",2,"AM062_X1_gDNA_tumour, AM062_gDNA_tumour"
"371","PD70969c_hum","AM062_X1_gDNA_tumour","VPS8:chr3:184898589:C:T","VPS8",NA,NA,NA,"chr3:184898589","C:T","1","Public",2,"AM062_X1_gDNA_tumour, AM062_gDNA_tumour"
"372","PD70969c_hum","AM062_X1_gDNA_tumour","WRAP73:chr1:3631529:C:T","WRAP73",NA,NA,NA,"chr1:3631529","C:T","1","Public",2,"AM062_X1_gDNA_tumour, AM062_gDNA_tumour"
"373","PD70969c_hum","AM062_X1_gDNA_tumour","XIRP1:chr3:39184023:G:A","XIRP1",NA,NA,NA,"chr3:39184023","G:A","1","Public",2,"AM062_X1_gDNA_tumour, AM062_gDNA_tumour"
"374","PD70969c_hum","AM062_X1_gDNA_tumour","ZDBF2:chr2:206308747:G:A","ZDBF2",NA,NA,NA,"chr2:206308747","G:A","1","Public",2,"AM062_X1_gDNA_tumour, AM062_gDNA_tumour"
"375","PD70969c_hum","AM062_X1_gDNA_tumour","ZDHHC11:chr5:843684:G:A","ZDHHC11",NA,NA,NA,"chr5:843684","G:A","1","Public",2,"AM062_X1_gDNA_tumour, AM062_gDNA_tumour"
"376","PD70969c_hum","AM062_X1_gDNA_tumour","ZMYND8:chr20:47298761:G:A","ZMYND8",NA,NA,NA,"chr20:47298761","G:A","1","Public",2,"AM062_X1_gDNA_tumour, AM062_gDNA_tumour"
"377","PD70969c_hum","AM062_X1_gDNA_tumour","ZNF100:chr19:21727617:G:A","ZNF100",NA,NA,NA,"chr19:21727617","G:A","1","Public",2,"AM062_X1_gDNA_tumour, AM062_gDNA_tumour"
"378","PD70969c_hum","AM062_X1_gDNA_tumour","ZNF234:chr19:44156484:C:T","ZNF234",NA,NA,NA,"chr19:44156484","C:T","1","Public",2,"AM062_X1_gDNA_tumour, AM062_gDNA_tumour"
"379","PD70969c_hum","AM062_X1_gDNA_tumour","ZNF318:chr6:43337831:G:A","ZNF318",NA,NA,NA,"chr6:43337831","G:A","1","Public",2,"AM062_X1_gDNA_tumour, AM062_gDNA_tumour"
"380","PD70969c_hum","AM062_X1_gDNA_tumour","ZNF318:chr6:43354935:G:A","ZNF318",NA,NA,NA,"chr6:43354935","G:A","1","Public",2,"AM062_X1_gDNA_tumour, AM062_gDNA_tumour"
"381","PD70969c_hum","AM062_X1_gDNA_tumour","ZNF423:chr16:49636315:C:T","ZNF423",NA,NA,NA,"chr16:49636315","C:T","1","Public",2,"AM062_X1_gDNA_tumour, AM062_gDNA_tumour"
"382","PD70969c_hum","AM062_X1_gDNA_tumour","ZNF438:chr10:30849193:G:A","ZNF438",NA,NA,NA,"chr10:30849193","G:A","1","Public",2,"AM062_X1_gDNA_tumour, AM062_gDNA_tumour"
"383","PD70969c_hum","AM062_X1_gDNA_tumour","ZNF462:chr9:106926168:C:T","ZNF462",NA,NA,NA,"chr9:106926168","C:T","1","Public",2,"AM062_X1_gDNA_tumour, AM062_gDNA_tumour"
"384","PD70969c_hum","AM062_X1_gDNA_tumour","ZNF469:chr16:88439131:G:A","ZNF469",NA,NA,NA,"chr16:88439131","G:A","1","Public",2,"AM062_X1_gDNA_tumour, AM062_gDNA_tumour"
"385","PD70969c_hum","AM062_X1_gDNA_tumour","ZNF485:chr10:43617316:C:T","ZNF485",NA,NA,NA,"chr10:43617316","C:T","1","Public",2,"AM062_X1_gDNA_tumour, AM062_gDNA_tumour"
"386","PD70969c_hum","AM062_X1_gDNA_tumour","ZNF536:chr19:30445378:G:A","ZNF536",NA,NA,NA,"chr19:30445378","G:A","1","Public",2,"AM062_X1_gDNA_tumour, AM062_gDNA_tumour"
"387","PD70969c_hum","AM062_X1_gDNA_tumour","ZNF598:chr16:2000438:G:A","ZNF598",NA,NA,NA,"chr16:2000438","G:A","1","Public",2,"AM062_X1_gDNA_tumour, AM062_gDNA_tumour"
"388","PD70969c_hum","AM062_X1_gDNA_tumour","ZNF623:chr8:143650242:C:T","ZNF623",NA,NA,NA,"chr8:143650242","C:T","1","Public",2,"AM062_X1_gDNA_tumour, AM062_gDNA_tumour"
"389","PD70969c_hum","AM062_X1_gDNA_tumour","ZNF761:chr19:53456436:C:T","ZNF761",NA,NA,NA,"chr19:53456436","C:T","1","Public",2,"AM062_X1_gDNA_tumour, AM062_gDNA_tumour"
"390","PD70969c_hum","AM062_X1_gDNA_tumour","ZNF879:chr5:179027487:C:T","ZNF879",NA,NA,NA,"chr5:179027487","C:T","1","Public",2,"AM062_X1_gDNA_tumour, AM062_gDNA_tumour"
"391","PD70969c_hum","AM062_X1_gDNA_tumour","ANGPTL5:chr11:101907886:T:A","ANGPTL5",NA,NA,NA,"chr11:101907886","T:A","1","Private",1,"AM062_X1_gDNA_tumour"
"392","PD70969c_hum","AM062_X1_gDNA_tumour","APOBR:chr16:28497391:G:A","APOBR",NA,NA,NA,"chr16:28497391","G:A","1","Private",1,"AM062_X1_gDNA_tumour"
"393","PD70969c_hum","AM062_X1_gDNA_tumour","ATAD3C:chr1:1456287:G:A","ATAD3C",NA,NA,NA,"chr1:1456287","G:A","1","Private",1,"AM062_X1_gDNA_tumour"
"394","PD70969c_hum","AM062_X1_gDNA_tumour","ATF7IP2:chr16:10433640:C:T","ATF7IP2",NA,NA,NA,"chr16:10433640","C:T","1","Private",1,"AM062_X1_gDNA_tumour"
"395","PD70969c_hum","AM062_X1_gDNA_tumour","ATXN1L:chr16:71851157:G:A","ATXN1L",NA,NA,NA,"chr16:71851157","G:A","1","Private",1,"AM062_X1_gDNA_tumour"
"396","PD70969c_hum","AM062_X1_gDNA_tumour","C8A:chr1:56881601:G:A","C8A",NA,NA,NA,"chr1:56881601","G:A","1","Private",1,"AM062_X1_gDNA_tumour"
"397","PD70969c_hum","AM062_X1_gDNA_tumour","CDH20:chr18:61507545:C:T","CDH20",NA,NA,NA,"chr18:61507545","C:T","1","Private",1,"AM062_X1_gDNA_tumour"
"398","PD70969c_hum","AM062_X1_gDNA_tumour","DLG2:chr11:84099031:C:T","DLG2",NA,NA,NA,"chr11:84099031","C:T","1","Private",1,"AM062_X1_gDNA_tumour"
"399","PD70969c_hum","AM062_X1_gDNA_tumour","DPP6:chr7:154540537:G:A","DPP6",NA,NA,NA,"chr7:154540537","G:A","1","Private",1,"AM062_X1_gDNA_tumour"
"400","PD70969c_hum","AM062_X1_gDNA_tumour","FBXO2:chr1:11650741:T:G","FBXO2",NA,NA,NA,"chr1:11650741","T:G","1","Private",1,"AM062_X1_gDNA_tumour"
"401","PD70969c_hum","AM062_X1_gDNA_tumour","FSTL5:chr4:162033651:T:C","FSTL5",NA,NA,NA,"chr4:162033651","T:C","1","Private",1,"AM062_X1_gDNA_tumour"
"402","PD70969c_hum","AM062_X1_gDNA_tumour","ITGAD:chr16:31410735:G:A","ITGAD",NA,NA,NA,"chr16:31410735","G:A","1","Private",1,"AM062_X1_gDNA_tumour"
"403","PD70969c_hum","AM062_X1_gDNA_tumour","KIAA1549:chr7:138871249:G:A","KIAA1549","fusion","pilocytic astrocytoma","","chr7:138871249","G:A","1","Private",1,"AM062_X1_gDNA_tumour"
"404","PD70969c_hum","AM062_X1_gDNA_tumour","LDHAL6A:chr11:18478855:G:A","LDHAL6A",NA,NA,NA,"chr11:18478855","G:A","1","Private",1,"AM062_X1_gDNA_tumour"
"405","PD70969c_hum","AM062_X1_gDNA_tumour","NCOR2:chr12:124336846:G:A","NCOR2","TSG","prostate","","chr12:124336846","G:A","1","Private",1,"AM062_X1_gDNA_tumour"
"406","PD70969c_hum","AM062_X1_gDNA_tumour","NKX2-1:chr14:36520064:G:-","NKX2-1","oncogene, TSG","NSCLC","","chr14:36520064","G:-","1","Private",1,"AM062_X1_gDNA_tumour"
"407","PD70969c_hum","AM062_X1_gDNA_tumour","PLK5:chr19:1535111:G:A","PLK5",NA,NA,NA,"chr19:1535111","G:A","1","Private",1,"AM062_X1_gDNA_tumour"
"408","PD70969c_hum","AM062_X1_gDNA_tumour","POLR3F:chr20:18483549:C:T","POLR3F",NA,NA,NA,"chr20:18483549","C:T","1","Private",1,"AM062_X1_gDNA_tumour"
"409","PD70969c_hum","AM062_X1_gDNA_tumour","PPP1CC:chr12:110722539:A:G","PPP1CC",NA,NA,NA,"chr12:110722539","A:G","1","Private",1,"AM062_X1_gDNA_tumour"
"410","PD70969c_hum","AM062_X1_gDNA_tumour","PPP1CC:chr12:110722648:G:T","PPP1CC",NA,NA,NA,"chr12:110722648","G:T","1","Private",1,"AM062_X1_gDNA_tumour"
"411","PD70969c_hum","AM062_X1_gDNA_tumour","PRR33:chr11:1889279:G:A","PRR33",NA,NA,NA,"chr11:1889279","G:A","1","Private",1,"AM062_X1_gDNA_tumour"
"412","PD70969c_hum","AM062_X1_gDNA_tumour","SCN10A:chr3:38761373:G:A","SCN10A",NA,NA,NA,"chr3:38761373","G:A","1","Private",1,"AM062_X1_gDNA_tumour"
"413","PD70969c_hum","AM062_X1_gDNA_tumour","SNAP91:chr6:83617007:C:T","SNAP91",NA,NA,NA,"chr6:83617007","C:T","1","Private",1,"AM062_X1_gDNA_tumour"
"414","PD70969c_hum","AM062_X1_gDNA_tumour","TMEM229A:chr7:124032425:C:T","TMEM229A",NA,NA,NA,"chr7:124032425","C:T","1","Private",1,"AM062_X1_gDNA_tumour"
"415","PD70969c_hum","AM062_X1_gDNA_tumour","TRPC3:chr4:121903011:G:A","TRPC3",NA,NA,NA,"chr4:121903011","G:A","1","Private",1,"AM062_X1_gDNA_tumour"
"416","PD70969c_hum","AM062_X1_gDNA_tumour","UBE2N:chr12:93411132:G:T","UBE2N",NA,NA,NA,"chr12:93411132","G:T","1","Private",1,"AM062_X1_gDNA_tumour"
"417","PD70969c_hum","AM062_X1_gDNA_tumour","UBE2N:chr12:93411204:A:G","UBE2N",NA,NA,NA,"chr12:93411204","A:G","1","Private",1,"AM062_X1_gDNA_tumour"
"418","PD70969c_hum","AM062_X1_gDNA_tumour","UBE2N:chr12:93411255:G:T","UBE2N",NA,NA,NA,"chr12:93411255","G:T","1","Private",1,"AM062_X1_gDNA_tumour"
"419","PD70969c_hum","AM062_X1_gDNA_tumour","UBE2N:chr12:93411261:G:A","UBE2N",NA,NA,NA,"chr12:93411261","G:A","1","Private",1,"AM062_X1_gDNA_tumour"
"420","PD70969c_hum","AM062_X1_gDNA_tumour","VWF:chr12:6016827:G:A","VWF",NA,NA,NA,"chr12:6016827","G:A","1","Private",1,"AM062_X1_gDNA_tumour"
"421","PD70969c_hum","AM062_X1_gDNA_tumour","YTHDF2:chr1:28743755:T:C","YTHDF2",NA,NA,NA,"chr1:28743755","T:C","1","Private",1,"AM062_X1_gDNA_tumour"
"422","PD70969c_hum","AM062_X1_gDNA_tumour","YTHDF2:chr1:28743764:G:A","YTHDF2",NA,NA,NA,"chr1:28743764","G:A","1","Private",1,"AM062_X1_gDNA_tumour"
"423","PD70969c_hum","AM062_X1_gDNA_tumour","YTHDF2:chr1:28743812:C:T","YTHDF2",NA,NA,NA,"chr1:28743812","C:T","1","Private",1,"AM062_X1_gDNA_tumour"
"424","PD70969c_hum","AM062_X1_gDNA_tumour","ZNF628:chr19:55483123:C:T","ZNF628",NA,NA,NA,"chr19:55483123","C:T","1","Private",1,"AM062_X1_gDNA_tumour"
"434","PD70969a","AM062_gDNA_tumour","AASDHPPT:chr11:106096820:C:T","AASDHPPT",NA,NA,NA,"chr11:106096820","C:T","1","Public",2,"AM062_X1_gDNA_tumour, AM062_gDNA_tumour"
"435","PD70969a","AM062_gDNA_tumour","ABCA6:chr17:69085714:C:T","ABCA6",NA,NA,NA,"chr17:69085714","C:T","1","Public",2,"AM062_X1_gDNA_tumour, AM062_gDNA_tumour"
"436","PD70969a","AM062_gDNA_tumour","ABCB1:chr7:87515266:GG:AA","ABCB1",NA,NA,NA,"chr7:87515266","GG:AA","1","Public",2,"AM062_X1_gDNA_tumour, AM062_gDNA_tumour"
"437","PD70969a","AM062_gDNA_tumour","ABCB1:chr7:87550022:T:G","ABCB1",NA,NA,NA,"chr7:87550022","T:G","1","Public",2,"AM062_X1_gDNA_tumour, AM062_gDNA_tumour"
"438","PD70969a","AM062_gDNA_tumour","AC008676.3:chr5:157343286:G:T","AC008676.3",NA,NA,NA,"chr5:157343286","G:T","1","Public",2,"AM062_X1_gDNA_tumour, AM062_gDNA_tumour"
"439","PD70969a","AM062_gDNA_tumour","AC117457.1:chr3:178828219:C:T","AC117457.1",NA,NA,NA,"chr3:178828219","C:T","1","Public",2,"AM062_X1_gDNA_tumour, AM062_gDNA_tumour"
"440","PD70969a","AM062_gDNA_tumour","ACSL6:chr5:131994213:C:T","ACSL6","fusion","AML, AEL","","chr5:131994213","C:T","1","Public",2,"AM062_X1_gDNA_tumour, AM062_gDNA_tumour"
"441","PD70969a","AM062_gDNA_tumour","ACTL9:chr19:8698191:G:A","ACTL9",NA,NA,NA,"chr19:8698191","G:A","1","Public",2,"AM062_X1_gDNA_tumour, AM062_gDNA_tumour"
"442","PD70969a","AM062_gDNA_tumour","ACTN2:chr1:236751637:G:A","ACTN2",NA,NA,NA,"chr1:236751637","G:A","1","Public",2,"AM062_X1_gDNA_tumour, AM062_gDNA_tumour"
"443","PD70969a","AM062_gDNA_tumour","ADAM18:chr8:39723769:G:A","ADAM18",NA,NA,NA,"chr8:39723769","G:A","1","Public",2,"AM062_X1_gDNA_tumour, AM062_gDNA_tumour"
"444","PD70969a","AM062_gDNA_tumour","ADAMDEC1:chr8:24384556:C:T","ADAMDEC1",NA,NA,NA,"chr8:24384556","C:T","1","Public",2,"AM062_X1_gDNA_tumour, AM062_gDNA_tumour"
"445","PD70969a","AM062_gDNA_tumour","ADARB2:chr10:1233721:G:A","ADARB2",NA,NA,NA,"chr10:1233721","G:A","1","Public",2,"AM062_X1_gDNA_tumour, AM062_gDNA_tumour"
"446","PD70969a","AM062_gDNA_tumour","ADGRL2:chr1:81943686:C:G","ADGRL2",NA,NA,NA,"chr1:81943686","C:G","1","Public",2,"AM062_X1_gDNA_tumour, AM062_gDNA_tumour"
"447","PD70969a","AM062_gDNA_tumour","AFAP1:chr4:7772850:G:A","AFAP1",NA,NA,NA,"chr4:7772850","G:A","1","Public",2,"AM062_X1_gDNA_tumour, AM062_gDNA_tumour"
"448","PD70969a","AM062_gDNA_tumour","AGMAT:chr1:15584849:G:A","AGMAT",NA,NA,NA,"chr1:15584849","G:A","1","Public",2,"AM062_X1_gDNA_tumour, AM062_gDNA_tumour"
"449","PD70969a","AM062_gDNA_tumour","AKR1B1:chr7:134448411:G:A","AKR1B1",NA,NA,NA,"chr7:134448411","G:A","1","Public",2,"AM062_X1_gDNA_tumour, AM062_gDNA_tumour"
"450","PD70969a","AM062_gDNA_tumour","ANKFN1:chr17:56499054:CC:TT","ANKFN1",NA,NA,NA,"chr17:56499054","CC:TT","1","Public",2,"AM062_X1_gDNA_tumour, AM062_gDNA_tumour"
"451","PD70969a","AM062_gDNA_tumour","ANKHD1-EIF4EBP3:chr5:140537537:C:T","ANKHD1-EIF4EBP3",NA,NA,NA,"chr5:140537537","C:T","1","Public",2,"AM062_X1_gDNA_tumour, AM062_gDNA_tumour"
"452","PD70969a","AM062_gDNA_tumour","ANKHD1:chr5:140537537:C:T","ANKHD1",NA,NA,NA,"chr5:140537537","C:T","1","Public",2,"AM062_X1_gDNA_tumour, AM062_gDNA_tumour"
"453","PD70969a","AM062_gDNA_tumour","AP002512.3:chr11:56463240:C:T","AP002512.3",NA,NA,NA,"chr11:56463240","C:T","1","Public",2,"AM062_X1_gDNA_tumour, AM062_gDNA_tumour"
"454","PD70969a","AM062_gDNA_tumour","APLP2:chr11:130141987:C:T","APLP2",NA,NA,NA,"chr11:130141987","C:T","1","Public",2,"AM062_X1_gDNA_tumour, AM062_gDNA_tumour"
"455","PD70969a","AM062_gDNA_tumour","ARFGAP1:chr20:63287723:G:A","ARFGAP1",NA,NA,NA,"chr20:63287723","G:A","1","Public",2,"AM062_X1_gDNA_tumour, AM062_gDNA_tumour"
"456","PD70969a","AM062_gDNA_tumour","ARHGAP24:chr4:85923663:G:A","ARHGAP24",NA,NA,NA,"chr4:85923663","G:A","1","Public",2,"AM062_X1_gDNA_tumour, AM062_gDNA_tumour"
"457","PD70969a","AM062_gDNA_tumour","ARID2:chr12:45849701:C:T","ARID2","TSG","hepatocellular carcinoma","","chr12:45849701","C:T","1","Public",2,"AM062_X1_gDNA_tumour, AM062_gDNA_tumour"
"458","PD70969a","AM062_gDNA_tumour","ARL10:chr5:176371792:GG:AA","ARL10",NA,NA,NA,"chr5:176371792","GG:AA","1","Public",2,"AM062_X1_gDNA_tumour, AM062_gDNA_tumour"
"459","PD70969a","AM062_gDNA_tumour","ARMC5:chr16:31466172:C:T","ARMC5",NA,NA,NA,"chr16:31466172","C:T","1","Public",2,"AM062_X1_gDNA_tumour, AM062_gDNA_tumour"
"460","PD70969a","AM062_gDNA_tumour","ATAD2B:chr2:23757534:G:A","ATAD2B",NA,NA,NA,"chr2:23757534","G:A","1","Public",2,"AM062_X1_gDNA_tumour, AM062_gDNA_tumour"
"461","PD70969a","AM062_gDNA_tumour","ATF7IP2:chr16:10481954:G:A","ATF7IP2",NA,NA,NA,"chr16:10481954","G:A","1","Public",2,"AM062_X1_gDNA_tumour, AM062_gDNA_tumour"
"462","PD70969a","AM062_gDNA_tumour","ATP13A5:chr3:193327042:C:T","ATP13A5",NA,NA,NA,"chr3:193327042","C:T","1","Public",2,"AM062_X1_gDNA_tumour, AM062_gDNA_tumour"
"463","PD70969a","AM062_gDNA_tumour","ATP5MC3:chr2:175179211:G:A","ATP5MC3",NA,NA,NA,"chr2:175179211","G:A","1","Public",2,"AM062_X1_gDNA_tumour, AM062_gDNA_tumour"
"464","PD70969a","AM062_gDNA_tumour","ATP6V0A4:chr7:138747561:G:A","ATP6V0A4",NA,NA,NA,"chr7:138747561","G:A","1","Public",2,"AM062_X1_gDNA_tumour, AM062_gDNA_tumour"
"465","PD70969a","AM062_gDNA_tumour","ATP6V1G3:chr1:198523418:G:A","ATP6V1G3",NA,NA,NA,"chr1:198523418","G:A","1","Public",2,"AM062_X1_gDNA_tumour, AM062_gDNA_tumour"
"466","PD70969a","AM062_gDNA_tumour","ATP9B:chr18:79253449:C:T","ATP9B",NA,NA,NA,"chr18:79253449","C:T","1","Public",2,"AM062_X1_gDNA_tumour, AM062_gDNA_tumour"
"467","PD70969a","AM062_gDNA_tumour","ATRN:chr20:3644153:G:A","ATRN",NA,NA,NA,"chr20:3644153","G:A","1","Public",2,"AM062_X1_gDNA_tumour, AM062_gDNA_tumour"
"468","PD70969a","AM062_gDNA_tumour","AWAT2:chrX:70041913:G:A","AWAT2",NA,NA,NA,"chrX:70041913","G:A","1","Public",2,"AM062_X1_gDNA_tumour, AM062_gDNA_tumour"
"469","PD70969a","AM062_gDNA_tumour","BCL11A:chr2:60460785:C:T","BCL11A","oncogene, fusion","B-CLL","","chr2:60460785","C:T","1","Public",2,"AM062_X1_gDNA_tumour, AM062_gDNA_tumour"
"470","PD70969a","AM062_gDNA_tumour","BCR:chr22:23261483:C:T","BCR","fusion","CML, ALL, AML","","chr22:23261483","C:T","1","Public",2,"AM062_X1_gDNA_tumour, AM062_gDNA_tumour"
"471","PD70969a","AM062_gDNA_tumour","BDKRB2:chr14:96241018:C:T","BDKRB2",NA,NA,NA,"chr14:96241018","C:T","1","Public",2,"AM062_X1_gDNA_tumour, AM062_gDNA_tumour"
"472","PD70969a","AM062_gDNA_tumour","BNC1:chr15:83257524:G:A","BNC1",NA,NA,NA,"chr15:83257524","G:A","1","Public",2,"AM062_X1_gDNA_tumour, AM062_gDNA_tumour"
"473","PD70969a","AM062_gDNA_tumour","BOD1L2:chr18:57147741:C:T","BOD1L2",NA,NA,NA,"chr18:57147741","C:T","1","Public",2,"AM062_X1_gDNA_tumour, AM062_gDNA_tumour"
"474","PD70969a","AM062_gDNA_tumour","BRIP1:chr17:61683940:A:C","BRIP1","TSG","","AML, leukaemia, breast","chr17:61683940","A:C","1","Public",2,"AM062_X1_gDNA_tumour, AM062_gDNA_tumour"
"475","PD70969a","AM062_gDNA_tumour","BRPF3:chr6:36210417:C:T","BRPF3",NA,NA,NA,"chr6:36210417","C:T","1","Public",2,"AM062_X1_gDNA_tumour, AM062_gDNA_tumour"
"476","PD70969a","AM062_gDNA_tumour","BSN:chr3:49663571:C:T","BSN",NA,NA,NA,"chr3:49663571","C:T","1","Public",2,"AM062_X1_gDNA_tumour, AM062_gDNA_tumour"
"477","PD70969a","AM062_gDNA_tumour","BSPRY:chr9:113370021:A:C","BSPRY",NA,NA,NA,"chr9:113370021","A:C","1","Public",2,"AM062_X1_gDNA_tumour, AM062_gDNA_tumour"
"478","PD70969a","AM062_gDNA_tumour","BTBD11:chr12:107619996:G:A","BTBD11",NA,NA,NA,"chr12:107619996","G:A","1","Public",2,"AM062_X1_gDNA_tumour, AM062_gDNA_tumour"
"479","PD70969a","AM062_gDNA_tumour","BTNL2:chr6:32403018:C:T","BTNL2",NA,NA,NA,"chr6:32403018","C:T","1","Public",2,"AM062_X1_gDNA_tumour, AM062_gDNA_tumour"
"480","PD70969a","AM062_gDNA_tumour","C12orf50:chr12:87989333:C:T","C12orf50",NA,NA,NA,"chr12:87989333","C:T","1","Public",2,"AM062_X1_gDNA_tumour, AM062_gDNA_tumour"
"481","PD70969a","AM062_gDNA_tumour","C4orf54:chr4:99650127:G:A","C4orf54",NA,NA,NA,"chr4:99650127","G:A","1","Public",2,"AM062_X1_gDNA_tumour, AM062_gDNA_tumour"
"482","PD70969a","AM062_gDNA_tumour","C7:chr5:40928605:G:A","C7",NA,NA,NA,"chr5:40928605","G:A","1","Public",2,"AM062_X1_gDNA_tumour, AM062_gDNA_tumour"
"483","PD70969a","AM062_gDNA_tumour","CACNA1F:chrX:49209306:C:A","CACNA1F",NA,NA,NA,"chrX:49209306","C:A","1","Public",2,"AM062_X1_gDNA_tumour, AM062_gDNA_tumour"
"484","PD70969a","AM062_gDNA_tumour","CACNA1H:chr16:1201685:A:G","CACNA1H",NA,NA,NA,"chr16:1201685","A:G","1","Public",2,"AM062_X1_gDNA_tumour, AM062_gDNA_tumour"
"485","PD70969a","AM062_gDNA_tumour","CADPS2:chr7:122379410:G:A","CADPS2",NA,NA,NA,"chr7:122379410","G:A","1","Public",2,"AM062_X1_gDNA_tumour, AM062_gDNA_tumour"
"486","PD70969a","AM062_gDNA_tumour","CAMKK1:chr17:3885505:C:T","CAMKK1",NA,NA,NA,"chr17:3885505","C:T","1","Public",2,"AM062_X1_gDNA_tumour, AM062_gDNA_tumour"
"487","PD70969a","AM062_gDNA_tumour","CAMKK1:chr17:3885710:C:T","CAMKK1",NA,NA,NA,"chr17:3885710","C:T","1","Public",2,"AM062_X1_gDNA_tumour, AM062_gDNA_tumour"
"488","PD70969a","AM062_gDNA_tumour","CCDC152:chr5:42796867:A:T","CCDC152",NA,NA,NA,"chr5:42796867","A:T","1","Public",2,"AM062_X1_gDNA_tumour, AM062_gDNA_tumour"
"489","PD70969a","AM062_gDNA_tumour","CCNL2:chr1:1390532:A:T","CCNL2",NA,NA,NA,"chr1:1390532","A:T","1","Public",2,"AM062_X1_gDNA_tumour, AM062_gDNA_tumour"
"490","PD70969a","AM062_gDNA_tumour","CD36:chr7:80669988:C:T","CD36",NA,NA,NA,"chr7:80669988","C:T","1","Public",2,"AM062_X1_gDNA_tumour, AM062_gDNA_tumour"
"491","PD70969a","AM062_gDNA_tumour","CDH6:chr5:31322857:A:G","CDH6",NA,NA,NA,"chr5:31322857","A:G","1","Public",2,"AM062_X1_gDNA_tumour, AM062_gDNA_tumour"
"492","PD70969a","AM062_gDNA_tumour","CEP250:chr20:35475563:C:T","CEP250",NA,NA,NA,"chr20:35475563","C:T","1","Public",2,"AM062_X1_gDNA_tumour, AM062_gDNA_tumour"
"493","PD70969a","AM062_gDNA_tumour","CFH:chr1:196726879:G:A","CFH",NA,NA,NA,"chr1:196726879","G:A","1","Public",2,"AM062_X1_gDNA_tumour, AM062_gDNA_tumour"
"494","PD70969a","AM062_gDNA_tumour","CGN:chr1:151519106:G:A","CGN",NA,NA,NA,"chr1:151519106","G:A","1","Public",2,"AM062_X1_gDNA_tumour, AM062_gDNA_tumour"
"495","PD70969a","AM062_gDNA_tumour","CHIA:chr1:111319334:G:A","CHIA",NA,NA,NA,"chr1:111319334","G:A","1","Public",2,"AM062_X1_gDNA_tumour, AM062_gDNA_tumour"
"496","PD70969a","AM062_gDNA_tumour","CIB4:chr2:26583792:G:A","CIB4",NA,NA,NA,"chr2:26583792","G:A","1","Public",2,"AM062_X1_gDNA_tumour, AM062_gDNA_tumour"
"497","PD70969a","AM062_gDNA_tumour","CNGA1:chr4:47937350:A:T","CNGA1",NA,NA,NA,"chr4:47937350","A:T","1","Public",2,"AM062_X1_gDNA_tumour, AM062_gDNA_tumour"
"498","PD70969a","AM062_gDNA_tumour","CNTNAP2:chr7:147044010:A:G","CNTNAP2","TSG","glioma, melanoma","","chr7:147044010","A:G","1","Public",2,"AM062_X1_gDNA_tumour, AM062_gDNA_tumour"
"499","PD70969a","AM062_gDNA_tumour","CR1:chr1:207587501:G:A","CR1",NA,NA,NA,"chr1:207587501","G:A","1","Public",2,"AM062_X1_gDNA_tumour, AM062_gDNA_tumour"
"500","PD70969a","AM062_gDNA_tumour","CSF1R:chr5:150080131:C:T","CSF1R","oncogene","MDS, CML, AML, hemangioblastoma, CCRCC","","chr5:150080131","C:T","1","Public",2,"AM062_X1_gDNA_tumour, AM062_gDNA_tumour"
"501","PD70969a","AM062_gDNA_tumour","CSF2RB:chr22:36937604:G:A","CSF2RB",NA,NA,NA,"chr22:36937604","G:A","1","Public",2,"AM062_X1_gDNA_tumour, AM062_gDNA_tumour"
"502","PD70969a","AM062_gDNA_tumour","CSMD1:chr8:2966666:T:C","CSMD1",NA,NA,NA,"chr8:2966666","T:C","1","Public",2,"AM062_X1_gDNA_tumour, AM062_gDNA_tumour"
"503","PD70969a","AM062_gDNA_tumour","CSMD1:chr8:3223734:G:A","CSMD1",NA,NA,NA,"chr8:3223734","G:A","1","Public",2,"AM062_X1_gDNA_tumour, AM062_gDNA_tumour"
"504","PD70969a","AM062_gDNA_tumour","CTIF:chr18:48859481:C:T","CTIF",NA,NA,NA,"chr18:48859481","C:T","1","Public",2,"AM062_X1_gDNA_tumour, AM062_gDNA_tumour"
"505","PD70969a","AM062_gDNA_tumour","CTNND2:chr5:11022840:C:T","CTNND2","oncogene","prostae adenocarcinoma, GIST","","chr5:11022840","C:T","1","Public",2,"AM062_X1_gDNA_tumour, AM062_gDNA_tumour"
"506","PD70969a","AM062_gDNA_tumour","CTNND2:chr5:11199547:C:T","CTNND2","oncogene","prostae adenocarcinoma, GIST","","chr5:11199547","C:T","1","Public",2,"AM062_X1_gDNA_tumour, AM062_gDNA_tumour"
"507","PD70969a","AM062_gDNA_tumour","CTR9:chr11:10762048:C:T","CTR9",NA,NA,NA,"chr11:10762048","C:T","1","Public",2,"AM062_X1_gDNA_tumour, AM062_gDNA_tumour"
"508","PD70969a","AM062_gDNA_tumour","CXCR2:chr2:218135765:C:T","CXCR2",NA,NA,NA,"chr2:218135765","C:T","1","Public",2,"AM062_X1_gDNA_tumour, AM062_gDNA_tumour"
"509","PD70969a","AM062_gDNA_tumour","CYP3A43:chr7:99847558:G:A","CYP3A43",NA,NA,NA,"chr7:99847558","G:A","1","Public",2,"AM062_X1_gDNA_tumour, AM062_gDNA_tumour"
"510","PD70969a","AM062_gDNA_tumour","CYP4X1:chr1:47039443:C:T","CYP4X1",NA,NA,NA,"chr1:47039443","C:T","1","Public",2,"AM062_X1_gDNA_tumour, AM062_gDNA_tumour"
"511","PD70969a","AM062_gDNA_tumour","DCLK2:chr4:150193204:C:T","DCLK2",NA,NA,NA,"chr4:150193204","C:T","1","Public",2,"AM062_X1_gDNA_tumour, AM062_gDNA_tumour"
"512","PD70969a","AM062_gDNA_tumour","DCST1:chr1:155034546:G:A","DCST1",NA,NA,NA,"chr1:155034546","G:A","1","Public",2,"AM062_X1_gDNA_tumour, AM062_gDNA_tumour"
"513","PD70969a","AM062_gDNA_tumour","DENND3:chr8:141180754:G:A","DENND3",NA,NA,NA,"chr8:141180754","G:A","1","Public",2,"AM062_X1_gDNA_tumour, AM062_gDNA_tumour"
"514","PD70969a","AM062_gDNA_tumour","DLEC1:chr3:38062766:G:A","DLEC1",NA,NA,NA,"chr3:38062766","G:A","1","Public",2,"AM062_X1_gDNA_tumour, AM062_gDNA_tumour"
"515","PD70969a","AM062_gDNA_tumour","DLGAP2:chr8:1548860:C:T","DLGAP2",NA,NA,NA,"chr8:1548860","C:T","1","Public",2,"AM062_X1_gDNA_tumour, AM062_gDNA_tumour"
"516","PD70969a","AM062_gDNA_tumour","DNAH5:chr5:13692130:G:C","DNAH5",NA,NA,NA,"chr5:13692130","G:C","1","Public",2,"AM062_X1_gDNA_tumour, AM062_gDNA_tumour"
"517","PD70969a","AM062_gDNA_tumour","DNAH5:chr5:13864505:C:T","DNAH5",NA,NA,NA,"chr5:13864505","C:T","1","Public",2,"AM062_X1_gDNA_tumour, AM062_gDNA_tumour"
"518","PD70969a","AM062_gDNA_tumour","DNAH5:chr5:13901305:C:T","DNAH5",NA,NA,NA,"chr5:13901305","C:T","1","Public",2,"AM062_X1_gDNA_tumour, AM062_gDNA_tumour"
"519","PD70969a","AM062_gDNA_tumour","DNAH5:chr5:13914583:G:A","DNAH5",NA,NA,NA,"chr5:13914583","G:A","1","Public",2,"AM062_X1_gDNA_tumour, AM062_gDNA_tumour"
"520","PD70969a","AM062_gDNA_tumour","DNAH8:chr6:39030104:G:A","DNAH8",NA,NA,NA,"chr6:39030104","G:A","1","Public",2,"AM062_X1_gDNA_tumour, AM062_gDNA_tumour"
"521","PD70969a","AM062_gDNA_tumour","DNER:chr2:229418184:G:A","DNER",NA,NA,NA,"chr2:229418184","G:A","1","Public",2,"AM062_X1_gDNA_tumour, AM062_gDNA_tumour"
"522","PD70969a","AM062_gDNA_tumour","DPYD:chr1:97573856:C:T","DPYD",NA,NA,NA,"chr1:97573856","C:T","1","Public",2,"AM062_X1_gDNA_tumour, AM062_gDNA_tumour"
"523","PD70969a","AM062_gDNA_tumour","DRC1:chr2:26450679:C:T","DRC1",NA,NA,NA,"chr2:26450679","C:T","1","Public",2,"AM062_X1_gDNA_tumour, AM062_gDNA_tumour"
"524","PD70969a","AM062_gDNA_tumour","DSCAM:chr21:40189129:C:T","DSCAM",NA,NA,NA,"chr21:40189129","C:T","1","Public",2,"AM062_X1_gDNA_tumour, AM062_gDNA_tumour"
"525","PD70969a","AM062_gDNA_tumour","DSCAML1:chr11:117471998:G:A","DSCAML1",NA,NA,NA,"chr11:117471998","G:A","1","Public",2,"AM062_X1_gDNA_tumour, AM062_gDNA_tumour"
"526","PD70969a","AM062_gDNA_tumour","DYNC1I2:chr2:171715380:C:T","DYNC1I2",NA,NA,NA,"chr2:171715380","C:T","1","Public",2,"AM062_X1_gDNA_tumour, AM062_gDNA_tumour"
"527","PD70969a","AM062_gDNA_tumour","E2F1:chr20:33677447:G:A","E2F1",NA,NA,NA,"chr20:33677447","G:A","1","Public",2,"AM062_X1_gDNA_tumour, AM062_gDNA_tumour"
"528","PD70969a","AM062_gDNA_tumour","EDA2R:chrX:66599761:T:A","EDA2R",NA,NA,NA,"chrX:66599761","T:A","1","Public",2,"AM062_X1_gDNA_tumour, AM062_gDNA_tumour"
"529","PD70969a","AM062_gDNA_tumour","EDC4:chr16:67876512:C:T","EDC4",NA,NA,NA,"chr16:67876512","C:T","1","Public",2,"AM062_X1_gDNA_tumour, AM062_gDNA_tumour"
"530","PD70969a","AM062_gDNA_tumour","EDC4:chr16:67879439:C:T","EDC4",NA,NA,NA,"chr16:67879439","C:T","1","Public",2,"AM062_X1_gDNA_tumour, AM062_gDNA_tumour"
"531","PD70969a","AM062_gDNA_tumour","EFCAB5:chr17:30078256:G:A","EFCAB5",NA,NA,NA,"chr17:30078256","G:A","1","Public",2,"AM062_X1_gDNA_tumour, AM062_gDNA_tumour"
"532","PD70969a","AM062_gDNA_tumour","EIF5B:chr2:99390671:T:G","EIF5B",NA,NA,NA,"chr2:99390671","T:G","1","Public",2,"AM062_X1_gDNA_tumour, AM062_gDNA_tumour"
"533","PD70969a","AM062_gDNA_tumour","EMC2:chr8:108450435:C:T","EMC2",NA,NA,NA,"chr8:108450435","C:T","1","Public",2,"AM062_X1_gDNA_tumour, AM062_gDNA_tumour"
"534","PD70969a","AM062_gDNA_tumour","ENTPD1:chr10:95845420:G:A","ENTPD1",NA,NA,NA,"chr10:95845420","G:A","1","Public",2,"AM062_X1_gDNA_tumour, AM062_gDNA_tumour"
"535","PD70969a","AM062_gDNA_tumour","EPHA1:chr7:143397581:C:T","EPHA1",NA,NA,NA,"chr7:143397581","C:T","1","Public",2,"AM062_X1_gDNA_tumour, AM062_gDNA_tumour"
"536","PD70969a","AM062_gDNA_tumour","EPS8L1:chr19:55082603:G:A","EPS8L1",NA,NA,NA,"chr19:55082603","G:A","1","Public",2,"AM062_X1_gDNA_tumour, AM062_gDNA_tumour"
"537","PD70969a","AM062_gDNA_tumour","EXTL3:chr8:28717052:C:T","EXTL3",NA,NA,NA,"chr8:28717052","C:T","1","Public",2,"AM062_X1_gDNA_tumour, AM062_gDNA_tumour"
"538","PD70969a","AM062_gDNA_tumour","F13A1:chr6:6174822:C:T","F13A1",NA,NA,NA,"chr6:6174822","C:T","1","Public",2,"AM062_X1_gDNA_tumour, AM062_gDNA_tumour"
"539","PD70969a","AM062_gDNA_tumour","F8:chrX:154966540:G:A","F8",NA,NA,NA,"chrX:154966540","G:A","1","Public",2,"AM062_X1_gDNA_tumour, AM062_gDNA_tumour"
"540","PD70969a","AM062_gDNA_tumour","FAM160A1:chr4:151646698:A:C","FAM160A1",NA,NA,NA,"chr4:151646698","A:C","1","Public",2,"AM062_X1_gDNA_tumour, AM062_gDNA_tumour"
"541","PD70969a","AM062_gDNA_tumour","FAM83B:chr6:54939875:G:A","FAM83B",NA,NA,NA,"chr6:54939875","G:A","1","Public",2,"AM062_X1_gDNA_tumour, AM062_gDNA_tumour"
"542","PD70969a","AM062_gDNA_tumour","FAM83G:chr17:18978417:G:A","FAM83G",NA,NA,NA,"chr17:18978417","G:A","1","Public",2,"AM062_X1_gDNA_tumour, AM062_gDNA_tumour"
"543","PD70969a","AM062_gDNA_tumour","FGF21:chr19:48756246:G:A","FGF21",NA,NA,NA,"chr19:48756246","G:A","1","Public",2,"AM062_X1_gDNA_tumour, AM062_gDNA_tumour"
"544","PD70969a","AM062_gDNA_tumour","FGG:chr4:154612132:C:T","FGG",NA,NA,NA,"chr4:154612132","C:T","1","Public",2,"AM062_X1_gDNA_tumour, AM062_gDNA_tumour"
"545","PD70969a","AM062_gDNA_tumour","FLNC:chr7:128835387:C:T","FLNC",NA,NA,NA,"chr7:128835387","C:T","1","Public",2,"AM062_X1_gDNA_tumour, AM062_gDNA_tumour"
"546","PD70969a","AM062_gDNA_tumour","FLT3:chr13:28018495:C:T","FLT3","oncogene","AML, ALL","","chr13:28018495","C:T","1","Public",2,"AM062_X1_gDNA_tumour, AM062_gDNA_tumour"
"547","PD70969a","AM062_gDNA_tumour","FNDC9:chr5:157343286:G:T","FNDC9",NA,NA,NA,"chr5:157343286","G:T","1","Public",2,"AM062_X1_gDNA_tumour, AM062_gDNA_tumour"
"548","PD70969a","AM062_gDNA_tumour","FOXA3:chr19:45872917:C:T","FOXA3",NA,NA,NA,"chr19:45872917","C:T","1","Public",2,"AM062_X1_gDNA_tumour, AM062_gDNA_tumour"
"549","PD70969a","AM062_gDNA_tumour","FREM1:chr9:14819276:C:T","FREM1",NA,NA,NA,"chr9:14819276","C:T","1","Public",2,"AM062_X1_gDNA_tumour, AM062_gDNA_tumour"
"550","PD70969a","AM062_gDNA_tumour","FSCN3:chr7:127595645:C:T","FSCN3",NA,NA,NA,"chr7:127595645","C:T","1","Public",2,"AM062_X1_gDNA_tumour, AM062_gDNA_tumour"
"551","PD70969a","AM062_gDNA_tumour","FSD1:chr19:4311993:G:A","FSD1",NA,NA,NA,"chr19:4311993","G:A","1","Public",2,"AM062_X1_gDNA_tumour, AM062_gDNA_tumour"
"552","PD70969a","AM062_gDNA_tumour","FSTL5:chr4:161538192:A:T","FSTL5",NA,NA,NA,"chr4:161538192","A:T","1","Public",2,"AM062_X1_gDNA_tumour, AM062_gDNA_tumour"
"553","PD70969a","AM062_gDNA_tumour","FUT3:chr19:5844465:C:T","FUT3",NA,NA,NA,"chr19:5844465","C:T","1","Public",2,"AM062_X1_gDNA_tumour, AM062_gDNA_tumour"
"554","PD70969a","AM062_gDNA_tumour","FUT9:chr6:96204135:C:T","FUT9",NA,NA,NA,"chr6:96204135","C:T","1","Public",2,"AM062_X1_gDNA_tumour, AM062_gDNA_tumour"
"555","PD70969a","AM062_gDNA_tumour","FYTTD1:chr3:197770150:C:T","FYTTD1",NA,NA,NA,"chr3:197770150","C:T","1","Public",2,"AM062_X1_gDNA_tumour, AM062_gDNA_tumour"
"556","PD70969a","AM062_gDNA_tumour","G6PD:chrX:154533673:G:A","G6PD",NA,NA,NA,"chrX:154533673","G:A","1","Public",2,"AM062_X1_gDNA_tumour, AM062_gDNA_tumour"
"557","PD70969a","AM062_gDNA_tumour","GABRB2:chr5:161411033:C:T","GABRB2",NA,NA,NA,"chr5:161411033","C:T","1","Public",2,"AM062_X1_gDNA_tumour, AM062_gDNA_tumour"
"558","PD70969a","AM062_gDNA_tumour","GALNT17:chr7:71388259:G:A","GALNT17",NA,NA,NA,"chr7:71388259","G:A","1","Public",2,"AM062_X1_gDNA_tumour, AM062_gDNA_tumour"
"559","PD70969a","AM062_gDNA_tumour","GAN:chr16:81365473:T:C","GAN",NA,NA,NA,"chr16:81365473","T:C","1","Public",2,"AM062_X1_gDNA_tumour, AM062_gDNA_tumour"
"560","PD70969a","AM062_gDNA_tumour","GBA3:chr4:22748885:C:A","GBA3",NA,NA,NA,"chr4:22748885","C:A","1","Public",2,"AM062_X1_gDNA_tumour, AM062_gDNA_tumour"
"561","PD70969a","AM062_gDNA_tumour","GJA10:chr6:89895964:G:A","GJA10",NA,NA,NA,"chr6:89895964","G:A","1","Public",2,"AM062_X1_gDNA_tumour, AM062_gDNA_tumour"
"562","PD70969a","AM062_gDNA_tumour","GJB3:chr1:34785204:C:T","GJB3",NA,NA,NA,"chr1:34785204","C:T","1","Public",2,"AM062_X1_gDNA_tumour, AM062_gDNA_tumour"
"563","PD70969a","AM062_gDNA_tumour","GPC6:chr13:93830345:C:T","GPC6",NA,NA,NA,"chr13:93830345","C:T","1","Public",2,"AM062_X1_gDNA_tumour, AM062_gDNA_tumour"
"564","PD70969a","AM062_gDNA_tumour","GPC6:chr13:93830448:GG:AA","GPC6",NA,NA,NA,"chr13:93830448","GG:AA","1","Public",2,"AM062_X1_gDNA_tumour, AM062_gDNA_tumour"
"565","PD70969a","AM062_gDNA_tumour","GPR12:chr13:26759151:C:T","GPR12",NA,NA,NA,"chr13:26759151","C:T","1","Public",2,"AM062_X1_gDNA_tumour, AM062_gDNA_tumour"
"566","PD70969a","AM062_gDNA_tumour","GPRIN3:chr4:89249174:G:A","GPRIN3",NA,NA,NA,"chr4:89249174","G:A","1","Public",2,"AM062_X1_gDNA_tumour, AM062_gDNA_tumour"
"567","PD70969a","AM062_gDNA_tumour","GRAMD1B:chr11:123600481:C:T","GRAMD1B",NA,NA,NA,"chr11:123600481","C:T","1","Public",2,"AM062_X1_gDNA_tumour, AM062_gDNA_tumour"
"568","PD70969a","AM062_gDNA_tumour","GREB1:chr2:11576495:G:A","GREB1",NA,NA,NA,"chr2:11576495","G:A","1","Public",2,"AM062_X1_gDNA_tumour, AM062_gDNA_tumour"
"569","PD70969a","AM062_gDNA_tumour","GREB1:chr2:11588753:G:A","GREB1",NA,NA,NA,"chr2:11588753","G:A","1","Public",2,"AM062_X1_gDNA_tumour, AM062_gDNA_tumour"
"570","PD70969a","AM062_gDNA_tumour","GRIN2B:chr12:13608654:G:A","GRIN2B",NA,NA,NA,"chr12:13608654","G:A","1","Public",2,"AM062_X1_gDNA_tumour, AM062_gDNA_tumour"
"571","PD70969a","AM062_gDNA_tumour","GRM3:chr7:86839684:G:A","GRM3","oncogene","melanoma, oral SCC","","chr7:86839684","G:A","1","Public",2,"AM062_X1_gDNA_tumour, AM062_gDNA_tumour"
"572","PD70969a","AM062_gDNA_tumour","HCN1:chr5:45262772:C:T","HCN1",NA,NA,NA,"chr5:45262772","C:T","1","Public",2,"AM062_X1_gDNA_tumour, AM062_gDNA_tumour"
"573","PD70969a","AM062_gDNA_tumour","HEATR1:chr1:236576902:G:A","HEATR1",NA,NA,NA,"chr1:236576902","G:A","1","Public",2,"AM062_X1_gDNA_tumour, AM062_gDNA_tumour"
"574","PD70969a","AM062_gDNA_tumour","HEATR1:chr1:236581235:G:A","HEATR1",NA,NA,NA,"chr1:236581235","G:A","1","Public",2,"AM062_X1_gDNA_tumour, AM062_gDNA_tumour"
"575","PD70969a","AM062_gDNA_tumour","HEATR6:chr17:60072246:G:A","HEATR6",NA,NA,NA,"chr17:60072246","G:A","1","Public",2,"AM062_X1_gDNA_tumour, AM062_gDNA_tumour"
"576","PD70969a","AM062_gDNA_tumour","HEXD:chr17:82441097:C:T","HEXD",NA,NA,NA,"chr17:82441097","C:T","1","Public",2,"AM062_X1_gDNA_tumour, AM062_gDNA_tumour"
"577","PD70969a","AM062_gDNA_tumour","HHLA1:chr8:132105254:G:A","HHLA1",NA,NA,NA,"chr8:132105254","G:A","1","Public",2,"AM062_X1_gDNA_tumour, AM062_gDNA_tumour"
"578","PD70969a","AM062_gDNA_tumour","HIF3A:chr19:46320485:G:A","HIF3A",NA,NA,NA,"chr19:46320485","G:A","1","Public",2,"AM062_X1_gDNA_tumour, AM062_gDNA_tumour"
"579","PD70969a","AM062_gDNA_tumour","HIVEP3:chr1:41581129:G:A","HIVEP3",NA,NA,NA,"chr1:41581129","G:A","1","Public",2,"AM062_X1_gDNA_tumour, AM062_gDNA_tumour"
"580","PD70969a","AM062_gDNA_tumour","HOXA6:chr7:27145723:C:T","HOXA6",NA,NA,NA,"chr7:27145723","C:T","1","Public",2,"AM062_X1_gDNA_tumour, AM062_gDNA_tumour"
"581","PD70969a","AM062_gDNA_tumour","HSD3B1:chr1:119514098:GG:AA","HSD3B1",NA,NA,NA,"chr1:119514098","GG:AA","1","Public",2,"AM062_X1_gDNA_tumour, AM062_gDNA_tumour"
"582","PD70969a","AM062_gDNA_tumour","IFFO2:chr1:18917023:-:C","IFFO2",NA,NA,NA,"chr1:18917023","-:C","1","Public",2,"AM062_X1_gDNA_tumour, AM062_gDNA_tumour"
"583","PD70969a","AM062_gDNA_tumour","IFNW1:chr9:21141437:C:T","IFNW1",NA,NA,NA,"chr9:21141437","C:T","1","Public",2,"AM062_X1_gDNA_tumour, AM062_gDNA_tumour"
"584","PD70969a","AM062_gDNA_tumour","IGSF22:chr11:18720274:C:T","IGSF22",NA,NA,NA,"chr11:18720274","C:T","1","Public",2,"AM062_X1_gDNA_tumour, AM062_gDNA_tumour"
"585","PD70969a","AM062_gDNA_tumour","IHH:chr2:219055399:G:A","IHH",NA,NA,NA,"chr2:219055399","G:A","1","Public",2,"AM062_X1_gDNA_tumour, AM062_gDNA_tumour"
"586","PD70969a","AM062_gDNA_tumour","IL6ST:chr5:55954926:G:A","IL6ST","oncogene","hepatocellular carcinoma","","chr5:55954926","G:A","1","Public",2,"AM062_X1_gDNA_tumour, AM062_gDNA_tumour"
"587","PD70969a","AM062_gDNA_tumour","ITGA1:chr5:52920377:G:A","ITGA1",NA,NA,NA,"chr5:52920377","G:A","1","Public",2,"AM062_X1_gDNA_tumour, AM062_gDNA_tumour"
"588","PD70969a","AM062_gDNA_tumour","JCAD:chr10:30028624:C:T","JCAD",NA,NA,NA,"chr10:30028624","C:T","1","Public",2,"AM062_X1_gDNA_tumour, AM062_gDNA_tumour"
"589","PD70969a","AM062_gDNA_tumour","JHY:chr11:122934541:G:A","JHY",NA,NA,NA,"chr11:122934541","G:A","1","Public",2,"AM062_X1_gDNA_tumour, AM062_gDNA_tumour"
"590","PD70969a","AM062_gDNA_tumour","KCNB2:chr8:72936772:G:A","KCNB2",NA,NA,NA,"chr8:72936772","G:A","1","Public",2,"AM062_X1_gDNA_tumour, AM062_gDNA_tumour"
"591","PD70969a","AM062_gDNA_tumour","KCNG4:chr16:84222830:G:A","KCNG4",NA,NA,NA,"chr16:84222830","G:A","1","Public",2,"AM062_X1_gDNA_tumour, AM062_gDNA_tumour"
"592","PD70969a","AM062_gDNA_tumour","KCNH1:chr1:210683557:C:T","KCNH1",NA,NA,NA,"chr1:210683557","C:T","1","Public",2,"AM062_X1_gDNA_tumour, AM062_gDNA_tumour"
"593","PD70969a","AM062_gDNA_tumour","KCNK3:chr2:26728014:G:A","KCNK3",NA,NA,NA,"chr2:26728014","G:A","1","Public",2,"AM062_X1_gDNA_tumour, AM062_gDNA_tumour"
"594","PD70969a","AM062_gDNA_tumour","KCNMB2:chr3:178828219:C:T","KCNMB2",NA,NA,NA,"chr3:178828219","C:T","1","Public",2,"AM062_X1_gDNA_tumour, AM062_gDNA_tumour"
"595","PD70969a","AM062_gDNA_tumour","KCNQ5:chr6:73133424:G:A","KCNQ5",NA,NA,NA,"chr6:73133424","G:A","1","Public",2,"AM062_X1_gDNA_tumour, AM062_gDNA_tumour"
"596","PD70969a","AM062_gDNA_tumour","KCTD17:chr22:37056321:G:A","KCTD17",NA,NA,NA,"chr22:37056321","G:A","1","Public",2,"AM062_X1_gDNA_tumour, AM062_gDNA_tumour"
"597","PD70969a","AM062_gDNA_tumour","KDF1:chr1:26952033:C:T","KDF1",NA,NA,NA,"chr1:26952033","C:T","1","Public",2,"AM062_X1_gDNA_tumour, AM062_gDNA_tumour"
"598","PD70969a","AM062_gDNA_tumour","KIF26B:chr1:245367100:C:T","KIF26B",NA,NA,NA,"chr1:245367100","C:T","1","Public",2,"AM062_X1_gDNA_tumour, AM062_gDNA_tumour"
"599","PD70969a","AM062_gDNA_tumour","KMT2B:chr19:35720989:G:A","KMT2B",NA,NA,NA,"chr19:35720989","G:A","1","Public",2,"AM062_X1_gDNA_tumour, AM062_gDNA_tumour"
"600","PD70969a","AM062_gDNA_tumour","KRT78:chr12:52848063:TG:-","KRT78",NA,NA,NA,"chr12:52848063","TG:-","1","Public",2,"AM062_X1_gDNA_tumour, AM062_gDNA_tumour"
"601","PD70969a","AM062_gDNA_tumour","KRTAP12-3:chr21:44658125:CC:TT","KRTAP12-3",NA,NA,NA,"chr21:44658125","CC:TT","1","Public",2,"AM062_X1_gDNA_tumour, AM062_gDNA_tumour"
"602","PD70969a","AM062_gDNA_tumour","LAMP3:chr3:183140589:C:T","LAMP3",NA,NA,NA,"chr3:183140589","C:T","1","Public",2,"AM062_X1_gDNA_tumour, AM062_gDNA_tumour"
"603","PD70969a","AM062_gDNA_tumour","LGSN:chr6:63280528:C:T","LGSN",NA,NA,NA,"chr6:63280528","C:T","1","Public",2,"AM062_X1_gDNA_tumour, AM062_gDNA_tumour"
"604","PD70969a","AM062_gDNA_tumour","LHX1:chr17:36940805:C:T","LHX1",NA,NA,NA,"chr17:36940805","C:T","1","Public",2,"AM062_X1_gDNA_tumour, AM062_gDNA_tumour"
"605","PD70969a","AM062_gDNA_tumour","LHX1:chr17:36942778:G:A","LHX1",NA,NA,NA,"chr17:36942778","G:A","1","Public",2,"AM062_X1_gDNA_tumour, AM062_gDNA_tumour"
"606","PD70969a","AM062_gDNA_tumour","LIFR:chr5:38484860:A:T","LIFR","fusion","salivary adenoma","","chr5:38484860","A:T","1","Public",2,"AM062_X1_gDNA_tumour, AM062_gDNA_tumour"
"607","PD70969a","AM062_gDNA_tumour","LILRB1:chr19:54631953:C:T","LILRB1",NA,NA,NA,"chr19:54631953","C:T","1","Public",2,"AM062_X1_gDNA_tumour, AM062_gDNA_tumour"
"608","PD70969a","AM062_gDNA_tumour","LMX1A:chr1:165205921:G:A","LMX1A",NA,NA,NA,"chr1:165205921","G:A","1","Public",2,"AM062_X1_gDNA_tumour, AM062_gDNA_tumour"
"609","PD70969a","AM062_gDNA_tumour","LOXHD1:chr18:46560413:C:T","LOXHD1",NA,NA,NA,"chr18:46560413","C:T","1","Public",2,"AM062_X1_gDNA_tumour, AM062_gDNA_tumour"
"610","PD70969a","AM062_gDNA_tumour","LOXHD1:chr18:46639765:C:T","LOXHD1",NA,NA,NA,"chr18:46639765","C:T","1","Public",2,"AM062_X1_gDNA_tumour, AM062_gDNA_tumour"
"611","PD70969a","AM062_gDNA_tumour","LRRC18:chr10:48913771:C:T","LRRC18",NA,NA,NA,"chr10:48913771","C:T","1","Public",2,"AM062_X1_gDNA_tumour, AM062_gDNA_tumour"
"612","PD70969a","AM062_gDNA_tumour","LRRC32:chr11:76661131:G:A","LRRC32",NA,NA,NA,"chr11:76661131","G:A","1","Public",2,"AM062_X1_gDNA_tumour, AM062_gDNA_tumour"
"613","PD70969a","AM062_gDNA_tumour","LRRC4:chr7:128029177:G:A","LRRC4",NA,NA,NA,"chr7:128029177","G:A","1","Public",2,"AM062_X1_gDNA_tumour, AM062_gDNA_tumour"
"614","PD70969a","AM062_gDNA_tumour","LRRC4B:chr19:50518820:G:A","LRRC4B",NA,NA,NA,"chr19:50518820","G:A","1","Public",2,"AM062_X1_gDNA_tumour, AM062_gDNA_tumour"
"615","PD70969a","AM062_gDNA_tumour","LRRCC1:chr8:85124899:T:C","LRRCC1",NA,NA,NA,"chr8:85124899","T:C","1","Public",2,"AM062_X1_gDNA_tumour, AM062_gDNA_tumour"
"616","PD70969a","AM062_gDNA_tumour","LRRIQ1:chr12:85040583:G:A","LRRIQ1",NA,NA,NA,"chr12:85040583","G:A","1","Public",2,"AM062_X1_gDNA_tumour, AM062_gDNA_tumour"
"617","PD70969a","AM062_gDNA_tumour","LTF:chr3:46439304:G:A","LTF",NA,NA,NA,"chr3:46439304","G:A","1","Public",2,"AM062_X1_gDNA_tumour, AM062_gDNA_tumour"
"618","PD70969a","AM062_gDNA_tumour","LY75-CD302:chr2:159875488:G:C","LY75-CD302",NA,NA,NA,"chr2:159875488","G:C","1","Public",2,"AM062_X1_gDNA_tumour, AM062_gDNA_tumour"
"619","PD70969a","AM062_gDNA_tumour","LY75:chr2:159875488:G:C","LY75",NA,NA,NA,"chr2:159875488","G:C","1","Public",2,"AM062_X1_gDNA_tumour, AM062_gDNA_tumour"
"620","PD70969a","AM062_gDNA_tumour","LZTFL1:chr3:45828498:G:A","LZTFL1",NA,NA,NA,"chr3:45828498","G:A","1","Public",2,"AM062_X1_gDNA_tumour, AM062_gDNA_tumour"
"621","PD70969a","AM062_gDNA_tumour","LZTR1:chr22:20990497:C:T","LZTR1","TSG","glioblastoma","glioblastoma, schwannoma","chr22:20990497","C:T","1","Public",2,"AM062_X1_gDNA_tumour, AM062_gDNA_tumour"
"622","PD70969a","AM062_gDNA_tumour","MAGEB17:chrX:16170972:C:T","MAGEB17",NA,NA,NA,"chrX:16170972","C:T","1","Public",2,"AM062_X1_gDNA_tumour, AM062_gDNA_tumour"
"623","PD70969a","AM062_gDNA_tumour","MAGEL2:chr15:23644887:G:A","MAGEL2",NA,NA,NA,"chr15:23644887","G:A","1","Public",2,"AM062_X1_gDNA_tumour, AM062_gDNA_tumour"
"624","PD70969a","AM062_gDNA_tumour","MAGEL2:chr15:23645527:G:A","MAGEL2",NA,NA,NA,"chr15:23645527","G:A","1","Public",2,"AM062_X1_gDNA_tumour, AM062_gDNA_tumour"
"625","PD70969a","AM062_gDNA_tumour","MAK:chr6:10773085:C:T","MAK",NA,NA,NA,"chr6:10773085","C:T","1","Public",2,"AM062_X1_gDNA_tumour, AM062_gDNA_tumour"
"626","PD70969a","AM062_gDNA_tumour","MAP3K6:chr1:27357067:G:A","MAP3K6",NA,NA,NA,"chr1:27357067","G:A","1","Public",2,"AM062_X1_gDNA_tumour, AM062_gDNA_tumour"
"627","PD70969a","AM062_gDNA_tumour","MAPK13:chr6:36135780:G:A","MAPK13",NA,NA,NA,"chr6:36135780","G:A","1","Public",2,"AM062_X1_gDNA_tumour, AM062_gDNA_tumour"
"628","PD70969a","AM062_gDNA_tumour","MAPKAPK2:chr1:206729433:C:T","MAPKAPK2",NA,NA,NA,"chr1:206729433","C:T","1","Public",2,"AM062_X1_gDNA_tumour, AM062_gDNA_tumour"
"629","PD70969a","AM062_gDNA_tumour","MAS1L:chr6:29487036:G:A","MAS1L",NA,NA,NA,"chr6:29487036","G:A","1","Public",2,"AM062_X1_gDNA_tumour, AM062_gDNA_tumour"
"630","PD70969a","AM062_gDNA_tumour","MGAM2:chr7:142189484:C:T","MGAM2",NA,NA,NA,"chr7:142189484","C:T","1","Public",2,"AM062_X1_gDNA_tumour, AM062_gDNA_tumour"
"631","PD70969a","AM062_gDNA_tumour","MLKL:chr16:74691341:C:G","MLKL",NA,NA,NA,"chr16:74691341","C:G","1","Public",2,"AM062_X1_gDNA_tumour, AM062_gDNA_tumour"
"632","PD70969a","AM062_gDNA_tumour","MMS22L:chr6:97229388:G:A","MMS22L",NA,NA,NA,"chr6:97229388","G:A","1","Public",2,"AM062_X1_gDNA_tumour, AM062_gDNA_tumour"
"633","PD70969a","AM062_gDNA_tumour","MMUT:chr6:49440349:G:A","MMUT",NA,NA,NA,"chr6:49440349","G:A","1","Public",2,"AM062_X1_gDNA_tumour, AM062_gDNA_tumour"
"634","PD70969a","AM062_gDNA_tumour","MPO:chr17:58273533:C:T","MPO",NA,NA,NA,"chr17:58273533","C:T","1","Public",2,"AM062_X1_gDNA_tumour, AM062_gDNA_tumour"
"635","PD70969a","AM062_gDNA_tumour","MRGPRX3:chr11:18137421:C:T","MRGPRX3",NA,NA,NA,"chr11:18137421","C:T","1","Public",2,"AM062_X1_gDNA_tumour, AM062_gDNA_tumour"
"636","PD70969a","AM062_gDNA_tumour","MTCL1:chr18:8783934:C:T","MTCL1",NA,NA,NA,"chr18:8783934","C:T","1","Public",2,"AM062_X1_gDNA_tumour, AM062_gDNA_tumour"
"637","PD70969a","AM062_gDNA_tumour","MTERF2:chr12:106977880:GA:TC","MTERF2",NA,NA,NA,"chr12:106977880","GA:TC","1","Public",2,"AM062_X1_gDNA_tumour, AM062_gDNA_tumour"
"638","PD70969a","AM062_gDNA_tumour","MUC16:chr19:8959999:C:T","MUC16","oncogene","HNSCC, melanoma","","chr19:8959999","C:T","1","Public",2,"AM062_X1_gDNA_tumour, AM062_gDNA_tumour"
"639","PD70969a","AM062_gDNA_tumour","MUC4:chr3:195778952:G:A","MUC4","oncogene","HNSCC","","chr3:195778952","G:A","1","Public",2,"AM062_X1_gDNA_tumour, AM062_gDNA_tumour"
"640","PD70969a","AM062_gDNA_tumour","MYCN:chr2:15945820:G:A","MYCN","oncogene","neuroblastoma, Wilms tumour","","chr2:15945820","G:A","1","Public",2,"AM062_X1_gDNA_tumour, AM062_gDNA_tumour"
"641","PD70969a","AM062_gDNA_tumour","MYCT1:chr6:152698078:C:T","MYCT1",NA,NA,NA,"chr6:152698078","C:T","1","Public",2,"AM062_X1_gDNA_tumour, AM062_gDNA_tumour"
"642","PD70969a","AM062_gDNA_tumour","MYH11:chr16:15823348:T:G","MYH11","fusion","AML","","chr16:15823348","T:G","1","Public",2,"AM062_X1_gDNA_tumour, AM062_gDNA_tumour"
"643","PD70969a","AM062_gDNA_tumour","MYH6:chr14:23405284:C:T","MYH6",NA,NA,NA,"chr14:23405284","C:T","1","Public",2,"AM062_X1_gDNA_tumour, AM062_gDNA_tumour"
"644","PD70969a","AM062_gDNA_tumour","MYH7:chr14:23425752:C:T","MYH7",NA,NA,NA,"chr14:23425752","C:T","1","Public",2,"AM062_X1_gDNA_tumour, AM062_gDNA_tumour"
"645","PD70969a","AM062_gDNA_tumour","MYH7:chr14:23431761:C:A","MYH7",NA,NA,NA,"chr14:23431761","C:A","1","Public",2,"AM062_X1_gDNA_tumour, AM062_gDNA_tumour"
"646","PD70969a","AM062_gDNA_tumour","MYO16:chr13:108712706:C:T","MYO16",NA,NA,NA,"chr13:108712706","C:T","1","Public",2,"AM062_X1_gDNA_tumour, AM062_gDNA_tumour"
"647","PD70969a","AM062_gDNA_tumour","MYO6:chr6:75914148:C:T","MYO6",NA,NA,NA,"chr6:75914148","C:T","1","Public",2,"AM062_X1_gDNA_tumour, AM062_gDNA_tumour"
"648","PD70969a","AM062_gDNA_tumour","MYO9A:chr15:71830278:C:T","MYO9A",NA,NA,NA,"chr15:71830278","C:T","1","Public",2,"AM062_X1_gDNA_tumour, AM062_gDNA_tumour"
"649","PD70969a","AM062_gDNA_tumour","NADK:chr1:1754637:C:T","NADK",NA,NA,NA,"chr1:1754637","C:T","1","Public",2,"AM062_X1_gDNA_tumour, AM062_gDNA_tumour"
"650","PD70969a","AM062_gDNA_tumour","NCKAP5:chr2:132860600:C:T","NCKAP5",NA,NA,NA,"chr2:132860600","C:T","1","Public",2,"AM062_X1_gDNA_tumour, AM062_gDNA_tumour"
"651","PD70969a","AM062_gDNA_tumour","NEGR1:chr1:71698011:T:G","NEGR1",NA,NA,NA,"chr1:71698011","T:G","1","Public",2,"AM062_X1_gDNA_tumour, AM062_gDNA_tumour"
"652","PD70969a","AM062_gDNA_tumour","NEXMIF:chrX:74741250:GG:AA","NEXMIF",NA,NA,NA,"chrX:74741250","GG:AA","1","Public",2,"AM062_X1_gDNA_tumour, AM062_gDNA_tumour"
"653","PD70969a","AM062_gDNA_tumour","NID2:chr14:52015133:C:T","NID2",NA,NA,NA,"chr14:52015133","C:T","1","Public",2,"AM062_X1_gDNA_tumour, AM062_gDNA_tumour"
"654","PD70969a","AM062_gDNA_tumour","NIPAL2:chr8:98194731:G:A","NIPAL2",NA,NA,NA,"chr8:98194731","G:A","1","Public",2,"AM062_X1_gDNA_tumour, AM062_gDNA_tumour"
"655","PD70969a","AM062_gDNA_tumour","NLRP12:chr19:53811010:C:T","NLRP12",NA,NA,NA,"chr19:53811010","C:T","1","Public",2,"AM062_X1_gDNA_tumour, AM062_gDNA_tumour"
"656","PD70969a","AM062_gDNA_tumour","NLRP14:chr11:7043460:C:T","NLRP14",NA,NA,NA,"chr11:7043460","C:T","1","Public",2,"AM062_X1_gDNA_tumour, AM062_gDNA_tumour"
"657","PD70969a","AM062_gDNA_tumour","NLRP8:chr19:55954583:G:A","NLRP8",NA,NA,NA,"chr19:55954583","G:A","1","Public",2,"AM062_X1_gDNA_tumour, AM062_gDNA_tumour"
"658","PD70969a","AM062_gDNA_tumour","NLRP9:chr19:55729929:G:A","NLRP9",NA,NA,NA,"chr19:55729929","G:A","1","Public",2,"AM062_X1_gDNA_tumour, AM062_gDNA_tumour"
"659","PD70969a","AM062_gDNA_tumour","NOBOX:chr7:144399059:G:A","NOBOX",NA,NA,NA,"chr7:144399059","G:A","1","Public",2,"AM062_X1_gDNA_tumour, AM062_gDNA_tumour"
"660","PD70969a","AM062_gDNA_tumour","NOD2:chr16:50711692:G:A","NOD2",NA,NA,NA,"chr16:50711692","G:A","1","Public",2,"AM062_X1_gDNA_tumour, AM062_gDNA_tumour"
"661","PD70969a","AM062_gDNA_tumour","NUP210L:chr1:154139825:G:A","NUP210L",NA,NA,NA,"chr1:154139825","G:A","1","Public",2,"AM062_X1_gDNA_tumour, AM062_gDNA_tumour"
"662","PD70969a","AM062_gDNA_tumour","NWD1:chr19:16749893:C:T","NWD1",NA,NA,NA,"chr19:16749893","C:T","1","Public",2,"AM062_X1_gDNA_tumour, AM062_gDNA_tumour"
"663","PD70969a","AM062_gDNA_tumour","OR10A7:chr12:55221637:C:T","OR10A7",NA,NA,NA,"chr12:55221637","C:T","1","Public",2,"AM062_X1_gDNA_tumour, AM062_gDNA_tumour"
"664","PD70969a","AM062_gDNA_tumour","OR2A2:chr7:144110499:G:A","OR2A2",NA,NA,NA,"chr7:144110499","G:A","1","Public",2,"AM062_X1_gDNA_tumour, AM062_gDNA_tumour"
"665","PD70969a","AM062_gDNA_tumour","OR2J3:chr6:29112622:T:G","OR2J3",NA,NA,NA,"chr6:29112622","T:G","1","Public",2,"AM062_X1_gDNA_tumour, AM062_gDNA_tumour"
"666","PD70969a","AM062_gDNA_tumour","OR2M4:chr1:248238964:C:T","OR2M4",NA,NA,NA,"chr1:248238964","C:T","1","Public",2,"AM062_X1_gDNA_tumour, AM062_gDNA_tumour"
"667","PD70969a","AM062_gDNA_tumour","OR2T1:chr1:248406703:T:C","OR2T1",NA,NA,NA,"chr1:248406703","T:C","1","Public",2,"AM062_X1_gDNA_tumour, AM062_gDNA_tumour"
"668","PD70969a","AM062_gDNA_tumour","OR51G2:chr11:4915040:G:A","OR51G2",NA,NA,NA,"chr11:4915040","G:A","1","Public",2,"AM062_X1_gDNA_tumour, AM062_gDNA_tumour"
"669","PD70969a","AM062_gDNA_tumour","OR52H1:chr11:5545412:G:A","OR52H1",NA,NA,NA,"chr11:5545412","G:A","1","Public",2,"AM062_X1_gDNA_tumour, AM062_gDNA_tumour"
"670","PD70969a","AM062_gDNA_tumour","OR5H15:chr3:98168886:C:T","OR5H15",NA,NA,NA,"chr3:98168886","C:T","1","Public",2,"AM062_X1_gDNA_tumour, AM062_gDNA_tumour"
"671","PD70969a","AM062_gDNA_tumour","OR5M9:chr11:56463240:C:T","OR5M9",NA,NA,NA,"chr11:56463240","C:T","1","Public",2,"AM062_X1_gDNA_tumour, AM062_gDNA_tumour"
"672","PD70969a","AM062_gDNA_tumour","OR9A4:chr7:141919580:G:A","OR9A4",NA,NA,NA,"chr7:141919580","G:A","1","Public",2,"AM062_X1_gDNA_tumour, AM062_gDNA_tumour"
"673","PD70969a","AM062_gDNA_tumour","OR9Q1:chr11:58180212:C:T","OR9Q1",NA,NA,NA,"chr11:58180212","C:T","1","Public",2,"AM062_X1_gDNA_tumour, AM062_gDNA_tumour"
"674","PD70969a","AM062_gDNA_tumour","OTOG:chr11:17641925:C:T","OTOG",NA,NA,NA,"chr11:17641925","C:T","1","Public",2,"AM062_X1_gDNA_tumour, AM062_gDNA_tumour"
"675","PD70969a","AM062_gDNA_tumour","PAG1:chr8:80993123:G:A","PAG1",NA,NA,NA,"chr8:80993123","G:A","1","Public",2,"AM062_X1_gDNA_tumour, AM062_gDNA_tumour"
"676","PD70969a","AM062_gDNA_tumour","PAK2:chr3:196782762:C:T","PAK2",NA,NA,NA,"chr3:196782762","C:T","1","Public",2,"AM062_X1_gDNA_tumour, AM062_gDNA_tumour"
"677","PD70969a","AM062_gDNA_tumour","PALLD:chr4:168683061:G:A","PALLD",NA,NA,NA,"chr4:168683061","G:A","1","Public",2,"AM062_X1_gDNA_tumour, AM062_gDNA_tumour"
"678","PD70969a","AM062_gDNA_tumour","PALM3:chr19:14056670:A:G","PALM3",NA,NA,NA,"chr19:14056670","A:G","1","Public",2,"AM062_X1_gDNA_tumour, AM062_gDNA_tumour"
"679","PD70969a","AM062_gDNA_tumour","PAQR5:chr15:69360103:G:A","PAQR5",NA,NA,NA,"chr15:69360103","G:A","1","Public",2,"AM062_X1_gDNA_tumour, AM062_gDNA_tumour"
"680","PD70969a","AM062_gDNA_tumour","PCDH18:chr4:137521477:C:T","PCDH18",NA,NA,NA,"chr4:137521477","C:T","1","Public",2,"AM062_X1_gDNA_tumour, AM062_gDNA_tumour"
"681","PD70969a","AM062_gDNA_tumour","PCDH19:chrX:100407042:C:T","PCDH19",NA,NA,NA,"chrX:100407042","C:T","1","Public",2,"AM062_X1_gDNA_tumour, AM062_gDNA_tumour"
"682","PD70969a","AM062_gDNA_tumour","PCDHB1:chr5:141053286:C:T","PCDHB1",NA,NA,NA,"chr5:141053286","C:T","1","Public",2,"AM062_X1_gDNA_tumour, AM062_gDNA_tumour"
"683","PD70969a","AM062_gDNA_tumour","PCDHB10:chr5:141193156:C:T","PCDHB10",NA,NA,NA,"chr5:141193156","C:T","1","Public",2,"AM062_X1_gDNA_tumour, AM062_gDNA_tumour"
"684","PD70969a","AM062_gDNA_tumour","PCDHGA1:chr5:141331279:C:T","PCDHGA1",NA,NA,NA,"chr5:141331279","C:T","1","Public",2,"AM062_X1_gDNA_tumour, AM062_gDNA_tumour"
"685","PD70969a","AM062_gDNA_tumour","PCDHGA7:chr5:141383661:T:A","PCDHGA7",NA,NA,NA,"chr5:141383661","T:A","1","Public",2,"AM062_X1_gDNA_tumour, AM062_gDNA_tumour"
"686","PD70969a","AM062_gDNA_tumour","PCDHGB5:chr5:141399317:C:T","PCDHGB5",NA,NA,NA,"chr5:141399317","C:T","1","Public",2,"AM062_X1_gDNA_tumour, AM062_gDNA_tumour"
"687","PD70969a","AM062_gDNA_tumour","PCF11:chr11:83157566:C:T","PCF11",NA,NA,NA,"chr11:83157566","C:T","1","Public",2,"AM062_X1_gDNA_tumour, AM062_gDNA_tumour"
"688","PD70969a","AM062_gDNA_tumour","PCM1:chr8:17985580:C:T","PCM1","fusion","papillary thyroid, CML, MPN","","chr8:17985580","C:T","1","Public",2,"AM062_X1_gDNA_tumour, AM062_gDNA_tumour"
"689","PD70969a","AM062_gDNA_tumour","PDE4A:chr19:10446331:C:T","PDE4A",NA,NA,NA,"chr19:10446331","C:T","1","Public",2,"AM062_X1_gDNA_tumour, AM062_gDNA_tumour"
"690","PD70969a","AM062_gDNA_tumour","PDE9A:chr21:42743792:G:A","PDE9A",NA,NA,NA,"chr21:42743792","G:A","1","Public",2,"AM062_X1_gDNA_tumour, AM062_gDNA_tumour"
"691","PD70969a","AM062_gDNA_tumour","PI15:chr8:74825453:C:T","PI15",NA,NA,NA,"chr8:74825453","C:T","1","Public",2,"AM062_X1_gDNA_tumour, AM062_gDNA_tumour"
"692","PD70969a","AM062_gDNA_tumour","PKHD1L1:chr8:109438363:G:A","PKHD1L1",NA,NA,NA,"chr8:109438363","G:A","1","Public",2,"AM062_X1_gDNA_tumour, AM062_gDNA_tumour"
"693","PD70969a","AM062_gDNA_tumour","PKHD1L1:chr8:109442041:C:T","PKHD1L1",NA,NA,NA,"chr8:109442041","C:T","1","Public",2,"AM062_X1_gDNA_tumour, AM062_gDNA_tumour"
"694","PD70969a","AM062_gDNA_tumour","PKHD1L1:chr8:109452875:G:A","PKHD1L1",NA,NA,NA,"chr8:109452875","G:A","1","Public",2,"AM062_X1_gDNA_tumour, AM062_gDNA_tumour"
"695","PD70969a","AM062_gDNA_tumour","PLCZ1:chr12:18723432:T:A","PLCZ1",NA,NA,NA,"chr12:18723432","T:A","1","Public",2,"AM062_X1_gDNA_tumour, AM062_gDNA_tumour"
"696","PD70969a","AM062_gDNA_tumour","PLS1:chr3:142664271:G:A","PLS1",NA,NA,NA,"chr3:142664271","G:A","1","Public",2,"AM062_X1_gDNA_tumour, AM062_gDNA_tumour"
"697","PD70969a","AM062_gDNA_tumour","PMVK:chr1:154929039:G:A","PMVK",NA,NA,NA,"chr1:154929039","G:A","1","Public",2,"AM062_X1_gDNA_tumour, AM062_gDNA_tumour"
"698","PD70969a","AM062_gDNA_tumour","POLI:chr18:54293798:C:T","POLI",NA,NA,NA,"chr18:54293798","C:T","1","Public",2,"AM062_X1_gDNA_tumour, AM062_gDNA_tumour"
"699","PD70969a","AM062_gDNA_tumour","PORCN:chrX:48509860:C:T","PORCN",NA,NA,NA,"chrX:48509860","C:T","1","Public",2,"AM062_X1_gDNA_tumour, AM062_gDNA_tumour"
"700","PD70969a","AM062_gDNA_tumour","POSTN:chr13:37564547:C:T","POSTN",NA,NA,NA,"chr13:37564547","C:T","1","Public",2,"AM062_X1_gDNA_tumour, AM062_gDNA_tumour"
"701","PD70969a","AM062_gDNA_tumour","PPP1R9A:chr7:95290145:G:A","PPP1R9A",NA,NA,NA,"chr7:95290145","G:A","1","Public",2,"AM062_X1_gDNA_tumour, AM062_gDNA_tumour"
"702","PD70969a","AM062_gDNA_tumour","PRDM14:chr8:70052205:C:T","PRDM14",NA,NA,NA,"chr8:70052205","C:T","1","Public",2,"AM062_X1_gDNA_tumour, AM062_gDNA_tumour"
"703","PD70969a","AM062_gDNA_tumour","PRDM16:chr1:3404872:G:A","PRDM16","oncogene, fusion","MDS, AML","","chr1:3404872","G:A","1","Public",2,"AM062_X1_gDNA_tumour, AM062_gDNA_tumour"
"704","PD70969a","AM062_gDNA_tumour","PRLR:chr5:35065554:T:G","PRLR",NA,NA,NA,"chr5:35065554","T:G","1","Public",2,"AM062_X1_gDNA_tumour, AM062_gDNA_tumour"
"705","PD70969a","AM062_gDNA_tumour","PROK2:chr3:71774444:C:T","PROK2",NA,NA,NA,"chr3:71774444","C:T","1","Public",2,"AM062_X1_gDNA_tumour, AM062_gDNA_tumour"
"706","PD70969a","AM062_gDNA_tumour","PROSER1:chr13:39013465:G:A","PROSER1",NA,NA,NA,"chr13:39013465","G:A","1","Public",2,"AM062_X1_gDNA_tumour, AM062_gDNA_tumour"
"707","PD70969a","AM062_gDNA_tumour","PROX2:chr14:74862934:C:T","PROX2",NA,NA,NA,"chr14:74862934","C:T","1","Public",2,"AM062_X1_gDNA_tumour, AM062_gDNA_tumour"
"708","PD70969a","AM062_gDNA_tumour","PRRT4:chr7:128351247:CC:TT","PRRT4",NA,NA,NA,"chr7:128351247","CC:TT","1","Public",2,"AM062_X1_gDNA_tumour, AM062_gDNA_tumour"
"709","PD70969a","AM062_gDNA_tumour","PSMB2:chr1:35609283:G:A","PSMB2",NA,NA,NA,"chr1:35609283","G:A","1","Public",2,"AM062_X1_gDNA_tumour, AM062_gDNA_tumour"
"710","PD70969a","AM062_gDNA_tumour","PTER:chr10:16484508:C:T","PTER",NA,NA,NA,"chr10:16484508","C:T","1","Public",2,"AM062_X1_gDNA_tumour, AM062_gDNA_tumour"
"711","PD70969a","AM062_gDNA_tumour","PTPRN:chr2:219303809:G:A","PTPRN",NA,NA,NA,"chr2:219303809","G:A","1","Public",2,"AM062_X1_gDNA_tumour, AM062_gDNA_tumour"
"712","PD70969a","AM062_gDNA_tumour","PTPRT:chr20:42110466:C:T","PTPRT","TSG","HNSCC, colorectal cancer, gastric cancer, lung cancer, melanoma","","chr20:42110466","C:T","1","Public",2,"AM062_X1_gDNA_tumour, AM062_gDNA_tumour"
"713","PD70969a","AM062_gDNA_tumour","PWWP3B:chrX:106207512:G:A","PWWP3B",NA,NA,NA,"chrX:106207512","G:A","1","Public",2,"AM062_X1_gDNA_tumour, AM062_gDNA_tumour"
"714","PD70969a","AM062_gDNA_tumour","PXDN:chr2:1639326:T:A","PXDN",NA,NA,NA,"chr2:1639326","T:A","1","Public",2,"AM062_X1_gDNA_tumour, AM062_gDNA_tumour"
"715","PD70969a","AM062_gDNA_tumour","RASGRF2:chr5:81094910:C:T","RASGRF2",NA,NA,NA,"chr5:81094910","C:T","1","Public",2,"AM062_X1_gDNA_tumour, AM062_gDNA_tumour"
"716","PD70969a","AM062_gDNA_tumour","RBM28:chr7:128339777:G:A","RBM28",NA,NA,NA,"chr7:128339777","G:A","1","Public",2,"AM062_X1_gDNA_tumour, AM062_gDNA_tumour"
"717","PD70969a","AM062_gDNA_tumour","RBM46:chr4:154827976:C:T","RBM46",NA,NA,NA,"chr4:154827976","C:T","1","Public",2,"AM062_X1_gDNA_tumour, AM062_gDNA_tumour"
"718","PD70969a","AM062_gDNA_tumour","RCOR1:chr14:102722200:T:G","RCOR1",NA,NA,NA,"chr14:102722200","T:G","1","Public",2,"AM062_X1_gDNA_tumour, AM062_gDNA_tumour"
"719","PD70969a","AM062_gDNA_tumour","RELN:chr7:103698005:C:T","RELN",NA,NA,NA,"chr7:103698005","C:T","1","Public",2,"AM062_X1_gDNA_tumour, AM062_gDNA_tumour"
"720","PD70969a","AM062_gDNA_tumour","REV3L:chr6:111375513:G:A","REV3L",NA,NA,NA,"chr6:111375513","G:A","1","Public",2,"AM062_X1_gDNA_tumour, AM062_gDNA_tumour"
"721","PD70969a","AM062_gDNA_tumour","RFX6:chr6:116925560:G:A","RFX6",NA,NA,NA,"chr6:116925560","G:A","1","Public",2,"AM062_X1_gDNA_tumour, AM062_gDNA_tumour"
"722","PD70969a","AM062_gDNA_tumour","RFX6:chr6:116928814:G:A","RFX6",NA,NA,NA,"chr6:116928814","G:A","1","Public",2,"AM062_X1_gDNA_tumour, AM062_gDNA_tumour"
"723","PD70969a","AM062_gDNA_tumour","RHOBTB2:chr8:23006795:C:T","RHOBTB2",NA,NA,NA,"chr8:23006795","C:T","1","Public",2,"AM062_X1_gDNA_tumour, AM062_gDNA_tumour"
"724","PD70969a","AM062_gDNA_tumour","RLN3:chr19:14028290:C:T","RLN3",NA,NA,NA,"chr19:14028290","C:T","1","Public",2,"AM062_X1_gDNA_tumour, AM062_gDNA_tumour"
"725","PD70969a","AM062_gDNA_tumour","RNF165:chr18:46455986:G:A","RNF165",NA,NA,NA,"chr18:46455986","G:A","1","Public",2,"AM062_X1_gDNA_tumour, AM062_gDNA_tumour"
"726","PD70969a","AM062_gDNA_tumour","RNF180:chr5:64330280:G:A","RNF180",NA,NA,NA,"chr5:64330280","G:A","1","Public",2,"AM062_X1_gDNA_tumour, AM062_gDNA_tumour"
"727","PD70969a","AM062_gDNA_tumour","RNF31:chr14:24149465:T:A","RNF31",NA,NA,NA,"chr14:24149465","T:A","1","Public",2,"AM062_X1_gDNA_tumour, AM062_gDNA_tumour"
"728","PD70969a","AM062_gDNA_tumour","SAMD12:chr8:118379531:C:T","SAMD12",NA,NA,NA,"chr8:118379531","C:T","1","Public",2,"AM062_X1_gDNA_tumour, AM062_gDNA_tumour"
"729","PD70969a","AM062_gDNA_tumour","SAMD7:chr3:169926596:G:A","SAMD7",NA,NA,NA,"chr3:169926596","G:A","1","Public",2,"AM062_X1_gDNA_tumour, AM062_gDNA_tumour"
"730","PD70969a","AM062_gDNA_tumour","SATB1:chr3:18351398:G:A","SATB1",NA,NA,NA,"chr3:18351398","G:A","1","Public",2,"AM062_X1_gDNA_tumour, AM062_gDNA_tumour"
"731","PD70969a","AM062_gDNA_tumour","SCMH1:chr1:41113338:G:A","SCMH1",NA,NA,NA,"chr1:41113338","G:A","1","Public",2,"AM062_X1_gDNA_tumour, AM062_gDNA_tumour"
"732","PD70969a","AM062_gDNA_tumour","SEMA6B:chr19:4558380:G:A","SEMA6B",NA,NA,NA,"chr19:4558380","G:A","1","Public",2,"AM062_X1_gDNA_tumour, AM062_gDNA_tumour"
"733","PD70969a","AM062_gDNA_tumour","SERINC2:chr1:31426737:GG:AA","SERINC2",NA,NA,NA,"chr1:31426737","GG:AA","1","Public",2,"AM062_X1_gDNA_tumour, AM062_gDNA_tumour"
"734","PD70969a","AM062_gDNA_tumour","SFT2D1:chr6:166330193:A:C","SFT2D1",NA,NA,NA,"chr6:166330193","A:C","1","Public",2,"AM062_X1_gDNA_tumour, AM062_gDNA_tumour"
"735","PD70969a","AM062_gDNA_tumour","SGF29:chr16:28589141:C:T","SGF29",NA,NA,NA,"chr16:28589141","C:T","1","Public",2,"AM062_X1_gDNA_tumour, AM062_gDNA_tumour"
"736","PD70969a","AM062_gDNA_tumour","SH2D3C:chr9:127739740:G:A","SH2D3C",NA,NA,NA,"chr9:127739740","G:A","1","Public",2,"AM062_X1_gDNA_tumour, AM062_gDNA_tumour"
"737","PD70969a","AM062_gDNA_tumour","SHANK2:chr11:70486865:G:A","SHANK2",NA,NA,NA,"chr11:70486865","G:A","1","Public",2,"AM062_X1_gDNA_tumour, AM062_gDNA_tumour"
"738","PD70969a","AM062_gDNA_tumour","SIGLEC12:chr19:51496927:C:T","SIGLEC12",NA,NA,NA,"chr19:51496927","C:T","1","Public",2,"AM062_X1_gDNA_tumour, AM062_gDNA_tumour"
"739","PD70969a","AM062_gDNA_tumour","SIGLEC9:chr19:51136145:C:T","SIGLEC9",NA,NA,NA,"chr19:51136145","C:T","1","Public",2,"AM062_X1_gDNA_tumour, AM062_gDNA_tumour"
"740","PD70969a","AM062_gDNA_tumour","SLC12A1:chr15:48302777:C:T","SLC12A1",NA,NA,NA,"chr15:48302777","C:T","1","Public",2,"AM062_X1_gDNA_tumour, AM062_gDNA_tumour"
"741","PD70969a","AM062_gDNA_tumour","SLC12A2:chr5:128174651:C:T","SLC12A2",NA,NA,NA,"chr5:128174651","C:T","1","Public",2,"AM062_X1_gDNA_tumour, AM062_gDNA_tumour"
"742","PD70969a","AM062_gDNA_tumour","SLC15A5:chr12:16277565:G:A","SLC15A5",NA,NA,NA,"chr12:16277565","G:A","1","Public",2,"AM062_X1_gDNA_tumour, AM062_gDNA_tumour"
"743","PD70969a","AM062_gDNA_tumour","SLC1A1:chr9:4585466:G:A","SLC1A1",NA,NA,NA,"chr9:4585466","G:A","1","Public",2,"AM062_X1_gDNA_tumour, AM062_gDNA_tumour"
"744","PD70969a","AM062_gDNA_tumour","SLC2A11:chr22:23883922:A:T","SLC2A11",NA,NA,NA,"chr22:23883922","A:T","1","Public",2,"AM062_X1_gDNA_tumour, AM062_gDNA_tumour"
"745","PD70969a","AM062_gDNA_tumour","SLC2A14:chr12:7891083:C:T","SLC2A14",NA,NA,NA,"chr12:7891083","C:T","1","Public",2,"AM062_X1_gDNA_tumour, AM062_gDNA_tumour"
"746","PD70969a","AM062_gDNA_tumour","SLC2A2:chr3:171007249:G:A","SLC2A2",NA,NA,NA,"chr3:171007249","G:A","1","Public",2,"AM062_X1_gDNA_tumour, AM062_gDNA_tumour"
"747","PD70969a","AM062_gDNA_tumour","SLC38A3:chr3:50219915:C:T","SLC38A3",NA,NA,NA,"chr3:50219915","C:T","1","Public",2,"AM062_X1_gDNA_tumour, AM062_gDNA_tumour"
"748","PD70969a","AM062_gDNA_tumour","SLC44A5:chr1:75218531:G:A","SLC44A5",NA,NA,NA,"chr1:75218531","G:A","1","Public",2,"AM062_X1_gDNA_tumour, AM062_gDNA_tumour"
"749","PD70969a","AM062_gDNA_tumour","SLCO1B3-SLCO1B7:chr12:20875432:G:A","SLCO1B3-SLCO1B7",NA,NA,NA,"chr12:20875432","G:A","1","Public",2,"AM062_X1_gDNA_tumour, AM062_gDNA_tumour"
"750","PD70969a","AM062_gDNA_tumour","SLCO1B3:chr12:20875432:G:A","SLCO1B3",NA,NA,NA,"chr12:20875432","G:A","1","Public",2,"AM062_X1_gDNA_tumour, AM062_gDNA_tumour"
"751","PD70969a","AM062_gDNA_tumour","SLCO6A1:chr5:102399662:C:T","SLCO6A1",NA,NA,NA,"chr5:102399662","C:T","1","Public",2,"AM062_X1_gDNA_tumour, AM062_gDNA_tumour"
"752","PD70969a","AM062_gDNA_tumour","SLITRK3:chr3:165188424:C:T","SLITRK3",NA,NA,NA,"chr3:165188424","C:T","1","Public",2,"AM062_X1_gDNA_tumour, AM062_gDNA_tumour"
"753","PD70969a","AM062_gDNA_tumour","SLITRK4:chrX:143630069:A:G","SLITRK4",NA,NA,NA,"chrX:143630069","A:G","1","Public",2,"AM062_X1_gDNA_tumour, AM062_gDNA_tumour"
"754","PD70969a","AM062_gDNA_tumour","SNIP1:chr1:37540587:C:T","SNIP1",NA,NA,NA,"chr1:37540587","C:T","1","Public",2,"AM062_X1_gDNA_tumour, AM062_gDNA_tumour"
"755","PD70969a","AM062_gDNA_tumour","SORBS3:chr8:22571166:C:T","SORBS3",NA,NA,NA,"chr8:22571166","C:T","1","Public",2,"AM062_X1_gDNA_tumour, AM062_gDNA_tumour"
"756","PD70969a","AM062_gDNA_tumour","SOWAHA:chr5:132814782:G:A","SOWAHA",NA,NA,NA,"chr5:132814782","G:A","1","Public",2,"AM062_X1_gDNA_tumour, AM062_gDNA_tumour"
"757","PD70969a","AM062_gDNA_tumour","SOX30:chr5:157651291:G:A","SOX30",NA,NA,NA,"chr5:157651291","G:A","1","Public",2,"AM062_X1_gDNA_tumour, AM062_gDNA_tumour"
"758","PD70969a","AM062_gDNA_tumour","SP110:chr2:230169148:G:C","SP110",NA,NA,NA,"chr2:230169148","G:C","1","Public",2,"AM062_X1_gDNA_tumour, AM062_gDNA_tumour"
"759","PD70969a","AM062_gDNA_tumour","SPATA17:chr1:217774493:C:T","SPATA17",NA,NA,NA,"chr1:217774493","C:T","1","Public",2,"AM062_X1_gDNA_tumour, AM062_gDNA_tumour"
"760","PD70969a","AM062_gDNA_tumour","SPATA4:chr4:176192729:C:T","SPATA4",NA,NA,NA,"chr4:176192729","C:T","1","Public",2,"AM062_X1_gDNA_tumour, AM062_gDNA_tumour"
"761","PD70969a","AM062_gDNA_tumour","SRGAP3:chr3:8985793:G:A","SRGAP3","fusion","pilocytic astrocytoma","","chr3:8985793","G:A","1","Public",2,"AM062_X1_gDNA_tumour, AM062_gDNA_tumour"
"762","PD70969a","AM062_gDNA_tumour","SUCLA2:chr13:47954524:G:A","SUCLA2",NA,NA,NA,"chr13:47954524","G:A","1","Public",2,"AM062_X1_gDNA_tumour, AM062_gDNA_tumour"
"763","PD70969a","AM062_gDNA_tumour","SUSD6:chr14:69704687:C:T","SUSD6",NA,NA,NA,"chr14:69704687","C:T","1","Public",2,"AM062_X1_gDNA_tumour, AM062_gDNA_tumour"
"764","PD70969a","AM062_gDNA_tumour","TARM1:chr19:54070152:C:T","TARM1",NA,NA,NA,"chr19:54070152","C:T","1","Public",2,"AM062_X1_gDNA_tumour, AM062_gDNA_tumour"
"765","PD70969a","AM062_gDNA_tumour","TBX15:chr1:118931781:G:A","TBX15",NA,NA,NA,"chr1:118931781","G:A","1","Public",2,"AM062_X1_gDNA_tumour, AM062_gDNA_tumour"
"766","PD70969a","AM062_gDNA_tumour","TECTA:chr11:121118321:G:A","TECTA",NA,NA,NA,"chr11:121118321","G:A","1","Public",2,"AM062_X1_gDNA_tumour, AM062_gDNA_tumour"
"767","PD70969a","AM062_gDNA_tumour","TEKT5:chr16:10635865:G:A","TEKT5",NA,NA,NA,"chr16:10635865","G:A","1","Public",2,"AM062_X1_gDNA_tumour, AM062_gDNA_tumour"
"768","PD70969a","AM062_gDNA_tumour","TENM2:chr5:168203775:C:T","TENM2",NA,NA,NA,"chr5:168203775","C:T","1","Public",2,"AM062_X1_gDNA_tumour, AM062_gDNA_tumour"
"769","PD70969a","AM062_gDNA_tumour","TENM2:chr5:168204376:C:T","TENM2",NA,NA,NA,"chr5:168204376","C:T","1","Public",2,"AM062_X1_gDNA_tumour, AM062_gDNA_tumour"
"770","PD70969a","AM062_gDNA_tumour","THAP4:chr2:241633421:G:A","THAP4",NA,NA,NA,"chr2:241633421","G:A","1","Public",2,"AM062_X1_gDNA_tumour, AM062_gDNA_tumour"
"771","PD70969a","AM062_gDNA_tumour","THNSL2:chr2:88182965:G:A","THNSL2",NA,NA,NA,"chr2:88182965","G:A","1","Public",2,"AM062_X1_gDNA_tumour, AM062_gDNA_tumour"
"772","PD70969a","AM062_gDNA_tumour","THPO:chr3:184372842:C:T","THPO",NA,NA,NA,"chr3:184372842","C:T","1","Public",2,"AM062_X1_gDNA_tumour, AM062_gDNA_tumour"
"773","PD70969a","AM062_gDNA_tumour","TIMM50:chr19:39486477:G:A","TIMM50",NA,NA,NA,"chr19:39486477","G:A","1","Public",2,"AM062_X1_gDNA_tumour, AM062_gDNA_tumour"
"774","PD70969a","AM062_gDNA_tumour","TKT:chr3:53226847:G:A","TKT",NA,NA,NA,"chr3:53226847","G:A","1","Public",2,"AM062_X1_gDNA_tumour, AM062_gDNA_tumour"
"775","PD70969a","AM062_gDNA_tumour","TLCD3B:chr16:30025735:G:A","TLCD3B",NA,NA,NA,"chr16:30025735","G:A","1","Public",2,"AM062_X1_gDNA_tumour, AM062_gDNA_tumour"
"776","PD70969a","AM062_gDNA_tumour","TLE7:chr16:71432130:G:A","TLE7",NA,NA,NA,"chr16:71432130","G:A","1","Public",2,"AM062_X1_gDNA_tumour, AM062_gDNA_tumour"
"777","PD70969a","AM062_gDNA_tumour","TLR3:chr4:186077030:A:T","TLR3",NA,NA,NA,"chr4:186077030","A:T","1","Public",2,"AM062_X1_gDNA_tumour, AM062_gDNA_tumour"
"778","PD70969a","AM062_gDNA_tumour","TM9SF4:chr20:32146804:C:T","TM9SF4",NA,NA,NA,"chr20:32146804","C:T","1","Public",2,"AM062_X1_gDNA_tumour, AM062_gDNA_tumour"
"779","PD70969a","AM062_gDNA_tumour","TMEM132B:chr12:125583897:C:T","TMEM132B",NA,NA,NA,"chr12:125583897","C:T","1","Public",2,"AM062_X1_gDNA_tumour, AM062_gDNA_tumour"
"780","PD70969a","AM062_gDNA_tumour","TMEM154:chr4:152652746:G:T","TMEM154",NA,NA,NA,"chr4:152652746","G:T","1","Public",2,"AM062_X1_gDNA_tumour, AM062_gDNA_tumour"
"781","PD70969a","AM062_gDNA_tumour","TMEM185B:chr2:120222290:G:A","TMEM185B",NA,NA,NA,"chr2:120222290","G:A","1","Public",2,"AM062_X1_gDNA_tumour, AM062_gDNA_tumour"
"782","PD70969a","AM062_gDNA_tumour","TMOD4:chr1:151170622:G:A","TMOD4",NA,NA,NA,"chr1:151170622","G:A","1","Public",2,"AM062_X1_gDNA_tumour, AM062_gDNA_tumour"
"783","PD70969a","AM062_gDNA_tumour","TMPRSS11B:chr4:68228876:G:A","TMPRSS11B",NA,NA,NA,"chr4:68228876","G:A","1","Public",2,"AM062_X1_gDNA_tumour, AM062_gDNA_tumour"
"784","PD70969a","AM062_gDNA_tumour","TMPRSS9:chr19:2408371:G:A","TMPRSS9",NA,NA,NA,"chr19:2408371","G:A","1","Public",2,"AM062_X1_gDNA_tumour, AM062_gDNA_tumour"
"785","PD70969a","AM062_gDNA_tumour","TNNT2:chr1:201365191:G:A","TNNT2",NA,NA,NA,"chr1:201365191","G:A","1","Public",2,"AM062_X1_gDNA_tumour, AM062_gDNA_tumour"
"786","PD70969a","AM062_gDNA_tumour","TNXB:chr6:32064965:C:T","TNXB",NA,NA,NA,"chr6:32064965","C:T","1","Public",2,"AM062_X1_gDNA_tumour, AM062_gDNA_tumour"
"787","PD70969a","AM062_gDNA_tumour","TNXB:chr6:32065115:GG:AA","TNXB",NA,NA,NA,"chr6:32065115","GG:AA","1","Public",2,"AM062_X1_gDNA_tumour, AM062_gDNA_tumour"
"788","PD70969a","AM062_gDNA_tumour","TRPM6:chr9:74738506:C:T","TRPM6",NA,NA,NA,"chr9:74738506","C:T","1","Public",2,"AM062_X1_gDNA_tumour, AM062_gDNA_tumour"
"789","PD70969a","AM062_gDNA_tumour","TSG101:chr11:18481786:A:T","TSG101",NA,NA,NA,"chr11:18481786","A:T","1","Public",2,"AM062_X1_gDNA_tumour, AM062_gDNA_tumour"
"790","PD70969a","AM062_gDNA_tumour","TSKS:chr19:49746675:T:C","TSKS",NA,NA,NA,"chr19:49746675","T:C","1","Public",2,"AM062_X1_gDNA_tumour, AM062_gDNA_tumour"
"791","PD70969a","AM062_gDNA_tumour","TSPAN12:chr7:120788863:C:T","TSPAN12",NA,NA,NA,"chr7:120788863","C:T","1","Public",2,"AM062_X1_gDNA_tumour, AM062_gDNA_tumour"
"792","PD70969a","AM062_gDNA_tumour","TTC22:chr1:54786982:G:A","TTC22",NA,NA,NA,"chr1:54786982","G:A","1","Public",2,"AM062_X1_gDNA_tumour, AM062_gDNA_tumour"
"793","PD70969a","AM062_gDNA_tumour","TTLL4:chr2:218751715:C:T","TTLL4",NA,NA,NA,"chr2:218751715","C:T","1","Public",2,"AM062_X1_gDNA_tumour, AM062_gDNA_tumour"
"794","PD70969a","AM062_gDNA_tumour","TTN:chr2:178562794:T:G","TTN",NA,NA,NA,"chr2:178562794","T:G","1","Public",2,"AM062_X1_gDNA_tumour, AM062_gDNA_tumour"
"795","PD70969a","AM062_gDNA_tumour","TTN:chr2:178702558:C:T","TTN",NA,NA,NA,"chr2:178702558","C:T","1","Public",2,"AM062_X1_gDNA_tumour, AM062_gDNA_tumour"
"796","PD70969a","AM062_gDNA_tumour","TTN:chr2:178721090:G:A","TTN",NA,NA,NA,"chr2:178721090","G:A","1","Public",2,"AM062_X1_gDNA_tumour, AM062_gDNA_tumour"
"797","PD70969a","AM062_gDNA_tumour","TTN:chr2:178722019:C:T","TTN",NA,NA,NA,"chr2:178722019","C:T","1","Public",2,"AM062_X1_gDNA_tumour, AM062_gDNA_tumour"
"798","PD70969a","AM062_gDNA_tumour","TTN:chr2:178730935:A:G","TTN",NA,NA,NA,"chr2:178730935","A:G","1","Public",2,"AM062_X1_gDNA_tumour, AM062_gDNA_tumour"
"799","PD70969a","AM062_gDNA_tumour","USH2A:chr1:215674997:A:C","USH2A",NA,NA,NA,"chr1:215674997","A:C","1","Public",2,"AM062_X1_gDNA_tumour, AM062_gDNA_tumour"
"800","PD70969a","AM062_gDNA_tumour","USP41:chr22:20375543:T:A","USP41",NA,NA,NA,"chr22:20375543","T:A","1","Public",2,"AM062_X1_gDNA_tumour, AM062_gDNA_tumour"
"801","PD70969a","AM062_gDNA_tumour","VCAN:chr5:83539772:G:A","VCAN",NA,NA,NA,"chr5:83539772","G:A","1","Public",2,"AM062_X1_gDNA_tumour, AM062_gDNA_tumour"
"802","PD70969a","AM062_gDNA_tumour","VIPR1:chr3:42531808:G:A","VIPR1",NA,NA,NA,"chr3:42531808","G:A","1","Public",2,"AM062_X1_gDNA_tumour, AM062_gDNA_tumour"
"803","PD70969a","AM062_gDNA_tumour","VPS13D:chr1:12355921:C:T","VPS13D",NA,NA,NA,"chr1:12355921","C:T","1","Public",2,"AM062_X1_gDNA_tumour, AM062_gDNA_tumour"
"804","PD70969a","AM062_gDNA_tumour","VPS8:chr3:184898589:C:T","VPS8",NA,NA,NA,"chr3:184898589","C:T","1","Public",2,"AM062_X1_gDNA_tumour, AM062_gDNA_tumour"
"805","PD70969a","AM062_gDNA_tumour","WRAP73:chr1:3631529:C:T","WRAP73",NA,NA,NA,"chr1:3631529","C:T","1","Public",2,"AM062_X1_gDNA_tumour, AM062_gDNA_tumour"
"806","PD70969a","AM062_gDNA_tumour","XIRP1:chr3:39184023:G:A","XIRP1",NA,NA,NA,"chr3:39184023","G:A","1","Public",2,"AM062_X1_gDNA_tumour, AM062_gDNA_tumour"
"807","PD70969a","AM062_gDNA_tumour","ZDBF2:chr2:206308747:G:A","ZDBF2",NA,NA,NA,"chr2:206308747","G:A","1","Public",2,"AM062_X1_gDNA_tumour, AM062_gDNA_tumour"
"808","PD70969a","AM062_gDNA_tumour","ZDHHC11:chr5:843684:G:A","ZDHHC11",NA,NA,NA,"chr5:843684","G:A","1","Public",2,"AM062_X1_gDNA_tumour, AM062_gDNA_tumour"
"809","PD70969a","AM062_gDNA_tumour","ZMYND8:chr20:47298761:G:A","ZMYND8",NA,NA,NA,"chr20:47298761","G:A","1","Public",2,"AM062_X1_gDNA_tumour, AM062_gDNA_tumour"
"810","PD70969a","AM062_gDNA_tumour","ZNF100:chr19:21727617:G:A","ZNF100",NA,NA,NA,"chr19:21727617","G:A","1","Public",2,"AM062_X1_gDNA_tumour, AM062_gDNA_tumour"
"811","PD70969a","AM062_gDNA_tumour","ZNF234:chr19:44156484:C:T","ZNF234",NA,NA,NA,"chr19:44156484","C:T","1","Public",2,"AM062_X1_gDNA_tumour, AM062_gDNA_tumour"
"812","PD70969a","AM062_gDNA_tumour","ZNF318:chr6:43337831:G:A","ZNF318",NA,NA,NA,"chr6:43337831","G:A","1","Public",2,"AM062_X1_gDNA_tumour, AM062_gDNA_tumour"
"813","PD70969a","AM062_gDNA_tumour","ZNF318:chr6:43354935:G:A","ZNF318",NA,NA,NA,"chr6:43354935","G:A","1","Public",2,"AM062_X1_gDNA_tumour, AM062_gDNA_tumour"
"814","PD70969a","AM062_gDNA_tumour","ZNF423:chr16:49636315:C:T","ZNF423",NA,NA,NA,"chr16:49636315","C:T","1","Public",2,"AM062_X1_gDNA_tumour, AM062_gDNA_tumour"
"815","PD70969a","AM062_gDNA_tumour","ZNF438:chr10:30849193:G:A","ZNF438",NA,NA,NA,"chr10:30849193","G:A","1","Public",2,"AM062_X1_gDNA_tumour, AM062_gDNA_tumour"
"816","PD70969a","AM062_gDNA_tumour","ZNF462:chr9:106926168:C:T","ZNF462",NA,NA,NA,"chr9:106926168","C:T","1","Public",2,"AM062_X1_gDNA_tumour, AM062_gDNA_tumour"
"817","PD70969a","AM062_gDNA_tumour","ZNF469:chr16:88439131:G:A","ZNF469",NA,NA,NA,"chr16:88439131","G:A","1","Public",2,"AM062_X1_gDNA_tumour, AM062_gDNA_tumour"
"818","PD70969a","AM062_gDNA_tumour","ZNF485:chr10:43617316:C:T","ZNF485",NA,NA,NA,"chr10:43617316","C:T","1","Public",2,"AM062_X1_gDNA_tumour, AM062_gDNA_tumour"
"819","PD70969a","AM062_gDNA_tumour","ZNF536:chr19:30445378:G:A","ZNF536",NA,NA,NA,"chr19:30445378","G:A","1","Public",2,"AM062_X1_gDNA_tumour, AM062_gDNA_tumour"
"820","PD70969a","AM062_gDNA_tumour","ZNF598:chr16:2000438:G:A","ZNF598",NA,NA,NA,"chr16:2000438","G:A","1","Public",2,"AM062_X1_gDNA_tumour, AM062_gDNA_tumour"
"821","PD70969a","AM062_gDNA_tumour","ZNF623:chr8:143650242:C:T","ZNF623",NA,NA,NA,"chr8:143650242","C:T","1","Public",2,"AM062_X1_gDNA_tumour, AM062_gDNA_tumour"
"822","PD70969a","AM062_gDNA_tumour","ZNF761:chr19:53456436:C:T","ZNF761",NA,NA,NA,"chr19:53456436","C:T","1","Public",2,"AM062_X1_gDNA_tumour, AM062_gDNA_tumour"
"823","PD70969a","AM062_gDNA_tumour","ZNF879:chr5:179027487:C:T","ZNF879",NA,NA,NA,"chr5:179027487","C:T","1","Public",2,"AM062_X1_gDNA_tumour, AM062_gDNA_tumour"
"858","PD70969a","AM062_gDNA_tumour","CPAMD8:chr19:16993478:G:C","CPAMD8",NA,NA,NA,"chr19:16993478","G:C","1","Private",1,"AM062_gDNA_tumour"
"859","PD70969a","AM062_gDNA_tumour","HBD:chr11:5232967:A:G","HBD",NA,NA,NA,"chr11:5232967","A:G","1","Private",1,"AM062_gDNA_tumour"
"860","PD70969a","AM062_gDNA_tumour","HBD:chr11:5232973:C:T","HBD",NA,NA,NA,"chr11:5232973","C:T","1","Private",1,"AM062_gDNA_tumour"
"861","PD70969a","AM062_gDNA_tumour","HBD:chr11:5232991:A:G","HBD",NA,NA,NA,"chr11:5232991","A:G","1","Private",1,"AM062_gDNA_tumour"
"862","PD70969a","AM062_gDNA_tumour","HLA-A:chr6:29942825:G:T","HLA-A","fusion","Spitzoid tumour","","chr6:29942825","G:T","1","Private",1,"AM062_gDNA_tumour"
"863","PD70969a","AM062_gDNA_tumour","HLA-A:chr6:29942830:G:C","HLA-A","fusion","Spitzoid tumour","","chr6:29942830","G:C","1","Private",1,"AM062_gDNA_tumour"
"864","PD70969a","AM062_gDNA_tumour","PIEZO2:chr18:10696280:TGAGTGTTTCTGGGGAAG:-","PIEZO2",NA,NA,NA,"chr18:10696280","TGAGTGTTTCTGGGGAAG:-","1","Private",1,"AM062_gDNA_tumour"
"865","PD70969a","AM062_gDNA_tumour","TP53:chr17:7675135:GGCGCGGACGCGGGTGCCGGGCGGG:-","TP53","oncogene, TSG, fusion","breast, colorectal, lung, sarcoma, adrenocortical, glioma, Spitzoid tumour, multiple other tumour types","breast, sarcoma, adrenocortical carcinoma, glioma, multiple other tumour types","chr17:7675135","GGCGCGGACGCGGGTGCCGGGCGGG:-","1","Private",1,"AM062_gDNA_tumour"
"866","PD70969a","AM062_gDNA_tumour","VSIG4:chrX:66028064:G:T","VSIG4",NA,NA,NA,"chrX:66028064","G:T","1","Private",1,"AM062_gDNA_tumour"
