"","sample","sample_interpretable","event","gene","cosmic_cgc_role_in_cancer","cosmic_cgc_tumour_types_somatic","cosmic_cgc_tumour_types_germline","location","mutation","mutation_status_in_sample","mutation_type","n_samples_mutation_is_present","sample_ids_mutation_is_present"
"1","PD53343g_hum","AM015b-X3_gDNA_tumour","ACAP2:chr3:195285825:C:T","ACAP2",NA,NA,NA,"chr3:195285825","C:T","1","Public",6,"AM015b-X3_gDNA_tumour, AM015b-X2_gDNA_tumour, AM015a-X3-Cell2, AM015b-X2-Cell, AM015b_gDNA_tumour, AM015b-X1_gDNA_tumour"
"2","PD53343g_hum","AM015b-X3_gDNA_tumour","ADAMTSL4:chr1:150557520:A:C","ADAMTSL4",NA,NA,NA,"chr1:150557520","A:C","1","Public",6,"AM015b-X3_gDNA_tumour, AM015b-X2_gDNA_tumour, AM015a-X3-Cell2, AM015b-X2-Cell, AM015b_gDNA_tumour, AM015b-X1_gDNA_tumour"
"3","PD53343g_hum","AM015b-X3_gDNA_tumour","AJUBA:chr14:22981951:G:A","AJUBA",NA,NA,NA,"chr14:22981951","G:A","1","Public",6,"AM015b-X3_gDNA_tumour, AM015b-X2_gDNA_tumour, AM015a-X3-Cell2, AM015b-X2-Cell, AM015b_gDNA_tumour, AM015b-X1_gDNA_tumour"
"4","PD53343g_hum","AM015b-X3_gDNA_tumour","AQP11:chr11:77590288:A:G","AQP11",NA,NA,NA,"chr11:77590288","A:G","1","Public",6,"AM015b-X3_gDNA_tumour, AM015b-X2_gDNA_tumour, AM015a-X3-Cell2, AM015b-X2-Cell, AM015b_gDNA_tumour, AM015b-X1_gDNA_tumour"
"5","PD53343g_hum","AM015b-X3_gDNA_tumour","ARHGEF12:chr11:120473097:G:C","ARHGEF12","TSG, fusion","AML","","chr11:120473097","G:C","1","Public",6,"AM015b-X3_gDNA_tumour, AM015b-X2_gDNA_tumour, AM015a-X3-Cell2, AM015b-X2-Cell, AM015b_gDNA_tumour, AM015b-X1_gDNA_tumour"
"6","PD53343g_hum","AM015b-X3_gDNA_tumour","AXIN2:chr17:65541496:T:C","AXIN2","TSG","colorectal carcinoma, stomach carcinoma, hepatocellular carcinoma","colorectal carcinoma","chr17:65541496","T:C","1","Public",6,"AM015b-X3_gDNA_tumour, AM015b-X2_gDNA_tumour, AM015a-X3-Cell2, AM015b-X2-Cell, AM015b_gDNA_tumour, AM015b-X1_gDNA_tumour"
"7","PD53343g_hum","AM015b-X3_gDNA_tumour","BCL11B:chr14:99175069:G:A","BCL11B","oncogene, TSG, fusion","T-ALL","","chr14:99175069","G:A","1","Public",6,"AM015b-X3_gDNA_tumour, AM015b-X2_gDNA_tumour, AM015a-X3-Cell2, AM015b-X2-Cell, AM015b_gDNA_tumour, AM015b-X1_gDNA_tumour"
"8","PD53343g_hum","AM015b-X3_gDNA_tumour","BLK:chr8:11563049:C:T","BLK",NA,NA,NA,"chr8:11563049","C:T","1","Public",6,"AM015b-X3_gDNA_tumour, AM015b-X2_gDNA_tumour, AM015a-X3-Cell2, AM015b-X2-Cell, AM015b_gDNA_tumour, AM015b-X1_gDNA_tumour"
"9","PD53343g_hum","AM015b-X3_gDNA_tumour","BRWD1:chr21:39270325:T:C","BRWD1",NA,NA,NA,"chr21:39270325","T:C","1","Public",6,"AM015b-X3_gDNA_tumour, AM015b-X2_gDNA_tumour, AM015a-X3-Cell2, AM015b-X2-Cell, AM015b_gDNA_tumour, AM015b-X1_gDNA_tumour"
"10","PD53343g_hum","AM015b-X3_gDNA_tumour","CCDC159:chr19:11352114:C:T","CCDC159",NA,NA,NA,"chr19:11352114","C:T","1","Public",6,"AM015b-X3_gDNA_tumour, AM015b-X2_gDNA_tumour, AM015a-X3-Cell2, AM015b-X2-Cell, AM015b_gDNA_tumour, AM015b-X1_gDNA_tumour"
"11","PD53343g_hum","AM015b-X3_gDNA_tumour","CCT6A:chr7:56059641:G:C","CCT6A",NA,NA,NA,"chr7:56059641","G:C","1","Public",6,"AM015b-X3_gDNA_tumour, AM015b-X2_gDNA_tumour, AM015a-X3-Cell2, AM015b-X2-Cell, AM015b_gDNA_tumour, AM015b-X1_gDNA_tumour"
"12","PD53343g_hum","AM015b-X3_gDNA_tumour","CD1C:chr1:158291245:G:T","CD1C",NA,NA,NA,"chr1:158291245","G:T","1","Public",6,"AM015b-X3_gDNA_tumour, AM015b-X2_gDNA_tumour, AM015a-X3-Cell2, AM015b-X2-Cell, AM015b_gDNA_tumour, AM015b-X1_gDNA_tumour"
"13","PD53343g_hum","AM015b-X3_gDNA_tumour","CEACAM5:chr19:41715698:C:T","CEACAM5",NA,NA,NA,"chr19:41715698","C:T","1","Public",6,"AM015b-X3_gDNA_tumour, AM015b-X2_gDNA_tumour, AM015a-X3-Cell2, AM015b-X2-Cell, AM015b_gDNA_tumour, AM015b-X1_gDNA_tumour"
"14","PD53343g_hum","AM015b-X3_gDNA_tumour","CEP170:chr1:243191056:A:C","CEP170",NA,NA,NA,"chr1:243191056","A:C","1","Public",6,"AM015b-X3_gDNA_tumour, AM015b-X2_gDNA_tumour, AM015a-X3-Cell2, AM015b-X2-Cell, AM015b_gDNA_tumour, AM015b-X1_gDNA_tumour"
"15","PD53343g_hum","AM015b-X3_gDNA_tumour","CEP350:chr1:180020839:G:T","CEP350",NA,NA,NA,"chr1:180020839","G:T","1","Public",6,"AM015b-X3_gDNA_tumour, AM015b-X2_gDNA_tumour, AM015a-X3-Cell2, AM015b-X2-Cell, AM015b_gDNA_tumour, AM015b-X1_gDNA_tumour"
"16","PD53343g_hum","AM015b-X3_gDNA_tumour","CORO7-PAM16:chr16:4364333:G:A","CORO7-PAM16",NA,NA,NA,"chr16:4364333","G:A","1","Public",6,"AM015b-X3_gDNA_tumour, AM015b-X2_gDNA_tumour, AM015a-X3-Cell2, AM015b-X2-Cell, AM015b_gDNA_tumour, AM015b-X1_gDNA_tumour"
"17","PD53343g_hum","AM015b-X3_gDNA_tumour","CORO7:chr16:4364333:G:A","CORO7",NA,NA,NA,"chr16:4364333","G:A","1","Public",6,"AM015b-X3_gDNA_tumour, AM015b-X2_gDNA_tumour, AM015a-X3-Cell2, AM015b-X2-Cell, AM015b_gDNA_tumour, AM015b-X1_gDNA_tumour"
"18","PD53343g_hum","AM015b-X3_gDNA_tumour","CTNNB1:chr3:41224645:T:C","CTNNB1","oncogene, fusion","colorectal, ovarian,  hepatoblastoma, pleomorphic salivary gland adenoma, other tumour types","","chr3:41224645","T:C","1","Public",6,"AM015b-X3_gDNA_tumour, AM015b-X2_gDNA_tumour, AM015a-X3-Cell2, AM015b-X2-Cell, AM015b_gDNA_tumour, AM015b-X1_gDNA_tumour"
"19","PD53343g_hum","AM015b-X3_gDNA_tumour","DAP:chr5:10680756:G:A","DAP",NA,NA,NA,"chr5:10680756","G:A","1","Public",6,"AM015b-X3_gDNA_tumour, AM015b-X2_gDNA_tumour, AM015a-X3-Cell2, AM015b-X2-Cell, AM015b_gDNA_tumour, AM015b-X1_gDNA_tumour"
"20","PD53343g_hum","AM015b-X3_gDNA_tumour","DAP:chr5:10680884:G:A","DAP",NA,NA,NA,"chr5:10680884","G:A","1","Public",6,"AM015b-X3_gDNA_tumour, AM015b-X2_gDNA_tumour, AM015a-X3-Cell2, AM015b-X2-Cell, AM015b_gDNA_tumour, AM015b-X1_gDNA_tumour"
"21","PD53343g_hum","AM015b-X3_gDNA_tumour","DAP:chr5:10680924:G:A","DAP",NA,NA,NA,"chr5:10680924","G:A","1","Public",6,"AM015b-X3_gDNA_tumour, AM015b-X2_gDNA_tumour, AM015a-X3-Cell2, AM015b-X2-Cell, AM015b_gDNA_tumour, AM015b-X1_gDNA_tumour"
"22","PD53343g_hum","AM015b-X3_gDNA_tumour","DAPK1:chr9:87646506:C:T","DAPK1",NA,NA,NA,"chr9:87646506","C:T","1","Public",6,"AM015b-X3_gDNA_tumour, AM015b-X2_gDNA_tumour, AM015a-X3-Cell2, AM015b-X2-Cell, AM015b_gDNA_tumour, AM015b-X1_gDNA_tumour"
"23","PD53343g_hum","AM015b-X3_gDNA_tumour","DENND5A:chr11:9141965:G:A","DENND5A",NA,NA,NA,"chr11:9141965","G:A","1","Public",6,"AM015b-X3_gDNA_tumour, AM015b-X2_gDNA_tumour, AM015a-X3-Cell2, AM015b-X2-Cell, AM015b_gDNA_tumour, AM015b-X1_gDNA_tumour"
"24","PD53343g_hum","AM015b-X3_gDNA_tumour","DNAH10:chr12:123853275:G:A","DNAH10",NA,NA,NA,"chr12:123853275","G:A","1","Public",6,"AM015b-X3_gDNA_tumour, AM015b-X2_gDNA_tumour, AM015a-X3-Cell2, AM015b-X2-Cell, AM015b_gDNA_tumour, AM015b-X1_gDNA_tumour"
"25","PD53343g_hum","AM015b-X3_gDNA_tumour","DSN1:chr20:36762471:C:T","DSN1",NA,NA,NA,"chr20:36762471","C:T","1","Public",6,"AM015b-X3_gDNA_tumour, AM015b-X2_gDNA_tumour, AM015a-X3-Cell2, AM015b-X2-Cell, AM015b_gDNA_tumour, AM015b-X1_gDNA_tumour"
"26","PD53343g_hum","AM015b-X3_gDNA_tumour","DVL3:chr3:184170649:C:T","DVL3",NA,NA,NA,"chr3:184170649","C:T","1","Public",6,"AM015b-X3_gDNA_tumour, AM015b-X2_gDNA_tumour, AM015a-X3-Cell2, AM015b-X2-Cell, AM015b_gDNA_tumour, AM015b-X1_gDNA_tumour"
"27","PD53343g_hum","AM015b-X3_gDNA_tumour","ELP2:chr18:36154909:C:A","ELP2",NA,NA,NA,"chr18:36154909","C:A","1","Public",6,"AM015b-X3_gDNA_tumour, AM015b-X2_gDNA_tumour, AM015a-X3-Cell2, AM015b-X2-Cell, AM015b_gDNA_tumour, AM015b-X1_gDNA_tumour"
"28","PD53343g_hum","AM015b-X3_gDNA_tumour","FRY:chr13:32224240:C:T","FRY",NA,NA,NA,"chr13:32224240","C:T","1","Public",6,"AM015b-X3_gDNA_tumour, AM015b-X2_gDNA_tumour, AM015a-X3-Cell2, AM015b-X2-Cell, AM015b_gDNA_tumour, AM015b-X1_gDNA_tumour"
"29","PD53343g_hum","AM015b-X3_gDNA_tumour","GABBR2:chr9:98306269:A:G","GABBR2",NA,NA,NA,"chr9:98306269","A:G","1","Public",6,"AM015b-X3_gDNA_tumour, AM015b-X2_gDNA_tumour, AM015a-X3-Cell2, AM015b-X2-Cell, AM015b_gDNA_tumour, AM015b-X1_gDNA_tumour"
"30","PD53343g_hum","AM015b-X3_gDNA_tumour","GALNT18:chr11:11379185:G:A","GALNT18",NA,NA,NA,"chr11:11379185","G:A","1","Public",6,"AM015b-X3_gDNA_tumour, AM015b-X2_gDNA_tumour, AM015a-X3-Cell2, AM015b-X2-Cell, AM015b_gDNA_tumour, AM015b-X1_gDNA_tumour"
"31","PD53343g_hum","AM015b-X3_gDNA_tumour","GAPVD1:chr9:125298952:C:T","GAPVD1",NA,NA,NA,"chr9:125298952","C:T","1","Public",6,"AM015b-X3_gDNA_tumour, AM015b-X2_gDNA_tumour, AM015a-X3-Cell2, AM015b-X2-Cell, AM015b_gDNA_tumour, AM015b-X1_gDNA_tumour"
"32","PD53343g_hum","AM015b-X3_gDNA_tumour","GLT8D1:chr3:52697887:G:A","GLT8D1",NA,NA,NA,"chr3:52697887","G:A","1","Public",6,"AM015b-X3_gDNA_tumour, AM015b-X2_gDNA_tumour, AM015a-X3-Cell2, AM015b-X2-Cell, AM015b_gDNA_tumour, AM015b-X1_gDNA_tumour"
"33","PD53343g_hum","AM015b-X3_gDNA_tumour","GNL1:chr6:30547403:-:A","GNL1",NA,NA,NA,"chr6:30547403","-:A","1","Public",6,"AM015b-X3_gDNA_tumour, AM015b-X2_gDNA_tumour, AM015a-X3-Cell2, AM015b-X2-Cell, AM015b_gDNA_tumour, AM015b-X1_gDNA_tumour"
"34","PD53343g_hum","AM015b-X3_gDNA_tumour","GNL1:chr6:30547425:A:G","GNL1",NA,NA,NA,"chr6:30547425","A:G","1","Public",6,"AM015b-X3_gDNA_tumour, AM015b-X2_gDNA_tumour, AM015a-X3-Cell2, AM015b-X2-Cell, AM015b_gDNA_tumour, AM015b-X1_gDNA_tumour"
"35","PD53343g_hum","AM015b-X3_gDNA_tumour","H2BC10:chr6:26273265:C:T","H2BC10",NA,NA,NA,"chr6:26273265","C:T","1","Public",6,"AM015b-X3_gDNA_tumour, AM015b-X2_gDNA_tumour, AM015a-X3-Cell2, AM015b-X2-Cell, AM015b_gDNA_tumour, AM015b-X1_gDNA_tumour"
"36","PD53343g_hum","AM015b-X3_gDNA_tumour","HDLBP:chr2:241230890:C:T","HDLBP",NA,NA,NA,"chr2:241230890","C:T","1","Public",6,"AM015b-X3_gDNA_tumour, AM015b-X2_gDNA_tumour, AM015a-X3-Cell2, AM015b-X2-Cell, AM015b_gDNA_tumour, AM015b-X1_gDNA_tumour"
"37","PD53343g_hum","AM015b-X3_gDNA_tumour","HEPHL1:chr11:94088916:C:T","HEPHL1",NA,NA,NA,"chr11:94088916","C:T","1","Public",6,"AM015b-X3_gDNA_tumour, AM015b-X2_gDNA_tumour, AM015a-X3-Cell2, AM015b-X2-Cell, AM015b_gDNA_tumour, AM015b-X1_gDNA_tumour"
"38","PD53343g_hum","AM015b-X3_gDNA_tumour","IFIT2:chr10:89306959:C:T","IFIT2",NA,NA,NA,"chr10:89306959","C:T","1","Public",6,"AM015b-X3_gDNA_tumour, AM015b-X2_gDNA_tumour, AM015a-X3-Cell2, AM015b-X2-Cell, AM015b_gDNA_tumour, AM015b-X1_gDNA_tumour"
"39","PD53343g_hum","AM015b-X3_gDNA_tumour","IRF2BPL:chr14:77025781:C:T","IRF2BPL",NA,NA,NA,"chr14:77025781","C:T","1","Public",6,"AM015b-X3_gDNA_tumour, AM015b-X2_gDNA_tumour, AM015a-X3-Cell2, AM015b-X2-Cell, AM015b_gDNA_tumour, AM015b-X1_gDNA_tumour"
"40","PD53343g_hum","AM015b-X3_gDNA_tumour","ITGA3:chr17:50089140:C:T","ITGA3",NA,NA,NA,"chr17:50089140","C:T","1","Public",6,"AM015b-X3_gDNA_tumour, AM015b-X2_gDNA_tumour, AM015a-X3-Cell2, AM015b-X2-Cell, AM015b_gDNA_tumour, AM015b-X1_gDNA_tumour"
"41","PD53343g_hum","AM015b-X3_gDNA_tumour","JAKMIP3:chr10:132104900:A:G","JAKMIP3",NA,NA,NA,"chr10:132104900","A:G","1","Public",6,"AM015b-X3_gDNA_tumour, AM015b-X2_gDNA_tumour, AM015a-X3-Cell2, AM015b-X2-Cell, AM015b_gDNA_tumour, AM015b-X1_gDNA_tumour"
"42","PD53343g_hum","AM015b-X3_gDNA_tumour","KCNA5:chr12:5045933:T:C","KCNA5",NA,NA,NA,"chr12:5045933","T:C","1","Public",6,"AM015b-X3_gDNA_tumour, AM015b-X2_gDNA_tumour, AM015a-X3-Cell2, AM015b-X2-Cell, AM015b_gDNA_tumour, AM015b-X1_gDNA_tumour"
"43","PD53343g_hum","AM015b-X3_gDNA_tumour","KCNK9:chr8:139618629:C:T","KCNK9",NA,NA,NA,"chr8:139618629","C:T","1","Public",6,"AM015b-X3_gDNA_tumour, AM015b-X2_gDNA_tumour, AM015a-X3-Cell2, AM015b-X2-Cell, AM015b_gDNA_tumour, AM015b-X1_gDNA_tumour"
"44","PD53343g_hum","AM015b-X3_gDNA_tumour","KCTD3:chr1:215620302:C:T","KCTD3",NA,NA,NA,"chr1:215620302","C:T","1","Public",6,"AM015b-X3_gDNA_tumour, AM015b-X2_gDNA_tumour, AM015a-X3-Cell2, AM015b-X2-Cell, AM015b_gDNA_tumour, AM015b-X1_gDNA_tumour"
"45","PD53343g_hum","AM015b-X3_gDNA_tumour","KIT:chr4:54727495:T:C","KIT","oncogene","GIST, AML, TGCT, mastocytosis, mucosal melanoma","GIST, epithelioma","chr4:54727495","T:C","1","Public",6,"AM015b-X3_gDNA_tumour, AM015b-X2_gDNA_tumour, AM015a-X3-Cell2, AM015b-X2-Cell, AM015b_gDNA_tumour, AM015b-X1_gDNA_tumour"
"46","PD53343g_hum","AM015b-X3_gDNA_tumour","KRT27:chr17:40782224:G:T","KRT27",NA,NA,NA,"chr17:40782224","G:T","1","Public",6,"AM015b-X3_gDNA_tumour, AM015b-X2_gDNA_tumour, AM015a-X3-Cell2, AM015b-X2-Cell, AM015b_gDNA_tumour, AM015b-X1_gDNA_tumour"
"47","PD53343g_hum","AM015b-X3_gDNA_tumour","LRTM1:chr3:54925004:C:A","LRTM1",NA,NA,NA,"chr3:54925004","C:A","1","Public",6,"AM015b-X3_gDNA_tumour, AM015b-X2_gDNA_tumour, AM015a-X3-Cell2, AM015b-X2-Cell, AM015b_gDNA_tumour, AM015b-X1_gDNA_tumour"
"48","PD53343g_hum","AM015b-X3_gDNA_tumour","MAN1C1:chr1:25778154:T:C","MAN1C1",NA,NA,NA,"chr1:25778154","T:C","1","Public",6,"AM015b-X3_gDNA_tumour, AM015b-X2_gDNA_tumour, AM015a-X3-Cell2, AM015b-X2-Cell, AM015b_gDNA_tumour, AM015b-X1_gDNA_tumour"
"49","PD53343g_hum","AM015b-X3_gDNA_tumour","MAPKAPK3:chr3:50617648:-:G","MAPKAPK3",NA,NA,NA,"chr3:50617648","-:G","1","Public",6,"AM015b-X3_gDNA_tumour, AM015b-X2_gDNA_tumour, AM015a-X3-Cell2, AM015b-X2-Cell, AM015b_gDNA_tumour, AM015b-X1_gDNA_tumour"
"50","PD53343g_hum","AM015b-X3_gDNA_tumour","MGP:chr12:14884228:C:T","MGP",NA,NA,NA,"chr12:14884228","C:T","1","Public",6,"AM015b-X3_gDNA_tumour, AM015b-X2_gDNA_tumour, AM015a-X3-Cell2, AM015b-X2-Cell, AM015b_gDNA_tumour, AM015b-X1_gDNA_tumour"
"51","PD53343g_hum","AM015b-X3_gDNA_tumour","MMP2:chr16:55484117:G:A","MMP2",NA,NA,NA,"chr16:55484117","G:A","1","Public",6,"AM015b-X3_gDNA_tumour, AM015b-X2_gDNA_tumour, AM015a-X3-Cell2, AM015b-X2-Cell, AM015b_gDNA_tumour, AM015b-X1_gDNA_tumour"
"52","PD53343g_hum","AM015b-X3_gDNA_tumour","MYO10:chr5:16762044:C:G","MYO10",NA,NA,NA,"chr5:16762044","C:G","1","Public",6,"AM015b-X3_gDNA_tumour, AM015b-X2_gDNA_tumour, AM015a-X3-Cell2, AM015b-X2-Cell, AM015b_gDNA_tumour, AM015b-X1_gDNA_tumour"
"53","PD53343g_hum","AM015b-X3_gDNA_tumour","MYO9B:chr19:17172763:T:C","MYO9B",NA,NA,NA,"chr19:17172763","T:C","1","Public",6,"AM015b-X3_gDNA_tumour, AM015b-X2_gDNA_tumour, AM015a-X3-Cell2, AM015b-X2-Cell, AM015b_gDNA_tumour, AM015b-X1_gDNA_tumour"
"54","PD53343g_hum","AM015b-X3_gDNA_tumour","NXF3:chrX:103077648:G:A","NXF3",NA,NA,NA,"chrX:103077648","G:A","1","Public",6,"AM015b-X3_gDNA_tumour, AM015b-X2_gDNA_tumour, AM015a-X3-Cell2, AM015b-X2-Cell, AM015b_gDNA_tumour, AM015b-X1_gDNA_tumour"
"55","PD53343g_hum","AM015b-X3_gDNA_tumour","OR52D1:chr11:5489629:T:A","OR52D1",NA,NA,NA,"chr11:5489629","T:A","1","Public",6,"AM015b-X3_gDNA_tumour, AM015b-X2_gDNA_tumour, AM015a-X3-Cell2, AM015b-X2-Cell, AM015b_gDNA_tumour, AM015b-X1_gDNA_tumour"
"56","PD53343g_hum","AM015b-X3_gDNA_tumour","OR7E24:chr19:9251483:C:T","OR7E24",NA,NA,NA,"chr19:9251483","C:T","1","Public",6,"AM015b-X3_gDNA_tumour, AM015b-X2_gDNA_tumour, AM015a-X3-Cell2, AM015b-X2-Cell, AM015b_gDNA_tumour, AM015b-X1_gDNA_tumour"
"57","PD53343g_hum","AM015b-X3_gDNA_tumour","PCLO:chr7:82953870:AA:-","PCLO",NA,NA,NA,"chr7:82953870","AA:-","1","Public",6,"AM015b-X3_gDNA_tumour, AM015b-X2_gDNA_tumour, AM015a-X3-Cell2, AM015b-X2-Cell, AM015b_gDNA_tumour, AM015b-X1_gDNA_tumour"
"58","PD53343g_hum","AM015b-X3_gDNA_tumour","PHF20L1:chr8:132816943:A:T","PHF20L1",NA,NA,NA,"chr8:132816943","A:T","1","Public",6,"AM015b-X3_gDNA_tumour, AM015b-X2_gDNA_tumour, AM015a-X3-Cell2, AM015b-X2-Cell, AM015b_gDNA_tumour, AM015b-X1_gDNA_tumour"
"59","PD53343g_hum","AM015b-X3_gDNA_tumour","PLEKHA6:chr1:204257862:T:C","PLEKHA6",NA,NA,NA,"chr1:204257862","T:C","1","Public",6,"AM015b-X3_gDNA_tumour, AM015b-X2_gDNA_tumour, AM015a-X3-Cell2, AM015b-X2-Cell, AM015b_gDNA_tumour, AM015b-X1_gDNA_tumour"
"60","PD53343g_hum","AM015b-X3_gDNA_tumour","POM121L2:chr6:27309929:G:A","POM121L2",NA,NA,NA,"chr6:27309929","G:A","1","Public",6,"AM015b-X3_gDNA_tumour, AM015b-X2_gDNA_tumour, AM015a-X3-Cell2, AM015b-X2-Cell, AM015b_gDNA_tumour, AM015b-X1_gDNA_tumour"
"61","PD53343g_hum","AM015b-X3_gDNA_tumour","PPP4R4:chr14:94265884:C:G","PPP4R4",NA,NA,NA,"chr14:94265884","C:G","1","Public",6,"AM015b-X3_gDNA_tumour, AM015b-X2_gDNA_tumour, AM015a-X3-Cell2, AM015b-X2-Cell, AM015b_gDNA_tumour, AM015b-X1_gDNA_tumour"
"62","PD53343g_hum","AM015b-X3_gDNA_tumour","PTPN11:chr12:112489106:G:C","PTPN11","oncogene","JMML, AML, MDS","","chr12:112489106","G:C","1","Public",6,"AM015b-X3_gDNA_tumour, AM015b-X2_gDNA_tumour, AM015a-X3-Cell2, AM015b-X2-Cell, AM015b_gDNA_tumour, AM015b-X1_gDNA_tumour"
"63","PD53343g_hum","AM015b-X3_gDNA_tumour","RADX:chrX:106639602:T:A","RADX",NA,NA,NA,"chrX:106639602","T:A","1","Public",6,"AM015b-X3_gDNA_tumour, AM015b-X2_gDNA_tumour, AM015a-X3-Cell2, AM015b-X2-Cell, AM015b_gDNA_tumour, AM015b-X1_gDNA_tumour"
"64","PD53343g_hum","AM015b-X3_gDNA_tumour","RFC1:chr4:39303067:C:A","RFC1",NA,NA,NA,"chr4:39303067","C:A","1","Public",6,"AM015b-X3_gDNA_tumour, AM015b-X2_gDNA_tumour, AM015a-X3-Cell2, AM015b-X2-Cell, AM015b_gDNA_tumour, AM015b-X1_gDNA_tumour"
"65","PD53343g_hum","AM015b-X3_gDNA_tumour","RNPC3:chr1:103546977:G:C","RNPC3",NA,NA,NA,"chr1:103546977","G:C","1","Public",6,"AM015b-X3_gDNA_tumour, AM015b-X2_gDNA_tumour, AM015a-X3-Cell2, AM015b-X2-Cell, AM015b_gDNA_tumour, AM015b-X1_gDNA_tumour"
"66","PD53343g_hum","AM015b-X3_gDNA_tumour","ROBO3:chr11:124873041:C:T","ROBO3",NA,NA,NA,"chr11:124873041","C:T","1","Public",6,"AM015b-X3_gDNA_tumour, AM015b-X2_gDNA_tumour, AM015a-X3-Cell2, AM015b-X2-Cell, AM015b_gDNA_tumour, AM015b-X1_gDNA_tumour"
"67","PD53343g_hum","AM015b-X3_gDNA_tumour","RP1:chr8:54622190:G:A","RP1",NA,NA,NA,"chr8:54622190","G:A","1","Public",6,"AM015b-X3_gDNA_tumour, AM015b-X2_gDNA_tumour, AM015a-X3-Cell2, AM015b-X2-Cell, AM015b_gDNA_tumour, AM015b-X1_gDNA_tumour"
"68","PD53343g_hum","AM015b-X3_gDNA_tumour","SCN11A:chr3:38904075:G:A","SCN11A",NA,NA,NA,"chr3:38904075","G:A","1","Public",6,"AM015b-X3_gDNA_tumour, AM015b-X2_gDNA_tumour, AM015a-X3-Cell2, AM015b-X2-Cell, AM015b_gDNA_tumour, AM015b-X1_gDNA_tumour"
"69","PD53343g_hum","AM015b-X3_gDNA_tumour","SEPTIN3:chr22:41989662:A:G","SEPTIN3",NA,NA,NA,"chr22:41989662","A:G","1","Public",6,"AM015b-X3_gDNA_tumour, AM015b-X2_gDNA_tumour, AM015a-X3-Cell2, AM015b-X2-Cell, AM015b_gDNA_tumour, AM015b-X1_gDNA_tumour"
"70","PD53343g_hum","AM015b-X3_gDNA_tumour","SFTPA2:chr10:79559317:G:A","SFTPA2",NA,NA,NA,"chr10:79559317","G:A","1","Public",6,"AM015b-X3_gDNA_tumour, AM015b-X2_gDNA_tumour, AM015a-X3-Cell2, AM015b-X2-Cell, AM015b_gDNA_tumour, AM015b-X1_gDNA_tumour"
"71","PD53343g_hum","AM015b-X3_gDNA_tumour","SGPP2:chr2:222558371:A:C","SGPP2",NA,NA,NA,"chr2:222558371","A:C","1","Public",6,"AM015b-X3_gDNA_tumour, AM015b-X2_gDNA_tumour, AM015a-X3-Cell2, AM015b-X2-Cell, AM015b_gDNA_tumour, AM015b-X1_gDNA_tumour"
"72","PD53343g_hum","AM015b-X3_gDNA_tumour","SH3TC1:chr4:8205207:C:G","SH3TC1",NA,NA,NA,"chr4:8205207","C:G","1","Public",6,"AM015b-X3_gDNA_tumour, AM015b-X2_gDNA_tumour, AM015a-X3-Cell2, AM015b-X2-Cell, AM015b_gDNA_tumour, AM015b-X1_gDNA_tumour"
"73","PD53343g_hum","AM015b-X3_gDNA_tumour","SLC16A14:chr2:230046345:C:T","SLC16A14",NA,NA,NA,"chr2:230046345","C:T","1","Public",6,"AM015b-X3_gDNA_tumour, AM015b-X2_gDNA_tumour, AM015a-X3-Cell2, AM015b-X2-Cell, AM015b_gDNA_tumour, AM015b-X1_gDNA_tumour"
"74","PD53343g_hum","AM015b-X3_gDNA_tumour","SLC7A7:chr14:22780010:T:C","SLC7A7",NA,NA,NA,"chr14:22780010","T:C","1","Public",6,"AM015b-X3_gDNA_tumour, AM015b-X2_gDNA_tumour, AM015a-X3-Cell2, AM015b-X2-Cell, AM015b_gDNA_tumour, AM015b-X1_gDNA_tumour"
"75","PD53343g_hum","AM015b-X3_gDNA_tumour","SLC9A3:chr5:488471:G:A","SLC9A3",NA,NA,NA,"chr5:488471","G:A","1","Public",6,"AM015b-X3_gDNA_tumour, AM015b-X2_gDNA_tumour, AM015a-X3-Cell2, AM015b-X2-Cell, AM015b_gDNA_tumour, AM015b-X1_gDNA_tumour"
"76","PD53343g_hum","AM015b-X3_gDNA_tumour","SOWAHA:chr5:132813809:A:G","SOWAHA",NA,NA,NA,"chr5:132813809","A:G","1","Public",6,"AM015b-X3_gDNA_tumour, AM015b-X2_gDNA_tumour, AM015a-X3-Cell2, AM015b-X2-Cell, AM015b_gDNA_tumour, AM015b-X1_gDNA_tumour"
"77","PD53343g_hum","AM015b-X3_gDNA_tumour","SPANXB1:chrX:141003529:G:A","SPANXB1",NA,NA,NA,"chrX:141003529","G:A","1","Public",6,"AM015b-X3_gDNA_tumour, AM015b-X2_gDNA_tumour, AM015a-X3-Cell2, AM015b-X2-Cell, AM015b_gDNA_tumour, AM015b-X1_gDNA_tumour"
"78","PD53343g_hum","AM015b-X3_gDNA_tumour","SPATS1:chr6:44368496:C:T","SPATS1",NA,NA,NA,"chr6:44368496","C:T","1","Public",6,"AM015b-X3_gDNA_tumour, AM015b-X2_gDNA_tumour, AM015a-X3-Cell2, AM015b-X2-Cell, AM015b_gDNA_tumour, AM015b-X1_gDNA_tumour"
"79","PD53343g_hum","AM015b-X3_gDNA_tumour","SUCLA2:chr13:47996858:T:C","SUCLA2",NA,NA,NA,"chr13:47996858","T:C","1","Public",6,"AM015b-X3_gDNA_tumour, AM015b-X2_gDNA_tumour, AM015a-X3-Cell2, AM015b-X2-Cell, AM015b_gDNA_tumour, AM015b-X1_gDNA_tumour"
"80","PD53343g_hum","AM015b-X3_gDNA_tumour","SYNGAP1:chr6:33441241:A:C","SYNGAP1",NA,NA,NA,"chr6:33441241","A:C","1","Public",6,"AM015b-X3_gDNA_tumour, AM015b-X2_gDNA_tumour, AM015a-X3-Cell2, AM015b-X2-Cell, AM015b_gDNA_tumour, AM015b-X1_gDNA_tumour"
"81","PD53343g_hum","AM015b-X3_gDNA_tumour","TAS2R46:chr12:11062229:A:T","TAS2R46",NA,NA,NA,"chr12:11062229","A:T","1","Public",6,"AM015b-X3_gDNA_tumour, AM015b-X2_gDNA_tumour, AM015a-X3-Cell2, AM015b-X2-Cell, AM015b_gDNA_tumour, AM015b-X1_gDNA_tumour"
"82","PD53343g_hum","AM015b-X3_gDNA_tumour","TCTEX1D1:chr1:66777309:T:C","TCTEX1D1",NA,NA,NA,"chr1:66777309","T:C","1","Public",6,"AM015b-X3_gDNA_tumour, AM015b-X2_gDNA_tumour, AM015a-X3-Cell2, AM015b-X2-Cell, AM015b_gDNA_tumour, AM015b-X1_gDNA_tumour"
"83","PD53343g_hum","AM015b-X3_gDNA_tumour","TMC6:chr17:78126310:G:T","TMC6",NA,NA,NA,"chr17:78126310","G:T","1","Public",6,"AM015b-X3_gDNA_tumour, AM015b-X2_gDNA_tumour, AM015a-X3-Cell2, AM015b-X2-Cell, AM015b_gDNA_tumour, AM015b-X1_gDNA_tumour"
"84","PD53343g_hum","AM015b-X3_gDNA_tumour","TNRC18:chr7:5374287:G:A","TNRC18",NA,NA,NA,"chr7:5374287","G:A","1","Public",6,"AM015b-X3_gDNA_tumour, AM015b-X2_gDNA_tumour, AM015a-X3-Cell2, AM015b-X2-Cell, AM015b_gDNA_tumour, AM015b-X1_gDNA_tumour"
"85","PD53343g_hum","AM015b-X3_gDNA_tumour","TTN:chr2:178620579:C:T","TTN",NA,NA,NA,"chr2:178620579","C:T","1","Public",6,"AM015b-X3_gDNA_tumour, AM015b-X2_gDNA_tumour, AM015a-X3-Cell2, AM015b-X2-Cell, AM015b_gDNA_tumour, AM015b-X1_gDNA_tumour"
"86","PD53343g_hum","AM015b-X3_gDNA_tumour","TUBGCP5:chr15:23022100:C:T","TUBGCP5",NA,NA,NA,"chr15:23022100","C:T","1","Public",6,"AM015b-X3_gDNA_tumour, AM015b-X2_gDNA_tumour, AM015a-X3-Cell2, AM015b-X2-Cell, AM015b_gDNA_tumour, AM015b-X1_gDNA_tumour"
"87","PD53343g_hum","AM015b-X3_gDNA_tumour","TUT4:chr1:52446376:G:A","TUT4",NA,NA,NA,"chr1:52446376","G:A","1","Public",6,"AM015b-X3_gDNA_tumour, AM015b-X2_gDNA_tumour, AM015a-X3-Cell2, AM015b-X2-Cell, AM015b_gDNA_tumour, AM015b-X1_gDNA_tumour"
"88","PD53343g_hum","AM015b-X3_gDNA_tumour","TWNK:chr10:100989136:G:A","TWNK",NA,NA,NA,"chr10:100989136","G:A","1","Public",6,"AM015b-X3_gDNA_tumour, AM015b-X2_gDNA_tumour, AM015a-X3-Cell2, AM015b-X2-Cell, AM015b_gDNA_tumour, AM015b-X1_gDNA_tumour"
"89","PD53343g_hum","AM015b-X3_gDNA_tumour","TYK2:chr19:10359256:C:A","TYK2",NA,NA,NA,"chr19:10359256","C:A","1","Public",6,"AM015b-X3_gDNA_tumour, AM015b-X2_gDNA_tumour, AM015a-X3-Cell2, AM015b-X2-Cell, AM015b_gDNA_tumour, AM015b-X1_gDNA_tumour"
"90","PD53343g_hum","AM015b-X3_gDNA_tumour","UBE2V2:chr8:48049980:T:A","UBE2V2",NA,NA,NA,"chr8:48049980","T:A","1","Public",6,"AM015b-X3_gDNA_tumour, AM015b-X2_gDNA_tumour, AM015a-X3-Cell2, AM015b-X2-Cell, AM015b_gDNA_tumour, AM015b-X1_gDNA_tumour"
"91","PD53343g_hum","AM015b-X3_gDNA_tumour","VCAM1:chr1:100731334:G:A","VCAM1",NA,NA,NA,"chr1:100731334","G:A","1","Public",6,"AM015b-X3_gDNA_tumour, AM015b-X2_gDNA_tumour, AM015a-X3-Cell2, AM015b-X2-Cell, AM015b_gDNA_tumour, AM015b-X1_gDNA_tumour"
"92","PD53343g_hum","AM015b-X3_gDNA_tumour","WIPI2:chr7:5217986:G:T","WIPI2",NA,NA,NA,"chr7:5217986","G:T","1","Public",6,"AM015b-X3_gDNA_tumour, AM015b-X2_gDNA_tumour, AM015a-X3-Cell2, AM015b-X2-Cell, AM015b_gDNA_tumour, AM015b-X1_gDNA_tumour"
"93","PD53343g_hum","AM015b-X3_gDNA_tumour","ZNF225:chr19:44132440:C:T","ZNF225",NA,NA,NA,"chr19:44132440","C:T","1","Public",6,"AM015b-X3_gDNA_tumour, AM015b-X2_gDNA_tumour, AM015a-X3-Cell2, AM015b-X2-Cell, AM015b_gDNA_tumour, AM015b-X1_gDNA_tumour"
"94","PD53343g_hum","AM015b-X3_gDNA_tumour","ZNF510:chr9:96776040:A:T","ZNF510",NA,NA,NA,"chr9:96776040","A:T","1","Public",6,"AM015b-X3_gDNA_tumour, AM015b-X2_gDNA_tumour, AM015a-X3-Cell2, AM015b-X2-Cell, AM015b_gDNA_tumour, AM015b-X1_gDNA_tumour"
"95","PD53343g_hum","AM015b-X3_gDNA_tumour","ZUP1:chr6:116651659:-:C","ZUP1",NA,NA,NA,"chr6:116651659","-:C","1","Public",6,"AM015b-X3_gDNA_tumour, AM015b-X2_gDNA_tumour, AM015a-X3-Cell2, AM015b-X2-Cell, AM015b_gDNA_tumour, AM015b-X1_gDNA_tumour"
"96","PD53343g_hum","AM015b-X3_gDNA_tumour","ZZEF1:chr17:4056226:T:A","ZZEF1",NA,NA,NA,"chr17:4056226","T:A","1","Public",6,"AM015b-X3_gDNA_tumour, AM015b-X2_gDNA_tumour, AM015a-X3-Cell2, AM015b-X2-Cell, AM015b_gDNA_tumour, AM015b-X1_gDNA_tumour"
"97","PD53343g_hum","AM015b-X3_gDNA_tumour","MZT1:chr13:72719065:C:T","MZT1",NA,NA,NA,"chr13:72719065","C:T","1","Shared",5,"AM015b-X3_gDNA_tumour, AM015b-X2_gDNA_tumour, AM015a-X3-Cell2, AM015b-X2-Cell, AM015b-X1_gDNA_tumour"
"98","PD53343g_hum","AM015b-X3_gDNA_tumour","TNKS:chr8:9555964:C:T","TNKS",NA,NA,NA,"chr8:9555964","C:T","1","Shared",5,"AM015b-X3_gDNA_tumour, AM015b-X2_gDNA_tumour, AM015a-X3-Cell2, AM015b_gDNA_tumour, AM015b-X1_gDNA_tumour"
"99","PD53343g_hum","AM015b-X3_gDNA_tumour","WNK1:chr12:885847:A:G","WNK1",NA,NA,NA,"chr12:885847","A:G","1","Shared",5,"AM015b-X3_gDNA_tumour, AM015b-X2_gDNA_tumour, AM015a-X3-Cell2, AM015b_gDNA_tumour, AM015b-X1_gDNA_tumour"
"100","PD53343g_hum","AM015b-X3_gDNA_tumour","XDH:chr2:31366033:C:G","XDH",NA,NA,NA,"chr2:31366033","C:G","1","Shared",5,"AM015b-X3_gDNA_tumour, AM015b-X2_gDNA_tumour, AM015a-X3-Cell2, AM015b_gDNA_tumour, AM015b-X1_gDNA_tumour"
"101","PD53343g_hum","AM015b-X3_gDNA_tumour","ALKBH8:chr11:107504818:C:T","ALKBH8",NA,NA,NA,"chr11:107504818","C:T","1","Shared",4,"AM015b-X3_gDNA_tumour, AM015b-X2_gDNA_tumour, AM015a-X3-Cell2, AM015b-X1_gDNA_tumour"
"102","PD53343g_hum","AM015b-X3_gDNA_tumour","CREBBP:chr16:3792089:G:-","CREBBP","oncogene, TSG, fusion","ALL, AML, DLBCL, B-NHL","","chr16:3792089","G:-","1","Shared",5,"AM015b-X3_gDNA_tumour, AM015b-X2_gDNA_tumour, AM015b-X2-Cell, AM015b_gDNA_tumour, AM015b-X1_gDNA_tumour"
"103","PD53343g_hum","AM015b-X3_gDNA_tumour","LAMA1:chr18:7042215:A:G","LAMA1",NA,NA,NA,"chr18:7042215","A:G","1","Shared",5,"AM015b-X3_gDNA_tumour, AM015b-X2_gDNA_tumour, AM015b-X2-Cell, AM015b_gDNA_tumour, AM015b-X1_gDNA_tumour"
"104","PD53343g_hum","AM015b-X3_gDNA_tumour","MEOX2:chr7:15686359:G:A","MEOX2",NA,NA,NA,"chr7:15686359","G:A","1","Shared",5,"AM015b-X3_gDNA_tumour, AM015b-X2_gDNA_tumour, AM015b-X2-Cell, AM015b_gDNA_tumour, AM015b-X1_gDNA_tumour"
"105","PD53343g_hum","AM015b-X3_gDNA_tumour","PLXNB2:chr22:50276628:C:G","PLXNB2",NA,NA,NA,"chr22:50276628","C:G","1","Shared",5,"AM015b-X3_gDNA_tumour, AM015b-X2_gDNA_tumour, AM015b-X2-Cell, AM015b_gDNA_tumour, AM015b-X1_gDNA_tumour"
"106","PD53343g_hum","AM015b-X3_gDNA_tumour","SLC5A3:chr21:34095572:A:G","SLC5A3",NA,NA,NA,"chr21:34095572","A:G","1","Shared",5,"AM015b-X3_gDNA_tumour, AM015b-X2_gDNA_tumour, AM015b-X2-Cell, AM015b_gDNA_tumour, AM015b-X1_gDNA_tumour"
"107","PD53343g_hum","AM015b-X3_gDNA_tumour","TSPAN15:chr10:69451662:C:T","TSPAN15",NA,NA,NA,"chr10:69451662","C:T","1","Shared",5,"AM015b-X3_gDNA_tumour, AM015b-X2_gDNA_tumour, AM015b-X2-Cell, AM015b_gDNA_tumour, AM015b-X1_gDNA_tumour"
"108","PD53343g_hum","AM015b-X3_gDNA_tumour","URGCP:chr7:43878107:C:T","URGCP",NA,NA,NA,"chr7:43878107","C:T","1","Shared",5,"AM015b-X3_gDNA_tumour, AM015b-X2_gDNA_tumour, AM015b-X2-Cell, AM015b_gDNA_tumour, AM015b-X1_gDNA_tumour"
"109","PD53343g_hum","AM015b-X3_gDNA_tumour","USP54:chr10:73504920:C:T","USP54",NA,NA,NA,"chr10:73504920","C:T","1","Shared",5,"AM015b-X3_gDNA_tumour, AM015b-X2_gDNA_tumour, AM015b-X2-Cell, AM015b_gDNA_tumour, AM015b-X1_gDNA_tumour"
"110","PD53343g_hum","AM015b-X3_gDNA_tumour","WNK4:chr17:42785347:C:T","WNK4",NA,NA,NA,"chr17:42785347","C:T","1","Shared",5,"AM015b-X3_gDNA_tumour, AM015b-X2_gDNA_tumour, AM015b-X2-Cell, AM015b_gDNA_tumour, AM015b-X1_gDNA_tumour"
"111","PD53343g_hum","AM015b-X3_gDNA_tumour","ZNF449:chrX:135347165:G:C","ZNF449",NA,NA,NA,"chrX:135347165","G:C","1","Shared",5,"AM015b-X3_gDNA_tumour, AM015b-X2_gDNA_tumour, AM015b-X2-Cell, AM015b_gDNA_tumour, AM015b-X1_gDNA_tumour"
"112","PD53343g_hum","AM015b-X3_gDNA_tumour","DAP:chr5:10680908:G:A","DAP",NA,NA,NA,"chr5:10680908","G:A","1","Shared",4,"AM015b-X3_gDNA_tumour, AM015b-X2_gDNA_tumour, AM015b-X2-Cell, AM015b-X1_gDNA_tumour"
"113","PD53343g_hum","AM015b-X3_gDNA_tumour","PRDM5:chr4:120798414:G:C","PRDM5",NA,NA,NA,"chr4:120798414","G:C","1","Shared",4,"AM015b-X3_gDNA_tumour, AM015b-X2_gDNA_tumour, AM015b-X2-Cell, AM015b-X1_gDNA_tumour"
"114","PD53343g_hum","AM015b-X3_gDNA_tumour","CELSR1:chr22:46536643:G:A","CELSR1",NA,NA,NA,"chr22:46536643","G:A","1","Shared",3,"AM015b-X3_gDNA_tumour, AM015b-X2_gDNA_tumour, AM015b-X2-Cell"
"115","PD53343g_hum","AM015b-X3_gDNA_tumour","SFTPA1:chr10:79611992:C:T","SFTPA1",NA,NA,NA,"chr10:79611992","C:T","1","Shared",3,"AM015b-X3_gDNA_tumour, AM015b-X2_gDNA_tumour, AM015b_gDNA_tumour"
"116","PD53343g_hum","AM015b-X3_gDNA_tumour","ARHGAP5:chr14:32090812:A:C","ARHGAP5","oncogene","colon cancer, glioma","","chr14:32090812","A:C","1","Shared",3,"AM015b-X3_gDNA_tumour, AM015b-X2_gDNA_tumour, AM015b-X1_gDNA_tumour"
"117","PD53343g_hum","AM015b-X3_gDNA_tumour","MGAM2:chr7:142166153:G:T","MGAM2",NA,NA,NA,"chr7:142166153","G:T","1","Shared",3,"AM015b-X3_gDNA_tumour, AM015b-X2_gDNA_tumour, AM015b-X1_gDNA_tumour"
"118","PD53343g_hum","AM015b-X3_gDNA_tumour","SPEN:chr1:15932157:G:-","SPEN","TSG","SMZL, adenoid cystic carcinoma, DLBCL","","chr1:15932157","G:-","1","Shared",3,"AM015b-X3_gDNA_tumour, AM015b-X2_gDNA_tumour, AM015b-X1_gDNA_tumour"
"119","PD53343g_hum","AM015b-X3_gDNA_tumour","YTHDF2:chr1:28742741:T:C","YTHDF2",NA,NA,NA,"chr1:28742741","T:C","1","Shared",3,"AM015b-X3_gDNA_tumour, AM015b-X2_gDNA_tumour, AM015b-X1_gDNA_tumour"
"120","PD53343g_hum","AM015b-X3_gDNA_tumour","PPP1CC:chr12:110722539:A:G","PPP1CC",NA,NA,NA,"chr12:110722539","A:G","1","Shared",2,"AM015b-X3_gDNA_tumour, AM015b-X2_gDNA_tumour"
"121","PD53343g_hum","AM015b-X3_gDNA_tumour","PPP1CC:chr12:110722648:G:T","PPP1CC",NA,NA,NA,"chr12:110722648","G:T","1","Shared",2,"AM015b-X3_gDNA_tumour, AM015b-X2_gDNA_tumour"
"122","PD53343g_hum","AM015b-X3_gDNA_tumour","PPP2R5A:chr1:212329231:G:T","PPP2R5A",NA,NA,NA,"chr1:212329231","G:T","1","Shared",2,"AM015b-X3_gDNA_tumour, AM015b-X2_gDNA_tumour"
"123","PD53343g_hum","AM015b-X3_gDNA_tumour","PUM1:chr1:31059390:C:T","PUM1",NA,NA,NA,"chr1:31059390","C:T","1","Shared",2,"AM015b-X3_gDNA_tumour, AM015b-X2_gDNA_tumour"
"124","PD53343g_hum","AM015b-X3_gDNA_tumour","UBE2N:chr12:93411132:G:T","UBE2N",NA,NA,NA,"chr12:93411132","G:T","1","Shared",2,"AM015b-X3_gDNA_tumour, AM015b-X2_gDNA_tumour"
"125","PD53343g_hum","AM015b-X3_gDNA_tumour","UBE2N:chr12:93411204:A:G","UBE2N",NA,NA,NA,"chr12:93411204","A:G","1","Shared",2,"AM015b-X3_gDNA_tumour, AM015b-X2_gDNA_tumour"
"126","PD53343g_hum","AM015b-X3_gDNA_tumour","UBE2N:chr12:93411255:G:T","UBE2N",NA,NA,NA,"chr12:93411255","G:T","1","Shared",2,"AM015b-X3_gDNA_tumour, AM015b-X2_gDNA_tumour"
"127","PD53343g_hum","AM015b-X3_gDNA_tumour","UBE2N:chr12:93411261:G:A","UBE2N",NA,NA,NA,"chr12:93411261","G:A","1","Shared",2,"AM015b-X3_gDNA_tumour, AM015b-X2_gDNA_tumour"
"128","PD53343g_hum","AM015b-X3_gDNA_tumour","YTHDF2:chr1:28742642:C:T","YTHDF2",NA,NA,NA,"chr1:28742642","C:T","1","Shared",2,"AM015b-X3_gDNA_tumour, AM015b-X2_gDNA_tumour"
"129","PD53343g_hum","AM015b-X3_gDNA_tumour","YTHDF2:chr1:28742705:G:A","YTHDF2",NA,NA,NA,"chr1:28742705","G:A","1","Shared",2,"AM015b-X3_gDNA_tumour, AM015b-X2_gDNA_tumour"
"130","PD53343g_hum","AM015b-X3_gDNA_tumour","YTHDF2:chr1:28742729:T:C","YTHDF2",NA,NA,NA,"chr1:28742729","T:C","1","Shared",2,"AM015b-X3_gDNA_tumour, AM015b-X2_gDNA_tumour"
"131","PD53343g_hum","AM015b-X3_gDNA_tumour","YTHDF2:chr1:28742804:G:A","YTHDF2",NA,NA,NA,"chr1:28742804","G:A","1","Shared",2,"AM015b-X3_gDNA_tumour, AM015b-X2_gDNA_tumour"
"132","PD53343g_hum","AM015b-X3_gDNA_tumour","YTHDF2:chr1:28743764:G:A","YTHDF2",NA,NA,NA,"chr1:28743764","G:A","1","Shared",2,"AM015b-X3_gDNA_tumour, AM015b-X2_gDNA_tumour"
"133","PD53343g_hum","AM015b-X3_gDNA_tumour","YTHDF2:chr1:28743812:C:T","YTHDF2",NA,NA,NA,"chr1:28743812","C:T","1","Shared",2,"AM015b-X3_gDNA_tumour, AM015b-X2_gDNA_tumour"
"134","PD53343g_hum","AM015b-X3_gDNA_tumour","YTHDF2:chr1:28743878:G:A","YTHDF2",NA,NA,NA,"chr1:28743878","G:A","1","Shared",2,"AM015b-X3_gDNA_tumour, AM015b-X2_gDNA_tumour"
"135","PD53343g_hum","AM015b-X3_gDNA_tumour","SLC14A1:chr18:45730309:G:A","SLC14A1",NA,NA,NA,"chr18:45730309","G:A","1","Shared",5,"AM015b-X3_gDNA_tumour, AM015a-X3-Cell2, AM015b-X2-Cell, AM015b_gDNA_tumour, AM015b-X1_gDNA_tumour"
"136","PD53343g_hum","AM015b-X3_gDNA_tumour","AC093246.1:chr5:171420096:GCG:-","AC093246.1",NA,NA,NA,"chr5:171420096","GCG:-","1","Private",1,"AM015b-X3_gDNA_tumour"
"137","PD53343g_hum","AM015b-X3_gDNA_tumour","ANO5:chr11:22257710:C:T","ANO5",NA,NA,NA,"chr11:22257710","C:T","1","Private",1,"AM015b-X3_gDNA_tumour"
"138","PD53343g_hum","AM015b-X3_gDNA_tumour","DMD:chrX:32346054:T:A","DMD",NA,NA,NA,"chrX:32346054","T:A","1","Private",1,"AM015b-X3_gDNA_tumour"
"139","PD53343g_hum","AM015b-X3_gDNA_tumour","FNBP4:chr11:47723193:A:C","FNBP4",NA,NA,NA,"chr11:47723193","A:C","1","Private",1,"AM015b-X3_gDNA_tumour"
"140","PD53343g_hum","AM015b-X3_gDNA_tumour","ITLN1:chr1:160881206:G:A","ITLN1",NA,NA,NA,"chr1:160881206","G:A","1","Private",1,"AM015b-X3_gDNA_tumour"
"141","PD53343g_hum","AM015b-X3_gDNA_tumour","ONECUT2:chr18:57435823:C:T","ONECUT2",NA,NA,NA,"chr18:57435823","C:T","1","Private",1,"AM015b-X3_gDNA_tumour"
"142","PD53343g_hum","AM015b-X3_gDNA_tumour","PCDH10:chr4:133150838:C:G","PCDH10",NA,NA,NA,"chr4:133150838","C:G","1","Private",1,"AM015b-X3_gDNA_tumour"
"143","PD53343g_hum","AM015b-X3_gDNA_tumour","PUM1:chr1:31059420:T:C","PUM1",NA,NA,NA,"chr1:31059420","T:C","1","Private",1,"AM015b-X3_gDNA_tumour"
"144","PD53343g_hum","AM015b-X3_gDNA_tumour","YTHDF2:chr1:28742666:A:T","YTHDF2",NA,NA,NA,"chr1:28742666","A:T","1","Private",1,"AM015b-X3_gDNA_tumour"
"145","PD53343g_hum","AM015b-X3_gDNA_tumour","YTHDF2:chr1:28743317:C:T","YTHDF2",NA,NA,NA,"chr1:28743317","C:T","1","Private",1,"AM015b-X3_gDNA_tumour"
"146","PD53343g_hum","AM015b-X3_gDNA_tumour","YTHDF2:chr1:28743398:T:G","YTHDF2",NA,NA,NA,"chr1:28743398","T:G","1","Private",1,"AM015b-X3_gDNA_tumour"
"147","PD53343g_hum","AM015b-X3_gDNA_tumour","YTHDF2:chr1:28743470:C:T","YTHDF2",NA,NA,NA,"chr1:28743470","C:T","1","Private",1,"AM015b-X3_gDNA_tumour"
"148","PD53343g_hum","AM015b-X3_gDNA_tumour","YTHDF2:chr1:28743479:T:C","YTHDF2",NA,NA,NA,"chr1:28743479","T:C","1","Private",1,"AM015b-X3_gDNA_tumour"
"149","PD53343g_hum","AM015b-X3_gDNA_tumour","YTHDF2:chr1:28743539:T:C","YTHDF2",NA,NA,NA,"chr1:28743539","T:C","1","Private",1,"AM015b-X3_gDNA_tumour"
"150","PD53343g_hum","AM015b-X3_gDNA_tumour","YTHDF2:chr1:28743755:T:C","YTHDF2",NA,NA,NA,"chr1:28743755","T:C","1","Private",1,"AM015b-X3_gDNA_tumour"
"151","PD53343g_hum","AM015b-X3_gDNA_tumour","YTHDF2:chr1:28743899:T:C","YTHDF2",NA,NA,NA,"chr1:28743899","T:C","1","Private",1,"AM015b-X3_gDNA_tumour"
"233","PD53343f_hum","AM015b-X2_gDNA_tumour","ACAP2:chr3:195285825:C:T","ACAP2",NA,NA,NA,"chr3:195285825","C:T","1","Public",6,"AM015b-X3_gDNA_tumour, AM015b-X2_gDNA_tumour, AM015a-X3-Cell2, AM015b-X2-Cell, AM015b_gDNA_tumour, AM015b-X1_gDNA_tumour"
"234","PD53343f_hum","AM015b-X2_gDNA_tumour","ADAMTSL4:chr1:150557520:A:C","ADAMTSL4",NA,NA,NA,"chr1:150557520","A:C","1","Public",6,"AM015b-X3_gDNA_tumour, AM015b-X2_gDNA_tumour, AM015a-X3-Cell2, AM015b-X2-Cell, AM015b_gDNA_tumour, AM015b-X1_gDNA_tumour"
"235","PD53343f_hum","AM015b-X2_gDNA_tumour","AJUBA:chr14:22981951:G:A","AJUBA",NA,NA,NA,"chr14:22981951","G:A","1","Public",6,"AM015b-X3_gDNA_tumour, AM015b-X2_gDNA_tumour, AM015a-X3-Cell2, AM015b-X2-Cell, AM015b_gDNA_tumour, AM015b-X1_gDNA_tumour"
"236","PD53343f_hum","AM015b-X2_gDNA_tumour","AQP11:chr11:77590288:A:G","AQP11",NA,NA,NA,"chr11:77590288","A:G","1","Public",6,"AM015b-X3_gDNA_tumour, AM015b-X2_gDNA_tumour, AM015a-X3-Cell2, AM015b-X2-Cell, AM015b_gDNA_tumour, AM015b-X1_gDNA_tumour"
"237","PD53343f_hum","AM015b-X2_gDNA_tumour","ARHGEF12:chr11:120473097:G:C","ARHGEF12","TSG, fusion","AML","","chr11:120473097","G:C","1","Public",6,"AM015b-X3_gDNA_tumour, AM015b-X2_gDNA_tumour, AM015a-X3-Cell2, AM015b-X2-Cell, AM015b_gDNA_tumour, AM015b-X1_gDNA_tumour"
"238","PD53343f_hum","AM015b-X2_gDNA_tumour","AXIN2:chr17:65541496:T:C","AXIN2","TSG","colorectal carcinoma, stomach carcinoma, hepatocellular carcinoma","colorectal carcinoma","chr17:65541496","T:C","1","Public",6,"AM015b-X3_gDNA_tumour, AM015b-X2_gDNA_tumour, AM015a-X3-Cell2, AM015b-X2-Cell, AM015b_gDNA_tumour, AM015b-X1_gDNA_tumour"
"239","PD53343f_hum","AM015b-X2_gDNA_tumour","BCL11B:chr14:99175069:G:A","BCL11B","oncogene, TSG, fusion","T-ALL","","chr14:99175069","G:A","1","Public",6,"AM015b-X3_gDNA_tumour, AM015b-X2_gDNA_tumour, AM015a-X3-Cell2, AM015b-X2-Cell, AM015b_gDNA_tumour, AM015b-X1_gDNA_tumour"
"240","PD53343f_hum","AM015b-X2_gDNA_tumour","BLK:chr8:11563049:C:T","BLK",NA,NA,NA,"chr8:11563049","C:T","1","Public",6,"AM015b-X3_gDNA_tumour, AM015b-X2_gDNA_tumour, AM015a-X3-Cell2, AM015b-X2-Cell, AM015b_gDNA_tumour, AM015b-X1_gDNA_tumour"
"241","PD53343f_hum","AM015b-X2_gDNA_tumour","BRWD1:chr21:39270325:T:C","BRWD1",NA,NA,NA,"chr21:39270325","T:C","1","Public",6,"AM015b-X3_gDNA_tumour, AM015b-X2_gDNA_tumour, AM015a-X3-Cell2, AM015b-X2-Cell, AM015b_gDNA_tumour, AM015b-X1_gDNA_tumour"
"242","PD53343f_hum","AM015b-X2_gDNA_tumour","CCDC159:chr19:11352114:C:T","CCDC159",NA,NA,NA,"chr19:11352114","C:T","1","Public",6,"AM015b-X3_gDNA_tumour, AM015b-X2_gDNA_tumour, AM015a-X3-Cell2, AM015b-X2-Cell, AM015b_gDNA_tumour, AM015b-X1_gDNA_tumour"
"243","PD53343f_hum","AM015b-X2_gDNA_tumour","CCT6A:chr7:56059641:G:C","CCT6A",NA,NA,NA,"chr7:56059641","G:C","1","Public",6,"AM015b-X3_gDNA_tumour, AM015b-X2_gDNA_tumour, AM015a-X3-Cell2, AM015b-X2-Cell, AM015b_gDNA_tumour, AM015b-X1_gDNA_tumour"
"244","PD53343f_hum","AM015b-X2_gDNA_tumour","CD1C:chr1:158291245:G:T","CD1C",NA,NA,NA,"chr1:158291245","G:T","1","Public",6,"AM015b-X3_gDNA_tumour, AM015b-X2_gDNA_tumour, AM015a-X3-Cell2, AM015b-X2-Cell, AM015b_gDNA_tumour, AM015b-X1_gDNA_tumour"
"245","PD53343f_hum","AM015b-X2_gDNA_tumour","CEACAM5:chr19:41715698:C:T","CEACAM5",NA,NA,NA,"chr19:41715698","C:T","1","Public",6,"AM015b-X3_gDNA_tumour, AM015b-X2_gDNA_tumour, AM015a-X3-Cell2, AM015b-X2-Cell, AM015b_gDNA_tumour, AM015b-X1_gDNA_tumour"
"246","PD53343f_hum","AM015b-X2_gDNA_tumour","CEP170:chr1:243191056:A:C","CEP170",NA,NA,NA,"chr1:243191056","A:C","1","Public",6,"AM015b-X3_gDNA_tumour, AM015b-X2_gDNA_tumour, AM015a-X3-Cell2, AM015b-X2-Cell, AM015b_gDNA_tumour, AM015b-X1_gDNA_tumour"
"247","PD53343f_hum","AM015b-X2_gDNA_tumour","CEP350:chr1:180020839:G:T","CEP350",NA,NA,NA,"chr1:180020839","G:T","1","Public",6,"AM015b-X3_gDNA_tumour, AM015b-X2_gDNA_tumour, AM015a-X3-Cell2, AM015b-X2-Cell, AM015b_gDNA_tumour, AM015b-X1_gDNA_tumour"
"248","PD53343f_hum","AM015b-X2_gDNA_tumour","CORO7-PAM16:chr16:4364333:G:A","CORO7-PAM16",NA,NA,NA,"chr16:4364333","G:A","1","Public",6,"AM015b-X3_gDNA_tumour, AM015b-X2_gDNA_tumour, AM015a-X3-Cell2, AM015b-X2-Cell, AM015b_gDNA_tumour, AM015b-X1_gDNA_tumour"
"249","PD53343f_hum","AM015b-X2_gDNA_tumour","CORO7:chr16:4364333:G:A","CORO7",NA,NA,NA,"chr16:4364333","G:A","1","Public",6,"AM015b-X3_gDNA_tumour, AM015b-X2_gDNA_tumour, AM015a-X3-Cell2, AM015b-X2-Cell, AM015b_gDNA_tumour, AM015b-X1_gDNA_tumour"
"250","PD53343f_hum","AM015b-X2_gDNA_tumour","CTNNB1:chr3:41224645:T:C","CTNNB1","oncogene, fusion","colorectal, ovarian,  hepatoblastoma, pleomorphic salivary gland adenoma, other tumour types","","chr3:41224645","T:C","1","Public",6,"AM015b-X3_gDNA_tumour, AM015b-X2_gDNA_tumour, AM015a-X3-Cell2, AM015b-X2-Cell, AM015b_gDNA_tumour, AM015b-X1_gDNA_tumour"
"251","PD53343f_hum","AM015b-X2_gDNA_tumour","DAP:chr5:10680756:G:A","DAP",NA,NA,NA,"chr5:10680756","G:A","1","Public",6,"AM015b-X3_gDNA_tumour, AM015b-X2_gDNA_tumour, AM015a-X3-Cell2, AM015b-X2-Cell, AM015b_gDNA_tumour, AM015b-X1_gDNA_tumour"
"252","PD53343f_hum","AM015b-X2_gDNA_tumour","DAP:chr5:10680884:G:A","DAP",NA,NA,NA,"chr5:10680884","G:A","1","Public",6,"AM015b-X3_gDNA_tumour, AM015b-X2_gDNA_tumour, AM015a-X3-Cell2, AM015b-X2-Cell, AM015b_gDNA_tumour, AM015b-X1_gDNA_tumour"
"253","PD53343f_hum","AM015b-X2_gDNA_tumour","DAP:chr5:10680924:G:A","DAP",NA,NA,NA,"chr5:10680924","G:A","1","Public",6,"AM015b-X3_gDNA_tumour, AM015b-X2_gDNA_tumour, AM015a-X3-Cell2, AM015b-X2-Cell, AM015b_gDNA_tumour, AM015b-X1_gDNA_tumour"
"254","PD53343f_hum","AM015b-X2_gDNA_tumour","DAPK1:chr9:87646506:C:T","DAPK1",NA,NA,NA,"chr9:87646506","C:T","1","Public",6,"AM015b-X3_gDNA_tumour, AM015b-X2_gDNA_tumour, AM015a-X3-Cell2, AM015b-X2-Cell, AM015b_gDNA_tumour, AM015b-X1_gDNA_tumour"
"255","PD53343f_hum","AM015b-X2_gDNA_tumour","DENND5A:chr11:9141965:G:A","DENND5A",NA,NA,NA,"chr11:9141965","G:A","1","Public",6,"AM015b-X3_gDNA_tumour, AM015b-X2_gDNA_tumour, AM015a-X3-Cell2, AM015b-X2-Cell, AM015b_gDNA_tumour, AM015b-X1_gDNA_tumour"
"256","PD53343f_hum","AM015b-X2_gDNA_tumour","DNAH10:chr12:123853275:G:A","DNAH10",NA,NA,NA,"chr12:123853275","G:A","1","Public",6,"AM015b-X3_gDNA_tumour, AM015b-X2_gDNA_tumour, AM015a-X3-Cell2, AM015b-X2-Cell, AM015b_gDNA_tumour, AM015b-X1_gDNA_tumour"
"257","PD53343f_hum","AM015b-X2_gDNA_tumour","DSN1:chr20:36762471:C:T","DSN1",NA,NA,NA,"chr20:36762471","C:T","1","Public",6,"AM015b-X3_gDNA_tumour, AM015b-X2_gDNA_tumour, AM015a-X3-Cell2, AM015b-X2-Cell, AM015b_gDNA_tumour, AM015b-X1_gDNA_tumour"
"258","PD53343f_hum","AM015b-X2_gDNA_tumour","DVL3:chr3:184170649:C:T","DVL3",NA,NA,NA,"chr3:184170649","C:T","1","Public",6,"AM015b-X3_gDNA_tumour, AM015b-X2_gDNA_tumour, AM015a-X3-Cell2, AM015b-X2-Cell, AM015b_gDNA_tumour, AM015b-X1_gDNA_tumour"
"259","PD53343f_hum","AM015b-X2_gDNA_tumour","ELP2:chr18:36154909:C:A","ELP2",NA,NA,NA,"chr18:36154909","C:A","1","Public",6,"AM015b-X3_gDNA_tumour, AM015b-X2_gDNA_tumour, AM015a-X3-Cell2, AM015b-X2-Cell, AM015b_gDNA_tumour, AM015b-X1_gDNA_tumour"
"260","PD53343f_hum","AM015b-X2_gDNA_tumour","FRY:chr13:32224240:C:T","FRY",NA,NA,NA,"chr13:32224240","C:T","1","Public",6,"AM015b-X3_gDNA_tumour, AM015b-X2_gDNA_tumour, AM015a-X3-Cell2, AM015b-X2-Cell, AM015b_gDNA_tumour, AM015b-X1_gDNA_tumour"
"261","PD53343f_hum","AM015b-X2_gDNA_tumour","GABBR2:chr9:98306269:A:G","GABBR2",NA,NA,NA,"chr9:98306269","A:G","1","Public",6,"AM015b-X3_gDNA_tumour, AM015b-X2_gDNA_tumour, AM015a-X3-Cell2, AM015b-X2-Cell, AM015b_gDNA_tumour, AM015b-X1_gDNA_tumour"
"262","PD53343f_hum","AM015b-X2_gDNA_tumour","GALNT18:chr11:11379185:G:A","GALNT18",NA,NA,NA,"chr11:11379185","G:A","1","Public",6,"AM015b-X3_gDNA_tumour, AM015b-X2_gDNA_tumour, AM015a-X3-Cell2, AM015b-X2-Cell, AM015b_gDNA_tumour, AM015b-X1_gDNA_tumour"
"263","PD53343f_hum","AM015b-X2_gDNA_tumour","GAPVD1:chr9:125298952:C:T","GAPVD1",NA,NA,NA,"chr9:125298952","C:T","1","Public",6,"AM015b-X3_gDNA_tumour, AM015b-X2_gDNA_tumour, AM015a-X3-Cell2, AM015b-X2-Cell, AM015b_gDNA_tumour, AM015b-X1_gDNA_tumour"
"264","PD53343f_hum","AM015b-X2_gDNA_tumour","GLT8D1:chr3:52697887:G:A","GLT8D1",NA,NA,NA,"chr3:52697887","G:A","1","Public",6,"AM015b-X3_gDNA_tumour, AM015b-X2_gDNA_tumour, AM015a-X3-Cell2, AM015b-X2-Cell, AM015b_gDNA_tumour, AM015b-X1_gDNA_tumour"
"265","PD53343f_hum","AM015b-X2_gDNA_tumour","GNL1:chr6:30547403:-:A","GNL1",NA,NA,NA,"chr6:30547403","-:A","1","Public",6,"AM015b-X3_gDNA_tumour, AM015b-X2_gDNA_tumour, AM015a-X3-Cell2, AM015b-X2-Cell, AM015b_gDNA_tumour, AM015b-X1_gDNA_tumour"
"266","PD53343f_hum","AM015b-X2_gDNA_tumour","GNL1:chr6:30547425:A:G","GNL1",NA,NA,NA,"chr6:30547425","A:G","1","Public",6,"AM015b-X3_gDNA_tumour, AM015b-X2_gDNA_tumour, AM015a-X3-Cell2, AM015b-X2-Cell, AM015b_gDNA_tumour, AM015b-X1_gDNA_tumour"
"267","PD53343f_hum","AM015b-X2_gDNA_tumour","H2BC10:chr6:26273265:C:T","H2BC10",NA,NA,NA,"chr6:26273265","C:T","1","Public",6,"AM015b-X3_gDNA_tumour, AM015b-X2_gDNA_tumour, AM015a-X3-Cell2, AM015b-X2-Cell, AM015b_gDNA_tumour, AM015b-X1_gDNA_tumour"
"268","PD53343f_hum","AM015b-X2_gDNA_tumour","HDLBP:chr2:241230890:C:T","HDLBP",NA,NA,NA,"chr2:241230890","C:T","1","Public",6,"AM015b-X3_gDNA_tumour, AM015b-X2_gDNA_tumour, AM015a-X3-Cell2, AM015b-X2-Cell, AM015b_gDNA_tumour, AM015b-X1_gDNA_tumour"
"269","PD53343f_hum","AM015b-X2_gDNA_tumour","HEPHL1:chr11:94088916:C:T","HEPHL1",NA,NA,NA,"chr11:94088916","C:T","1","Public",6,"AM015b-X3_gDNA_tumour, AM015b-X2_gDNA_tumour, AM015a-X3-Cell2, AM015b-X2-Cell, AM015b_gDNA_tumour, AM015b-X1_gDNA_tumour"
"270","PD53343f_hum","AM015b-X2_gDNA_tumour","IFIT2:chr10:89306959:C:T","IFIT2",NA,NA,NA,"chr10:89306959","C:T","1","Public",6,"AM015b-X3_gDNA_tumour, AM015b-X2_gDNA_tumour, AM015a-X3-Cell2, AM015b-X2-Cell, AM015b_gDNA_tumour, AM015b-X1_gDNA_tumour"
"271","PD53343f_hum","AM015b-X2_gDNA_tumour","IRF2BPL:chr14:77025781:C:T","IRF2BPL",NA,NA,NA,"chr14:77025781","C:T","1","Public",6,"AM015b-X3_gDNA_tumour, AM015b-X2_gDNA_tumour, AM015a-X3-Cell2, AM015b-X2-Cell, AM015b_gDNA_tumour, AM015b-X1_gDNA_tumour"
"272","PD53343f_hum","AM015b-X2_gDNA_tumour","ITGA3:chr17:50089140:C:T","ITGA3",NA,NA,NA,"chr17:50089140","C:T","1","Public",6,"AM015b-X3_gDNA_tumour, AM015b-X2_gDNA_tumour, AM015a-X3-Cell2, AM015b-X2-Cell, AM015b_gDNA_tumour, AM015b-X1_gDNA_tumour"
"273","PD53343f_hum","AM015b-X2_gDNA_tumour","JAKMIP3:chr10:132104900:A:G","JAKMIP3",NA,NA,NA,"chr10:132104900","A:G","1","Public",6,"AM015b-X3_gDNA_tumour, AM015b-X2_gDNA_tumour, AM015a-X3-Cell2, AM015b-X2-Cell, AM015b_gDNA_tumour, AM015b-X1_gDNA_tumour"
"274","PD53343f_hum","AM015b-X2_gDNA_tumour","KCNA5:chr12:5045933:T:C","KCNA5",NA,NA,NA,"chr12:5045933","T:C","1","Public",6,"AM015b-X3_gDNA_tumour, AM015b-X2_gDNA_tumour, AM015a-X3-Cell2, AM015b-X2-Cell, AM015b_gDNA_tumour, AM015b-X1_gDNA_tumour"
"275","PD53343f_hum","AM015b-X2_gDNA_tumour","KCNK9:chr8:139618629:C:T","KCNK9",NA,NA,NA,"chr8:139618629","C:T","1","Public",6,"AM015b-X3_gDNA_tumour, AM015b-X2_gDNA_tumour, AM015a-X3-Cell2, AM015b-X2-Cell, AM015b_gDNA_tumour, AM015b-X1_gDNA_tumour"
"276","PD53343f_hum","AM015b-X2_gDNA_tumour","KCTD3:chr1:215620302:C:T","KCTD3",NA,NA,NA,"chr1:215620302","C:T","1","Public",6,"AM015b-X3_gDNA_tumour, AM015b-X2_gDNA_tumour, AM015a-X3-Cell2, AM015b-X2-Cell, AM015b_gDNA_tumour, AM015b-X1_gDNA_tumour"
"277","PD53343f_hum","AM015b-X2_gDNA_tumour","KIT:chr4:54727495:T:C","KIT","oncogene","GIST, AML, TGCT, mastocytosis, mucosal melanoma","GIST, epithelioma","chr4:54727495","T:C","1","Public",6,"AM015b-X3_gDNA_tumour, AM015b-X2_gDNA_tumour, AM015a-X3-Cell2, AM015b-X2-Cell, AM015b_gDNA_tumour, AM015b-X1_gDNA_tumour"
"278","PD53343f_hum","AM015b-X2_gDNA_tumour","KRT27:chr17:40782224:G:T","KRT27",NA,NA,NA,"chr17:40782224","G:T","1","Public",6,"AM015b-X3_gDNA_tumour, AM015b-X2_gDNA_tumour, AM015a-X3-Cell2, AM015b-X2-Cell, AM015b_gDNA_tumour, AM015b-X1_gDNA_tumour"
"279","PD53343f_hum","AM015b-X2_gDNA_tumour","LRTM1:chr3:54925004:C:A","LRTM1",NA,NA,NA,"chr3:54925004","C:A","1","Public",6,"AM015b-X3_gDNA_tumour, AM015b-X2_gDNA_tumour, AM015a-X3-Cell2, AM015b-X2-Cell, AM015b_gDNA_tumour, AM015b-X1_gDNA_tumour"
"280","PD53343f_hum","AM015b-X2_gDNA_tumour","MAN1C1:chr1:25778154:T:C","MAN1C1",NA,NA,NA,"chr1:25778154","T:C","1","Public",6,"AM015b-X3_gDNA_tumour, AM015b-X2_gDNA_tumour, AM015a-X3-Cell2, AM015b-X2-Cell, AM015b_gDNA_tumour, AM015b-X1_gDNA_tumour"
"281","PD53343f_hum","AM015b-X2_gDNA_tumour","MAPKAPK3:chr3:50617648:-:G","MAPKAPK3",NA,NA,NA,"chr3:50617648","-:G","1","Public",6,"AM015b-X3_gDNA_tumour, AM015b-X2_gDNA_tumour, AM015a-X3-Cell2, AM015b-X2-Cell, AM015b_gDNA_tumour, AM015b-X1_gDNA_tumour"
"282","PD53343f_hum","AM015b-X2_gDNA_tumour","MGP:chr12:14884228:C:T","MGP",NA,NA,NA,"chr12:14884228","C:T","1","Public",6,"AM015b-X3_gDNA_tumour, AM015b-X2_gDNA_tumour, AM015a-X3-Cell2, AM015b-X2-Cell, AM015b_gDNA_tumour, AM015b-X1_gDNA_tumour"
"283","PD53343f_hum","AM015b-X2_gDNA_tumour","MMP2:chr16:55484117:G:A","MMP2",NA,NA,NA,"chr16:55484117","G:A","1","Public",6,"AM015b-X3_gDNA_tumour, AM015b-X2_gDNA_tumour, AM015a-X3-Cell2, AM015b-X2-Cell, AM015b_gDNA_tumour, AM015b-X1_gDNA_tumour"
"284","PD53343f_hum","AM015b-X2_gDNA_tumour","MYO10:chr5:16762044:C:G","MYO10",NA,NA,NA,"chr5:16762044","C:G","1","Public",6,"AM015b-X3_gDNA_tumour, AM015b-X2_gDNA_tumour, AM015a-X3-Cell2, AM015b-X2-Cell, AM015b_gDNA_tumour, AM015b-X1_gDNA_tumour"
"285","PD53343f_hum","AM015b-X2_gDNA_tumour","MYO9B:chr19:17172763:T:C","MYO9B",NA,NA,NA,"chr19:17172763","T:C","1","Public",6,"AM015b-X3_gDNA_tumour, AM015b-X2_gDNA_tumour, AM015a-X3-Cell2, AM015b-X2-Cell, AM015b_gDNA_tumour, AM015b-X1_gDNA_tumour"
"286","PD53343f_hum","AM015b-X2_gDNA_tumour","NXF3:chrX:103077648:G:A","NXF3",NA,NA,NA,"chrX:103077648","G:A","1","Public",6,"AM015b-X3_gDNA_tumour, AM015b-X2_gDNA_tumour, AM015a-X3-Cell2, AM015b-X2-Cell, AM015b_gDNA_tumour, AM015b-X1_gDNA_tumour"
"287","PD53343f_hum","AM015b-X2_gDNA_tumour","OR52D1:chr11:5489629:T:A","OR52D1",NA,NA,NA,"chr11:5489629","T:A","1","Public",6,"AM015b-X3_gDNA_tumour, AM015b-X2_gDNA_tumour, AM015a-X3-Cell2, AM015b-X2-Cell, AM015b_gDNA_tumour, AM015b-X1_gDNA_tumour"
"288","PD53343f_hum","AM015b-X2_gDNA_tumour","OR7E24:chr19:9251483:C:T","OR7E24",NA,NA,NA,"chr19:9251483","C:T","1","Public",6,"AM015b-X3_gDNA_tumour, AM015b-X2_gDNA_tumour, AM015a-X3-Cell2, AM015b-X2-Cell, AM015b_gDNA_tumour, AM015b-X1_gDNA_tumour"
"289","PD53343f_hum","AM015b-X2_gDNA_tumour","PCLO:chr7:82953870:AA:-","PCLO",NA,NA,NA,"chr7:82953870","AA:-","1","Public",6,"AM015b-X3_gDNA_tumour, AM015b-X2_gDNA_tumour, AM015a-X3-Cell2, AM015b-X2-Cell, AM015b_gDNA_tumour, AM015b-X1_gDNA_tumour"
"290","PD53343f_hum","AM015b-X2_gDNA_tumour","PHF20L1:chr8:132816943:A:T","PHF20L1",NA,NA,NA,"chr8:132816943","A:T","1","Public",6,"AM015b-X3_gDNA_tumour, AM015b-X2_gDNA_tumour, AM015a-X3-Cell2, AM015b-X2-Cell, AM015b_gDNA_tumour, AM015b-X1_gDNA_tumour"
"291","PD53343f_hum","AM015b-X2_gDNA_tumour","PLEKHA6:chr1:204257862:T:C","PLEKHA6",NA,NA,NA,"chr1:204257862","T:C","1","Public",6,"AM015b-X3_gDNA_tumour, AM015b-X2_gDNA_tumour, AM015a-X3-Cell2, AM015b-X2-Cell, AM015b_gDNA_tumour, AM015b-X1_gDNA_tumour"
"292","PD53343f_hum","AM015b-X2_gDNA_tumour","POM121L2:chr6:27309929:G:A","POM121L2",NA,NA,NA,"chr6:27309929","G:A","1","Public",6,"AM015b-X3_gDNA_tumour, AM015b-X2_gDNA_tumour, AM015a-X3-Cell2, AM015b-X2-Cell, AM015b_gDNA_tumour, AM015b-X1_gDNA_tumour"
"293","PD53343f_hum","AM015b-X2_gDNA_tumour","PPP4R4:chr14:94265884:C:G","PPP4R4",NA,NA,NA,"chr14:94265884","C:G","1","Public",6,"AM015b-X3_gDNA_tumour, AM015b-X2_gDNA_tumour, AM015a-X3-Cell2, AM015b-X2-Cell, AM015b_gDNA_tumour, AM015b-X1_gDNA_tumour"
"294","PD53343f_hum","AM015b-X2_gDNA_tumour","PTPN11:chr12:112489106:G:C","PTPN11","oncogene","JMML, AML, MDS","","chr12:112489106","G:C","1","Public",6,"AM015b-X3_gDNA_tumour, AM015b-X2_gDNA_tumour, AM015a-X3-Cell2, AM015b-X2-Cell, AM015b_gDNA_tumour, AM015b-X1_gDNA_tumour"
"295","PD53343f_hum","AM015b-X2_gDNA_tumour","RADX:chrX:106639602:T:A","RADX",NA,NA,NA,"chrX:106639602","T:A","1","Public",6,"AM015b-X3_gDNA_tumour, AM015b-X2_gDNA_tumour, AM015a-X3-Cell2, AM015b-X2-Cell, AM015b_gDNA_tumour, AM015b-X1_gDNA_tumour"
"296","PD53343f_hum","AM015b-X2_gDNA_tumour","RFC1:chr4:39303067:C:A","RFC1",NA,NA,NA,"chr4:39303067","C:A","1","Public",6,"AM015b-X3_gDNA_tumour, AM015b-X2_gDNA_tumour, AM015a-X3-Cell2, AM015b-X2-Cell, AM015b_gDNA_tumour, AM015b-X1_gDNA_tumour"
"297","PD53343f_hum","AM015b-X2_gDNA_tumour","RNPC3:chr1:103546977:G:C","RNPC3",NA,NA,NA,"chr1:103546977","G:C","1","Public",6,"AM015b-X3_gDNA_tumour, AM015b-X2_gDNA_tumour, AM015a-X3-Cell2, AM015b-X2-Cell, AM015b_gDNA_tumour, AM015b-X1_gDNA_tumour"
"298","PD53343f_hum","AM015b-X2_gDNA_tumour","ROBO3:chr11:124873041:C:T","ROBO3",NA,NA,NA,"chr11:124873041","C:T","1","Public",6,"AM015b-X3_gDNA_tumour, AM015b-X2_gDNA_tumour, AM015a-X3-Cell2, AM015b-X2-Cell, AM015b_gDNA_tumour, AM015b-X1_gDNA_tumour"
"299","PD53343f_hum","AM015b-X2_gDNA_tumour","RP1:chr8:54622190:G:A","RP1",NA,NA,NA,"chr8:54622190","G:A","1","Public",6,"AM015b-X3_gDNA_tumour, AM015b-X2_gDNA_tumour, AM015a-X3-Cell2, AM015b-X2-Cell, AM015b_gDNA_tumour, AM015b-X1_gDNA_tumour"
"300","PD53343f_hum","AM015b-X2_gDNA_tumour","SCN11A:chr3:38904075:G:A","SCN11A",NA,NA,NA,"chr3:38904075","G:A","1","Public",6,"AM015b-X3_gDNA_tumour, AM015b-X2_gDNA_tumour, AM015a-X3-Cell2, AM015b-X2-Cell, AM015b_gDNA_tumour, AM015b-X1_gDNA_tumour"
"301","PD53343f_hum","AM015b-X2_gDNA_tumour","SEPTIN3:chr22:41989662:A:G","SEPTIN3",NA,NA,NA,"chr22:41989662","A:G","1","Public",6,"AM015b-X3_gDNA_tumour, AM015b-X2_gDNA_tumour, AM015a-X3-Cell2, AM015b-X2-Cell, AM015b_gDNA_tumour, AM015b-X1_gDNA_tumour"
"302","PD53343f_hum","AM015b-X2_gDNA_tumour","SFTPA2:chr10:79559317:G:A","SFTPA2",NA,NA,NA,"chr10:79559317","G:A","1","Public",6,"AM015b-X3_gDNA_tumour, AM015b-X2_gDNA_tumour, AM015a-X3-Cell2, AM015b-X2-Cell, AM015b_gDNA_tumour, AM015b-X1_gDNA_tumour"
"303","PD53343f_hum","AM015b-X2_gDNA_tumour","SGPP2:chr2:222558371:A:C","SGPP2",NA,NA,NA,"chr2:222558371","A:C","1","Public",6,"AM015b-X3_gDNA_tumour, AM015b-X2_gDNA_tumour, AM015a-X3-Cell2, AM015b-X2-Cell, AM015b_gDNA_tumour, AM015b-X1_gDNA_tumour"
"304","PD53343f_hum","AM015b-X2_gDNA_tumour","SH3TC1:chr4:8205207:C:G","SH3TC1",NA,NA,NA,"chr4:8205207","C:G","1","Public",6,"AM015b-X3_gDNA_tumour, AM015b-X2_gDNA_tumour, AM015a-X3-Cell2, AM015b-X2-Cell, AM015b_gDNA_tumour, AM015b-X1_gDNA_tumour"
"305","PD53343f_hum","AM015b-X2_gDNA_tumour","SLC16A14:chr2:230046345:C:T","SLC16A14",NA,NA,NA,"chr2:230046345","C:T","1","Public",6,"AM015b-X3_gDNA_tumour, AM015b-X2_gDNA_tumour, AM015a-X3-Cell2, AM015b-X2-Cell, AM015b_gDNA_tumour, AM015b-X1_gDNA_tumour"
"306","PD53343f_hum","AM015b-X2_gDNA_tumour","SLC7A7:chr14:22780010:T:C","SLC7A7",NA,NA,NA,"chr14:22780010","T:C","1","Public",6,"AM015b-X3_gDNA_tumour, AM015b-X2_gDNA_tumour, AM015a-X3-Cell2, AM015b-X2-Cell, AM015b_gDNA_tumour, AM015b-X1_gDNA_tumour"
"307","PD53343f_hum","AM015b-X2_gDNA_tumour","SLC9A3:chr5:488471:G:A","SLC9A3",NA,NA,NA,"chr5:488471","G:A","1","Public",6,"AM015b-X3_gDNA_tumour, AM015b-X2_gDNA_tumour, AM015a-X3-Cell2, AM015b-X2-Cell, AM015b_gDNA_tumour, AM015b-X1_gDNA_tumour"
"308","PD53343f_hum","AM015b-X2_gDNA_tumour","SOWAHA:chr5:132813809:A:G","SOWAHA",NA,NA,NA,"chr5:132813809","A:G","1","Public",6,"AM015b-X3_gDNA_tumour, AM015b-X2_gDNA_tumour, AM015a-X3-Cell2, AM015b-X2-Cell, AM015b_gDNA_tumour, AM015b-X1_gDNA_tumour"
"309","PD53343f_hum","AM015b-X2_gDNA_tumour","SPANXB1:chrX:141003529:G:A","SPANXB1",NA,NA,NA,"chrX:141003529","G:A","1","Public",6,"AM015b-X3_gDNA_tumour, AM015b-X2_gDNA_tumour, AM015a-X3-Cell2, AM015b-X2-Cell, AM015b_gDNA_tumour, AM015b-X1_gDNA_tumour"
"310","PD53343f_hum","AM015b-X2_gDNA_tumour","SPATS1:chr6:44368496:C:T","SPATS1",NA,NA,NA,"chr6:44368496","C:T","1","Public",6,"AM015b-X3_gDNA_tumour, AM015b-X2_gDNA_tumour, AM015a-X3-Cell2, AM015b-X2-Cell, AM015b_gDNA_tumour, AM015b-X1_gDNA_tumour"
"311","PD53343f_hum","AM015b-X2_gDNA_tumour","SUCLA2:chr13:47996858:T:C","SUCLA2",NA,NA,NA,"chr13:47996858","T:C","1","Public",6,"AM015b-X3_gDNA_tumour, AM015b-X2_gDNA_tumour, AM015a-X3-Cell2, AM015b-X2-Cell, AM015b_gDNA_tumour, AM015b-X1_gDNA_tumour"
"312","PD53343f_hum","AM015b-X2_gDNA_tumour","SYNGAP1:chr6:33441241:A:C","SYNGAP1",NA,NA,NA,"chr6:33441241","A:C","1","Public",6,"AM015b-X3_gDNA_tumour, AM015b-X2_gDNA_tumour, AM015a-X3-Cell2, AM015b-X2-Cell, AM015b_gDNA_tumour, AM015b-X1_gDNA_tumour"
"313","PD53343f_hum","AM015b-X2_gDNA_tumour","TAS2R46:chr12:11062229:A:T","TAS2R46",NA,NA,NA,"chr12:11062229","A:T","1","Public",6,"AM015b-X3_gDNA_tumour, AM015b-X2_gDNA_tumour, AM015a-X3-Cell2, AM015b-X2-Cell, AM015b_gDNA_tumour, AM015b-X1_gDNA_tumour"
"314","PD53343f_hum","AM015b-X2_gDNA_tumour","TCTEX1D1:chr1:66777309:T:C","TCTEX1D1",NA,NA,NA,"chr1:66777309","T:C","1","Public",6,"AM015b-X3_gDNA_tumour, AM015b-X2_gDNA_tumour, AM015a-X3-Cell2, AM015b-X2-Cell, AM015b_gDNA_tumour, AM015b-X1_gDNA_tumour"
"315","PD53343f_hum","AM015b-X2_gDNA_tumour","TMC6:chr17:78126310:G:T","TMC6",NA,NA,NA,"chr17:78126310","G:T","1","Public",6,"AM015b-X3_gDNA_tumour, AM015b-X2_gDNA_tumour, AM015a-X3-Cell2, AM015b-X2-Cell, AM015b_gDNA_tumour, AM015b-X1_gDNA_tumour"
"316","PD53343f_hum","AM015b-X2_gDNA_tumour","TNRC18:chr7:5374287:G:A","TNRC18",NA,NA,NA,"chr7:5374287","G:A","1","Public",6,"AM015b-X3_gDNA_tumour, AM015b-X2_gDNA_tumour, AM015a-X3-Cell2, AM015b-X2-Cell, AM015b_gDNA_tumour, AM015b-X1_gDNA_tumour"
"317","PD53343f_hum","AM015b-X2_gDNA_tumour","TTN:chr2:178620579:C:T","TTN",NA,NA,NA,"chr2:178620579","C:T","1","Public",6,"AM015b-X3_gDNA_tumour, AM015b-X2_gDNA_tumour, AM015a-X3-Cell2, AM015b-X2-Cell, AM015b_gDNA_tumour, AM015b-X1_gDNA_tumour"
"318","PD53343f_hum","AM015b-X2_gDNA_tumour","TUBGCP5:chr15:23022100:C:T","TUBGCP5",NA,NA,NA,"chr15:23022100","C:T","1","Public",6,"AM015b-X3_gDNA_tumour, AM015b-X2_gDNA_tumour, AM015a-X3-Cell2, AM015b-X2-Cell, AM015b_gDNA_tumour, AM015b-X1_gDNA_tumour"
"319","PD53343f_hum","AM015b-X2_gDNA_tumour","TUT4:chr1:52446376:G:A","TUT4",NA,NA,NA,"chr1:52446376","G:A","1","Public",6,"AM015b-X3_gDNA_tumour, AM015b-X2_gDNA_tumour, AM015a-X3-Cell2, AM015b-X2-Cell, AM015b_gDNA_tumour, AM015b-X1_gDNA_tumour"
"320","PD53343f_hum","AM015b-X2_gDNA_tumour","TWNK:chr10:100989136:G:A","TWNK",NA,NA,NA,"chr10:100989136","G:A","1","Public",6,"AM015b-X3_gDNA_tumour, AM015b-X2_gDNA_tumour, AM015a-X3-Cell2, AM015b-X2-Cell, AM015b_gDNA_tumour, AM015b-X1_gDNA_tumour"
"321","PD53343f_hum","AM015b-X2_gDNA_tumour","TYK2:chr19:10359256:C:A","TYK2",NA,NA,NA,"chr19:10359256","C:A","1","Public",6,"AM015b-X3_gDNA_tumour, AM015b-X2_gDNA_tumour, AM015a-X3-Cell2, AM015b-X2-Cell, AM015b_gDNA_tumour, AM015b-X1_gDNA_tumour"
"322","PD53343f_hum","AM015b-X2_gDNA_tumour","UBE2V2:chr8:48049980:T:A","UBE2V2",NA,NA,NA,"chr8:48049980","T:A","1","Public",6,"AM015b-X3_gDNA_tumour, AM015b-X2_gDNA_tumour, AM015a-X3-Cell2, AM015b-X2-Cell, AM015b_gDNA_tumour, AM015b-X1_gDNA_tumour"
"323","PD53343f_hum","AM015b-X2_gDNA_tumour","VCAM1:chr1:100731334:G:A","VCAM1",NA,NA,NA,"chr1:100731334","G:A","1","Public",6,"AM015b-X3_gDNA_tumour, AM015b-X2_gDNA_tumour, AM015a-X3-Cell2, AM015b-X2-Cell, AM015b_gDNA_tumour, AM015b-X1_gDNA_tumour"
"324","PD53343f_hum","AM015b-X2_gDNA_tumour","WIPI2:chr7:5217986:G:T","WIPI2",NA,NA,NA,"chr7:5217986","G:T","1","Public",6,"AM015b-X3_gDNA_tumour, AM015b-X2_gDNA_tumour, AM015a-X3-Cell2, AM015b-X2-Cell, AM015b_gDNA_tumour, AM015b-X1_gDNA_tumour"
"325","PD53343f_hum","AM015b-X2_gDNA_tumour","ZNF225:chr19:44132440:C:T","ZNF225",NA,NA,NA,"chr19:44132440","C:T","1","Public",6,"AM015b-X3_gDNA_tumour, AM015b-X2_gDNA_tumour, AM015a-X3-Cell2, AM015b-X2-Cell, AM015b_gDNA_tumour, AM015b-X1_gDNA_tumour"
"326","PD53343f_hum","AM015b-X2_gDNA_tumour","ZNF510:chr9:96776040:A:T","ZNF510",NA,NA,NA,"chr9:96776040","A:T","1","Public",6,"AM015b-X3_gDNA_tumour, AM015b-X2_gDNA_tumour, AM015a-X3-Cell2, AM015b-X2-Cell, AM015b_gDNA_tumour, AM015b-X1_gDNA_tumour"
"327","PD53343f_hum","AM015b-X2_gDNA_tumour","ZUP1:chr6:116651659:-:C","ZUP1",NA,NA,NA,"chr6:116651659","-:C","1","Public",6,"AM015b-X3_gDNA_tumour, AM015b-X2_gDNA_tumour, AM015a-X3-Cell2, AM015b-X2-Cell, AM015b_gDNA_tumour, AM015b-X1_gDNA_tumour"
"328","PD53343f_hum","AM015b-X2_gDNA_tumour","ZZEF1:chr17:4056226:T:A","ZZEF1",NA,NA,NA,"chr17:4056226","T:A","1","Public",6,"AM015b-X3_gDNA_tumour, AM015b-X2_gDNA_tumour, AM015a-X3-Cell2, AM015b-X2-Cell, AM015b_gDNA_tumour, AM015b-X1_gDNA_tumour"
"329","PD53343f_hum","AM015b-X2_gDNA_tumour","MZT1:chr13:72719065:C:T","MZT1",NA,NA,NA,"chr13:72719065","C:T","1","Shared",5,"AM015b-X3_gDNA_tumour, AM015b-X2_gDNA_tumour, AM015a-X3-Cell2, AM015b-X2-Cell, AM015b-X1_gDNA_tumour"
"330","PD53343f_hum","AM015b-X2_gDNA_tumour","TNKS:chr8:9555964:C:T","TNKS",NA,NA,NA,"chr8:9555964","C:T","1","Shared",5,"AM015b-X3_gDNA_tumour, AM015b-X2_gDNA_tumour, AM015a-X3-Cell2, AM015b_gDNA_tumour, AM015b-X1_gDNA_tumour"
"331","PD53343f_hum","AM015b-X2_gDNA_tumour","WNK1:chr12:885847:A:G","WNK1",NA,NA,NA,"chr12:885847","A:G","1","Shared",5,"AM015b-X3_gDNA_tumour, AM015b-X2_gDNA_tumour, AM015a-X3-Cell2, AM015b_gDNA_tumour, AM015b-X1_gDNA_tumour"
"332","PD53343f_hum","AM015b-X2_gDNA_tumour","XDH:chr2:31366033:C:G","XDH",NA,NA,NA,"chr2:31366033","C:G","1","Shared",5,"AM015b-X3_gDNA_tumour, AM015b-X2_gDNA_tumour, AM015a-X3-Cell2, AM015b_gDNA_tumour, AM015b-X1_gDNA_tumour"
"333","PD53343f_hum","AM015b-X2_gDNA_tumour","ALKBH8:chr11:107504818:C:T","ALKBH8",NA,NA,NA,"chr11:107504818","C:T","1","Shared",4,"AM015b-X3_gDNA_tumour, AM015b-X2_gDNA_tumour, AM015a-X3-Cell2, AM015b-X1_gDNA_tumour"
"334","PD53343f_hum","AM015b-X2_gDNA_tumour","CREBBP:chr16:3792089:G:-","CREBBP","oncogene, TSG, fusion","ALL, AML, DLBCL, B-NHL","","chr16:3792089","G:-","1","Shared",5,"AM015b-X3_gDNA_tumour, AM015b-X2_gDNA_tumour, AM015b-X2-Cell, AM015b_gDNA_tumour, AM015b-X1_gDNA_tumour"
"335","PD53343f_hum","AM015b-X2_gDNA_tumour","LAMA1:chr18:7042215:A:G","LAMA1",NA,NA,NA,"chr18:7042215","A:G","1","Shared",5,"AM015b-X3_gDNA_tumour, AM015b-X2_gDNA_tumour, AM015b-X2-Cell, AM015b_gDNA_tumour, AM015b-X1_gDNA_tumour"
"336","PD53343f_hum","AM015b-X2_gDNA_tumour","MEOX2:chr7:15686359:G:A","MEOX2",NA,NA,NA,"chr7:15686359","G:A","1","Shared",5,"AM015b-X3_gDNA_tumour, AM015b-X2_gDNA_tumour, AM015b-X2-Cell, AM015b_gDNA_tumour, AM015b-X1_gDNA_tumour"
"337","PD53343f_hum","AM015b-X2_gDNA_tumour","PLXNB2:chr22:50276628:C:G","PLXNB2",NA,NA,NA,"chr22:50276628","C:G","1","Shared",5,"AM015b-X3_gDNA_tumour, AM015b-X2_gDNA_tumour, AM015b-X2-Cell, AM015b_gDNA_tumour, AM015b-X1_gDNA_tumour"
"338","PD53343f_hum","AM015b-X2_gDNA_tumour","SLC5A3:chr21:34095572:A:G","SLC5A3",NA,NA,NA,"chr21:34095572","A:G","1","Shared",5,"AM015b-X3_gDNA_tumour, AM015b-X2_gDNA_tumour, AM015b-X2-Cell, AM015b_gDNA_tumour, AM015b-X1_gDNA_tumour"
"339","PD53343f_hum","AM015b-X2_gDNA_tumour","TSPAN15:chr10:69451662:C:T","TSPAN15",NA,NA,NA,"chr10:69451662","C:T","1","Shared",5,"AM015b-X3_gDNA_tumour, AM015b-X2_gDNA_tumour, AM015b-X2-Cell, AM015b_gDNA_tumour, AM015b-X1_gDNA_tumour"
"340","PD53343f_hum","AM015b-X2_gDNA_tumour","URGCP:chr7:43878107:C:T","URGCP",NA,NA,NA,"chr7:43878107","C:T","1","Shared",5,"AM015b-X3_gDNA_tumour, AM015b-X2_gDNA_tumour, AM015b-X2-Cell, AM015b_gDNA_tumour, AM015b-X1_gDNA_tumour"
"341","PD53343f_hum","AM015b-X2_gDNA_tumour","USP54:chr10:73504920:C:T","USP54",NA,NA,NA,"chr10:73504920","C:T","1","Shared",5,"AM015b-X3_gDNA_tumour, AM015b-X2_gDNA_tumour, AM015b-X2-Cell, AM015b_gDNA_tumour, AM015b-X1_gDNA_tumour"
"342","PD53343f_hum","AM015b-X2_gDNA_tumour","WNK4:chr17:42785347:C:T","WNK4",NA,NA,NA,"chr17:42785347","C:T","1","Shared",5,"AM015b-X3_gDNA_tumour, AM015b-X2_gDNA_tumour, AM015b-X2-Cell, AM015b_gDNA_tumour, AM015b-X1_gDNA_tumour"
"343","PD53343f_hum","AM015b-X2_gDNA_tumour","ZNF449:chrX:135347165:G:C","ZNF449",NA,NA,NA,"chrX:135347165","G:C","1","Shared",5,"AM015b-X3_gDNA_tumour, AM015b-X2_gDNA_tumour, AM015b-X2-Cell, AM015b_gDNA_tumour, AM015b-X1_gDNA_tumour"
"344","PD53343f_hum","AM015b-X2_gDNA_tumour","DAP:chr5:10680908:G:A","DAP",NA,NA,NA,"chr5:10680908","G:A","1","Shared",4,"AM015b-X3_gDNA_tumour, AM015b-X2_gDNA_tumour, AM015b-X2-Cell, AM015b-X1_gDNA_tumour"
"345","PD53343f_hum","AM015b-X2_gDNA_tumour","PRDM5:chr4:120798414:G:C","PRDM5",NA,NA,NA,"chr4:120798414","G:C","1","Shared",4,"AM015b-X3_gDNA_tumour, AM015b-X2_gDNA_tumour, AM015b-X2-Cell, AM015b-X1_gDNA_tumour"
"346","PD53343f_hum","AM015b-X2_gDNA_tumour","CELSR1:chr22:46536643:G:A","CELSR1",NA,NA,NA,"chr22:46536643","G:A","1","Shared",3,"AM015b-X3_gDNA_tumour, AM015b-X2_gDNA_tumour, AM015b-X2-Cell"
"347","PD53343f_hum","AM015b-X2_gDNA_tumour","SFTPA1:chr10:79611992:C:T","SFTPA1",NA,NA,NA,"chr10:79611992","C:T","1","Shared",3,"AM015b-X3_gDNA_tumour, AM015b-X2_gDNA_tumour, AM015b_gDNA_tumour"
"348","PD53343f_hum","AM015b-X2_gDNA_tumour","ARHGAP5:chr14:32090812:A:C","ARHGAP5","oncogene","colon cancer, glioma","","chr14:32090812","A:C","1","Shared",3,"AM015b-X3_gDNA_tumour, AM015b-X2_gDNA_tumour, AM015b-X1_gDNA_tumour"
"349","PD53343f_hum","AM015b-X2_gDNA_tumour","MGAM2:chr7:142166153:G:T","MGAM2",NA,NA,NA,"chr7:142166153","G:T","1","Shared",3,"AM015b-X3_gDNA_tumour, AM015b-X2_gDNA_tumour, AM015b-X1_gDNA_tumour"
"350","PD53343f_hum","AM015b-X2_gDNA_tumour","SPEN:chr1:15932157:G:-","SPEN","TSG","SMZL, adenoid cystic carcinoma, DLBCL","","chr1:15932157","G:-","1","Shared",3,"AM015b-X3_gDNA_tumour, AM015b-X2_gDNA_tumour, AM015b-X1_gDNA_tumour"
"351","PD53343f_hum","AM015b-X2_gDNA_tumour","YTHDF2:chr1:28742741:T:C","YTHDF2",NA,NA,NA,"chr1:28742741","T:C","1","Shared",3,"AM015b-X3_gDNA_tumour, AM015b-X2_gDNA_tumour, AM015b-X1_gDNA_tumour"
"352","PD53343f_hum","AM015b-X2_gDNA_tumour","PPP1CC:chr12:110722539:A:G","PPP1CC",NA,NA,NA,"chr12:110722539","A:G","1","Shared",2,"AM015b-X3_gDNA_tumour, AM015b-X2_gDNA_tumour"
"353","PD53343f_hum","AM015b-X2_gDNA_tumour","PPP1CC:chr12:110722648:G:T","PPP1CC",NA,NA,NA,"chr12:110722648","G:T","1","Shared",2,"AM015b-X3_gDNA_tumour, AM015b-X2_gDNA_tumour"
"354","PD53343f_hum","AM015b-X2_gDNA_tumour","PPP2R5A:chr1:212329231:G:T","PPP2R5A",NA,NA,NA,"chr1:212329231","G:T","1","Shared",2,"AM015b-X3_gDNA_tumour, AM015b-X2_gDNA_tumour"
"355","PD53343f_hum","AM015b-X2_gDNA_tumour","PUM1:chr1:31059390:C:T","PUM1",NA,NA,NA,"chr1:31059390","C:T","1","Shared",2,"AM015b-X3_gDNA_tumour, AM015b-X2_gDNA_tumour"
"356","PD53343f_hum","AM015b-X2_gDNA_tumour","UBE2N:chr12:93411132:G:T","UBE2N",NA,NA,NA,"chr12:93411132","G:T","1","Shared",2,"AM015b-X3_gDNA_tumour, AM015b-X2_gDNA_tumour"
"357","PD53343f_hum","AM015b-X2_gDNA_tumour","UBE2N:chr12:93411204:A:G","UBE2N",NA,NA,NA,"chr12:93411204","A:G","1","Shared",2,"AM015b-X3_gDNA_tumour, AM015b-X2_gDNA_tumour"
"358","PD53343f_hum","AM015b-X2_gDNA_tumour","UBE2N:chr12:93411255:G:T","UBE2N",NA,NA,NA,"chr12:93411255","G:T","1","Shared",2,"AM015b-X3_gDNA_tumour, AM015b-X2_gDNA_tumour"
"359","PD53343f_hum","AM015b-X2_gDNA_tumour","UBE2N:chr12:93411261:G:A","UBE2N",NA,NA,NA,"chr12:93411261","G:A","1","Shared",2,"AM015b-X3_gDNA_tumour, AM015b-X2_gDNA_tumour"
"360","PD53343f_hum","AM015b-X2_gDNA_tumour","YTHDF2:chr1:28742642:C:T","YTHDF2",NA,NA,NA,"chr1:28742642","C:T","1","Shared",2,"AM015b-X3_gDNA_tumour, AM015b-X2_gDNA_tumour"
"361","PD53343f_hum","AM015b-X2_gDNA_tumour","YTHDF2:chr1:28742705:G:A","YTHDF2",NA,NA,NA,"chr1:28742705","G:A","1","Shared",2,"AM015b-X3_gDNA_tumour, AM015b-X2_gDNA_tumour"
"362","PD53343f_hum","AM015b-X2_gDNA_tumour","YTHDF2:chr1:28742729:T:C","YTHDF2",NA,NA,NA,"chr1:28742729","T:C","1","Shared",2,"AM015b-X3_gDNA_tumour, AM015b-X2_gDNA_tumour"
"363","PD53343f_hum","AM015b-X2_gDNA_tumour","YTHDF2:chr1:28742804:G:A","YTHDF2",NA,NA,NA,"chr1:28742804","G:A","1","Shared",2,"AM015b-X3_gDNA_tumour, AM015b-X2_gDNA_tumour"
"364","PD53343f_hum","AM015b-X2_gDNA_tumour","YTHDF2:chr1:28743764:G:A","YTHDF2",NA,NA,NA,"chr1:28743764","G:A","1","Shared",2,"AM015b-X3_gDNA_tumour, AM015b-X2_gDNA_tumour"
"365","PD53343f_hum","AM015b-X2_gDNA_tumour","YTHDF2:chr1:28743812:C:T","YTHDF2",NA,NA,NA,"chr1:28743812","C:T","1","Shared",2,"AM015b-X3_gDNA_tumour, AM015b-X2_gDNA_tumour"
"366","PD53343f_hum","AM015b-X2_gDNA_tumour","YTHDF2:chr1:28743878:G:A","YTHDF2",NA,NA,NA,"chr1:28743878","G:A","1","Shared",2,"AM015b-X3_gDNA_tumour, AM015b-X2_gDNA_tumour"
"384","PD53343f_hum","AM015b-X2_gDNA_tumour","TNRC18:chr7:5374266:G:A","TNRC18",NA,NA,NA,"chr7:5374266","G:A","1","Shared",5,"AM015b-X2_gDNA_tumour, AM015a-X3-Cell2, AM015b-X2-Cell, AM015b_gDNA_tumour, AM015b-X1_gDNA_tumour"
"385","PD53343f_hum","AM015b-X2_gDNA_tumour","AL031178.2:chr6:53065619:G:A","AL031178.2",NA,NA,NA,"chr6:53065619","G:A","1","Shared",4,"AM015b-X2_gDNA_tumour, AM015b-X2-Cell, AM015b_gDNA_tumour, AM015b-X1_gDNA_tumour"
"386","PD53343f_hum","AM015b-X2_gDNA_tumour","DNAH6:chr2:84594057:G:T","DNAH6",NA,NA,NA,"chr2:84594057","G:T","1","Shared",4,"AM015b-X2_gDNA_tumour, AM015b-X2-Cell, AM015b_gDNA_tumour, AM015b-X1_gDNA_tumour"
"387","PD53343f_hum","AM015b-X2_gDNA_tumour","CASD1:chr7:94510201:C:G","CASD1",NA,NA,NA,"chr7:94510201","C:G","1","Private",1,"AM015b-X2_gDNA_tumour"
"388","PD53343f_hum","AM015b-X2_gDNA_tumour","DMD:chrX:32614402:A:G","DMD",NA,NA,NA,"chrX:32614402","A:G","1","Private",1,"AM015b-X2_gDNA_tumour"
"389","PD53343f_hum","AM015b-X2_gDNA_tumour","GOLGA2:chr9:128258539:A:C","GOLGA2",NA,NA,NA,"chr9:128258539","A:C","1","Private",1,"AM015b-X2_gDNA_tumour"
"390","PD53343f_hum","AM015b-X2_gDNA_tumour","PRPF40A:chr2:152679083:T:C","PRPF40A",NA,NA,NA,"chr2:152679083","T:C","1","Private",1,"AM015b-X2_gDNA_tumour"
"391","PD53343f_hum","AM015b-X2_gDNA_tumour","PUM1:chr1:31059363:A:G","PUM1",NA,NA,NA,"chr1:31059363","A:G","1","Private",1,"AM015b-X2_gDNA_tumour"
"392","PD53343f_hum","AM015b-X2_gDNA_tumour","SAMD1:chr19:14090112:C:G","SAMD1",NA,NA,NA,"chr19:14090112","C:G","1","Private",1,"AM015b-X2_gDNA_tumour"
"393","PD53343f_hum","AM015b-X2_gDNA_tumour","TAF4:chr20:62065663:C:G","TAF4",NA,NA,NA,"chr20:62065663","C:G","1","Private",1,"AM015b-X2_gDNA_tumour"
"394","PD53343f_hum","AM015b-X2_gDNA_tumour","TAF4:chr20:62065724:C:G","TAF4",NA,NA,NA,"chr20:62065724","C:G","1","Private",1,"AM015b-X2_gDNA_tumour"
"395","PD53343f_hum","AM015b-X2_gDNA_tumour","TAF4:chr20:62065739:G:A","TAF4",NA,NA,NA,"chr20:62065739","G:A","1","Private",1,"AM015b-X2_gDNA_tumour"
"396","PD53343f_hum","AM015b-X2_gDNA_tumour","WTAP:chr6:159748345:G:A","WTAP",NA,NA,NA,"chr6:159748345","G:A","1","Private",1,"AM015b-X2_gDNA_tumour"
"397","PD53343f_hum","AM015b-X2_gDNA_tumour","YTHDF2:chr1:28742810:T:A","YTHDF2",NA,NA,NA,"chr1:28742810","T:A","1","Private",1,"AM015b-X2_gDNA_tumour"
"398","PD53343f_hum","AM015b-X2_gDNA_tumour","ZNF257:chr19:22088980:C:G","ZNF257",NA,NA,NA,"chr19:22088980","C:G","1","Private",1,"AM015b-X2_gDNA_tumour"
"465","PD53343j","AM015a-X3-Cell2","ACAP2:chr3:195285825:C:T","ACAP2",NA,NA,NA,"chr3:195285825","C:T","1","Public",6,"AM015b-X3_gDNA_tumour, AM015b-X2_gDNA_tumour, AM015a-X3-Cell2, AM015b-X2-Cell, AM015b_gDNA_tumour, AM015b-X1_gDNA_tumour"
"466","PD53343j","AM015a-X3-Cell2","ADAMTSL4:chr1:150557520:A:C","ADAMTSL4",NA,NA,NA,"chr1:150557520","A:C","1","Public",6,"AM015b-X3_gDNA_tumour, AM015b-X2_gDNA_tumour, AM015a-X3-Cell2, AM015b-X2-Cell, AM015b_gDNA_tumour, AM015b-X1_gDNA_tumour"
"467","PD53343j","AM015a-X3-Cell2","AJUBA:chr14:22981951:G:A","AJUBA",NA,NA,NA,"chr14:22981951","G:A","1","Public",6,"AM015b-X3_gDNA_tumour, AM015b-X2_gDNA_tumour, AM015a-X3-Cell2, AM015b-X2-Cell, AM015b_gDNA_tumour, AM015b-X1_gDNA_tumour"
"468","PD53343j","AM015a-X3-Cell2","AQP11:chr11:77590288:A:G","AQP11",NA,NA,NA,"chr11:77590288","A:G","1","Public",6,"AM015b-X3_gDNA_tumour, AM015b-X2_gDNA_tumour, AM015a-X3-Cell2, AM015b-X2-Cell, AM015b_gDNA_tumour, AM015b-X1_gDNA_tumour"
"469","PD53343j","AM015a-X3-Cell2","ARHGEF12:chr11:120473097:G:C","ARHGEF12","TSG, fusion","AML","","chr11:120473097","G:C","1","Public",6,"AM015b-X3_gDNA_tumour, AM015b-X2_gDNA_tumour, AM015a-X3-Cell2, AM015b-X2-Cell, AM015b_gDNA_tumour, AM015b-X1_gDNA_tumour"
"470","PD53343j","AM015a-X3-Cell2","AXIN2:chr17:65541496:T:C","AXIN2","TSG","colorectal carcinoma, stomach carcinoma, hepatocellular carcinoma","colorectal carcinoma","chr17:65541496","T:C","1","Public",6,"AM015b-X3_gDNA_tumour, AM015b-X2_gDNA_tumour, AM015a-X3-Cell2, AM015b-X2-Cell, AM015b_gDNA_tumour, AM015b-X1_gDNA_tumour"
"471","PD53343j","AM015a-X3-Cell2","BCL11B:chr14:99175069:G:A","BCL11B","oncogene, TSG, fusion","T-ALL","","chr14:99175069","G:A","1","Public",6,"AM015b-X3_gDNA_tumour, AM015b-X2_gDNA_tumour, AM015a-X3-Cell2, AM015b-X2-Cell, AM015b_gDNA_tumour, AM015b-X1_gDNA_tumour"
"472","PD53343j","AM015a-X3-Cell2","BLK:chr8:11563049:C:T","BLK",NA,NA,NA,"chr8:11563049","C:T","1","Public",6,"AM015b-X3_gDNA_tumour, AM015b-X2_gDNA_tumour, AM015a-X3-Cell2, AM015b-X2-Cell, AM015b_gDNA_tumour, AM015b-X1_gDNA_tumour"
"473","PD53343j","AM015a-X3-Cell2","BRWD1:chr21:39270325:T:C","BRWD1",NA,NA,NA,"chr21:39270325","T:C","1","Public",6,"AM015b-X3_gDNA_tumour, AM015b-X2_gDNA_tumour, AM015a-X3-Cell2, AM015b-X2-Cell, AM015b_gDNA_tumour, AM015b-X1_gDNA_tumour"
"474","PD53343j","AM015a-X3-Cell2","CCDC159:chr19:11352114:C:T","CCDC159",NA,NA,NA,"chr19:11352114","C:T","1","Public",6,"AM015b-X3_gDNA_tumour, AM015b-X2_gDNA_tumour, AM015a-X3-Cell2, AM015b-X2-Cell, AM015b_gDNA_tumour, AM015b-X1_gDNA_tumour"
"475","PD53343j","AM015a-X3-Cell2","CCT6A:chr7:56059641:G:C","CCT6A",NA,NA,NA,"chr7:56059641","G:C","1","Public",6,"AM015b-X3_gDNA_tumour, AM015b-X2_gDNA_tumour, AM015a-X3-Cell2, AM015b-X2-Cell, AM015b_gDNA_tumour, AM015b-X1_gDNA_tumour"
"476","PD53343j","AM015a-X3-Cell2","CD1C:chr1:158291245:G:T","CD1C",NA,NA,NA,"chr1:158291245","G:T","1","Public",6,"AM015b-X3_gDNA_tumour, AM015b-X2_gDNA_tumour, AM015a-X3-Cell2, AM015b-X2-Cell, AM015b_gDNA_tumour, AM015b-X1_gDNA_tumour"
"477","PD53343j","AM015a-X3-Cell2","CEACAM5:chr19:41715698:C:T","CEACAM5",NA,NA,NA,"chr19:41715698","C:T","1","Public",6,"AM015b-X3_gDNA_tumour, AM015b-X2_gDNA_tumour, AM015a-X3-Cell2, AM015b-X2-Cell, AM015b_gDNA_tumour, AM015b-X1_gDNA_tumour"
"478","PD53343j","AM015a-X3-Cell2","CEP170:chr1:243191056:A:C","CEP170",NA,NA,NA,"chr1:243191056","A:C","1","Public",6,"AM015b-X3_gDNA_tumour, AM015b-X2_gDNA_tumour, AM015a-X3-Cell2, AM015b-X2-Cell, AM015b_gDNA_tumour, AM015b-X1_gDNA_tumour"
"479","PD53343j","AM015a-X3-Cell2","CEP350:chr1:180020839:G:T","CEP350",NA,NA,NA,"chr1:180020839","G:T","1","Public",6,"AM015b-X3_gDNA_tumour, AM015b-X2_gDNA_tumour, AM015a-X3-Cell2, AM015b-X2-Cell, AM015b_gDNA_tumour, AM015b-X1_gDNA_tumour"
"480","PD53343j","AM015a-X3-Cell2","CORO7-PAM16:chr16:4364333:G:A","CORO7-PAM16",NA,NA,NA,"chr16:4364333","G:A","1","Public",6,"AM015b-X3_gDNA_tumour, AM015b-X2_gDNA_tumour, AM015a-X3-Cell2, AM015b-X2-Cell, AM015b_gDNA_tumour, AM015b-X1_gDNA_tumour"
"481","PD53343j","AM015a-X3-Cell2","CORO7:chr16:4364333:G:A","CORO7",NA,NA,NA,"chr16:4364333","G:A","1","Public",6,"AM015b-X3_gDNA_tumour, AM015b-X2_gDNA_tumour, AM015a-X3-Cell2, AM015b-X2-Cell, AM015b_gDNA_tumour, AM015b-X1_gDNA_tumour"
"482","PD53343j","AM015a-X3-Cell2","CTNNB1:chr3:41224645:T:C","CTNNB1","oncogene, fusion","colorectal, ovarian,  hepatoblastoma, pleomorphic salivary gland adenoma, other tumour types","","chr3:41224645","T:C","1","Public",6,"AM015b-X3_gDNA_tumour, AM015b-X2_gDNA_tumour, AM015a-X3-Cell2, AM015b-X2-Cell, AM015b_gDNA_tumour, AM015b-X1_gDNA_tumour"
"483","PD53343j","AM015a-X3-Cell2","DAP:chr5:10680756:G:A","DAP",NA,NA,NA,"chr5:10680756","G:A","1","Public",6,"AM015b-X3_gDNA_tumour, AM015b-X2_gDNA_tumour, AM015a-X3-Cell2, AM015b-X2-Cell, AM015b_gDNA_tumour, AM015b-X1_gDNA_tumour"
"484","PD53343j","AM015a-X3-Cell2","DAP:chr5:10680884:G:A","DAP",NA,NA,NA,"chr5:10680884","G:A","1","Public",6,"AM015b-X3_gDNA_tumour, AM015b-X2_gDNA_tumour, AM015a-X3-Cell2, AM015b-X2-Cell, AM015b_gDNA_tumour, AM015b-X1_gDNA_tumour"
"485","PD53343j","AM015a-X3-Cell2","DAP:chr5:10680924:G:A","DAP",NA,NA,NA,"chr5:10680924","G:A","1","Public",6,"AM015b-X3_gDNA_tumour, AM015b-X2_gDNA_tumour, AM015a-X3-Cell2, AM015b-X2-Cell, AM015b_gDNA_tumour, AM015b-X1_gDNA_tumour"
"486","PD53343j","AM015a-X3-Cell2","DAPK1:chr9:87646506:C:T","DAPK1",NA,NA,NA,"chr9:87646506","C:T","1","Public",6,"AM015b-X3_gDNA_tumour, AM015b-X2_gDNA_tumour, AM015a-X3-Cell2, AM015b-X2-Cell, AM015b_gDNA_tumour, AM015b-X1_gDNA_tumour"
"487","PD53343j","AM015a-X3-Cell2","DENND5A:chr11:9141965:G:A","DENND5A",NA,NA,NA,"chr11:9141965","G:A","1","Public",6,"AM015b-X3_gDNA_tumour, AM015b-X2_gDNA_tumour, AM015a-X3-Cell2, AM015b-X2-Cell, AM015b_gDNA_tumour, AM015b-X1_gDNA_tumour"
"488","PD53343j","AM015a-X3-Cell2","DNAH10:chr12:123853275:G:A","DNAH10",NA,NA,NA,"chr12:123853275","G:A","1","Public",6,"AM015b-X3_gDNA_tumour, AM015b-X2_gDNA_tumour, AM015a-X3-Cell2, AM015b-X2-Cell, AM015b_gDNA_tumour, AM015b-X1_gDNA_tumour"
"489","PD53343j","AM015a-X3-Cell2","DSN1:chr20:36762471:C:T","DSN1",NA,NA,NA,"chr20:36762471","C:T","1","Public",6,"AM015b-X3_gDNA_tumour, AM015b-X2_gDNA_tumour, AM015a-X3-Cell2, AM015b-X2-Cell, AM015b_gDNA_tumour, AM015b-X1_gDNA_tumour"
"490","PD53343j","AM015a-X3-Cell2","DVL3:chr3:184170649:C:T","DVL3",NA,NA,NA,"chr3:184170649","C:T","1","Public",6,"AM015b-X3_gDNA_tumour, AM015b-X2_gDNA_tumour, AM015a-X3-Cell2, AM015b-X2-Cell, AM015b_gDNA_tumour, AM015b-X1_gDNA_tumour"
"491","PD53343j","AM015a-X3-Cell2","ELP2:chr18:36154909:C:A","ELP2",NA,NA,NA,"chr18:36154909","C:A","1","Public",6,"AM015b-X3_gDNA_tumour, AM015b-X2_gDNA_tumour, AM015a-X3-Cell2, AM015b-X2-Cell, AM015b_gDNA_tumour, AM015b-X1_gDNA_tumour"
"492","PD53343j","AM015a-X3-Cell2","FRY:chr13:32224240:C:T","FRY",NA,NA,NA,"chr13:32224240","C:T","1","Public",6,"AM015b-X3_gDNA_tumour, AM015b-X2_gDNA_tumour, AM015a-X3-Cell2, AM015b-X2-Cell, AM015b_gDNA_tumour, AM015b-X1_gDNA_tumour"
"493","PD53343j","AM015a-X3-Cell2","GABBR2:chr9:98306269:A:G","GABBR2",NA,NA,NA,"chr9:98306269","A:G","1","Public",6,"AM015b-X3_gDNA_tumour, AM015b-X2_gDNA_tumour, AM015a-X3-Cell2, AM015b-X2-Cell, AM015b_gDNA_tumour, AM015b-X1_gDNA_tumour"
"494","PD53343j","AM015a-X3-Cell2","GALNT18:chr11:11379185:G:A","GALNT18",NA,NA,NA,"chr11:11379185","G:A","1","Public",6,"AM015b-X3_gDNA_tumour, AM015b-X2_gDNA_tumour, AM015a-X3-Cell2, AM015b-X2-Cell, AM015b_gDNA_tumour, AM015b-X1_gDNA_tumour"
"495","PD53343j","AM015a-X3-Cell2","GAPVD1:chr9:125298952:C:T","GAPVD1",NA,NA,NA,"chr9:125298952","C:T","1","Public",6,"AM015b-X3_gDNA_tumour, AM015b-X2_gDNA_tumour, AM015a-X3-Cell2, AM015b-X2-Cell, AM015b_gDNA_tumour, AM015b-X1_gDNA_tumour"
"496","PD53343j","AM015a-X3-Cell2","GLT8D1:chr3:52697887:G:A","GLT8D1",NA,NA,NA,"chr3:52697887","G:A","1","Public",6,"AM015b-X3_gDNA_tumour, AM015b-X2_gDNA_tumour, AM015a-X3-Cell2, AM015b-X2-Cell, AM015b_gDNA_tumour, AM015b-X1_gDNA_tumour"
"497","PD53343j","AM015a-X3-Cell2","GNL1:chr6:30547403:-:A","GNL1",NA,NA,NA,"chr6:30547403","-:A","1","Public",6,"AM015b-X3_gDNA_tumour, AM015b-X2_gDNA_tumour, AM015a-X3-Cell2, AM015b-X2-Cell, AM015b_gDNA_tumour, AM015b-X1_gDNA_tumour"
"498","PD53343j","AM015a-X3-Cell2","GNL1:chr6:30547425:A:G","GNL1",NA,NA,NA,"chr6:30547425","A:G","1","Public",6,"AM015b-X3_gDNA_tumour, AM015b-X2_gDNA_tumour, AM015a-X3-Cell2, AM015b-X2-Cell, AM015b_gDNA_tumour, AM015b-X1_gDNA_tumour"
"499","PD53343j","AM015a-X3-Cell2","H2BC10:chr6:26273265:C:T","H2BC10",NA,NA,NA,"chr6:26273265","C:T","1","Public",6,"AM015b-X3_gDNA_tumour, AM015b-X2_gDNA_tumour, AM015a-X3-Cell2, AM015b-X2-Cell, AM015b_gDNA_tumour, AM015b-X1_gDNA_tumour"
"500","PD53343j","AM015a-X3-Cell2","HDLBP:chr2:241230890:C:T","HDLBP",NA,NA,NA,"chr2:241230890","C:T","1","Public",6,"AM015b-X3_gDNA_tumour, AM015b-X2_gDNA_tumour, AM015a-X3-Cell2, AM015b-X2-Cell, AM015b_gDNA_tumour, AM015b-X1_gDNA_tumour"
"501","PD53343j","AM015a-X3-Cell2","HEPHL1:chr11:94088916:C:T","HEPHL1",NA,NA,NA,"chr11:94088916","C:T","1","Public",6,"AM015b-X3_gDNA_tumour, AM015b-X2_gDNA_tumour, AM015a-X3-Cell2, AM015b-X2-Cell, AM015b_gDNA_tumour, AM015b-X1_gDNA_tumour"
"502","PD53343j","AM015a-X3-Cell2","IFIT2:chr10:89306959:C:T","IFIT2",NA,NA,NA,"chr10:89306959","C:T","1","Public",6,"AM015b-X3_gDNA_tumour, AM015b-X2_gDNA_tumour, AM015a-X3-Cell2, AM015b-X2-Cell, AM015b_gDNA_tumour, AM015b-X1_gDNA_tumour"
"503","PD53343j","AM015a-X3-Cell2","IRF2BPL:chr14:77025781:C:T","IRF2BPL",NA,NA,NA,"chr14:77025781","C:T","1","Public",6,"AM015b-X3_gDNA_tumour, AM015b-X2_gDNA_tumour, AM015a-X3-Cell2, AM015b-X2-Cell, AM015b_gDNA_tumour, AM015b-X1_gDNA_tumour"
"504","PD53343j","AM015a-X3-Cell2","ITGA3:chr17:50089140:C:T","ITGA3",NA,NA,NA,"chr17:50089140","C:T","1","Public",6,"AM015b-X3_gDNA_tumour, AM015b-X2_gDNA_tumour, AM015a-X3-Cell2, AM015b-X2-Cell, AM015b_gDNA_tumour, AM015b-X1_gDNA_tumour"
"505","PD53343j","AM015a-X3-Cell2","JAKMIP3:chr10:132104900:A:G","JAKMIP3",NA,NA,NA,"chr10:132104900","A:G","1","Public",6,"AM015b-X3_gDNA_tumour, AM015b-X2_gDNA_tumour, AM015a-X3-Cell2, AM015b-X2-Cell, AM015b_gDNA_tumour, AM015b-X1_gDNA_tumour"
"506","PD53343j","AM015a-X3-Cell2","KCNA5:chr12:5045933:T:C","KCNA5",NA,NA,NA,"chr12:5045933","T:C","1","Public",6,"AM015b-X3_gDNA_tumour, AM015b-X2_gDNA_tumour, AM015a-X3-Cell2, AM015b-X2-Cell, AM015b_gDNA_tumour, AM015b-X1_gDNA_tumour"
"507","PD53343j","AM015a-X3-Cell2","KCNK9:chr8:139618629:C:T","KCNK9",NA,NA,NA,"chr8:139618629","C:T","1","Public",6,"AM015b-X3_gDNA_tumour, AM015b-X2_gDNA_tumour, AM015a-X3-Cell2, AM015b-X2-Cell, AM015b_gDNA_tumour, AM015b-X1_gDNA_tumour"
"508","PD53343j","AM015a-X3-Cell2","KCTD3:chr1:215620302:C:T","KCTD3",NA,NA,NA,"chr1:215620302","C:T","1","Public",6,"AM015b-X3_gDNA_tumour, AM015b-X2_gDNA_tumour, AM015a-X3-Cell2, AM015b-X2-Cell, AM015b_gDNA_tumour, AM015b-X1_gDNA_tumour"
"509","PD53343j","AM015a-X3-Cell2","KIT:chr4:54727495:T:C","KIT","oncogene","GIST, AML, TGCT, mastocytosis, mucosal melanoma","GIST, epithelioma","chr4:54727495","T:C","1","Public",6,"AM015b-X3_gDNA_tumour, AM015b-X2_gDNA_tumour, AM015a-X3-Cell2, AM015b-X2-Cell, AM015b_gDNA_tumour, AM015b-X1_gDNA_tumour"
"510","PD53343j","AM015a-X3-Cell2","KRT27:chr17:40782224:G:T","KRT27",NA,NA,NA,"chr17:40782224","G:T","1","Public",6,"AM015b-X3_gDNA_tumour, AM015b-X2_gDNA_tumour, AM015a-X3-Cell2, AM015b-X2-Cell, AM015b_gDNA_tumour, AM015b-X1_gDNA_tumour"
"511","PD53343j","AM015a-X3-Cell2","LRTM1:chr3:54925004:C:A","LRTM1",NA,NA,NA,"chr3:54925004","C:A","1","Public",6,"AM015b-X3_gDNA_tumour, AM015b-X2_gDNA_tumour, AM015a-X3-Cell2, AM015b-X2-Cell, AM015b_gDNA_tumour, AM015b-X1_gDNA_tumour"
"512","PD53343j","AM015a-X3-Cell2","MAN1C1:chr1:25778154:T:C","MAN1C1",NA,NA,NA,"chr1:25778154","T:C","1","Public",6,"AM015b-X3_gDNA_tumour, AM015b-X2_gDNA_tumour, AM015a-X3-Cell2, AM015b-X2-Cell, AM015b_gDNA_tumour, AM015b-X1_gDNA_tumour"
"513","PD53343j","AM015a-X3-Cell2","MAPKAPK3:chr3:50617648:-:G","MAPKAPK3",NA,NA,NA,"chr3:50617648","-:G","1","Public",6,"AM015b-X3_gDNA_tumour, AM015b-X2_gDNA_tumour, AM015a-X3-Cell2, AM015b-X2-Cell, AM015b_gDNA_tumour, AM015b-X1_gDNA_tumour"
"514","PD53343j","AM015a-X3-Cell2","MGP:chr12:14884228:C:T","MGP",NA,NA,NA,"chr12:14884228","C:T","1","Public",6,"AM015b-X3_gDNA_tumour, AM015b-X2_gDNA_tumour, AM015a-X3-Cell2, AM015b-X2-Cell, AM015b_gDNA_tumour, AM015b-X1_gDNA_tumour"
"515","PD53343j","AM015a-X3-Cell2","MMP2:chr16:55484117:G:A","MMP2",NA,NA,NA,"chr16:55484117","G:A","1","Public",6,"AM015b-X3_gDNA_tumour, AM015b-X2_gDNA_tumour, AM015a-X3-Cell2, AM015b-X2-Cell, AM015b_gDNA_tumour, AM015b-X1_gDNA_tumour"
"516","PD53343j","AM015a-X3-Cell2","MYO10:chr5:16762044:C:G","MYO10",NA,NA,NA,"chr5:16762044","C:G","1","Public",6,"AM015b-X3_gDNA_tumour, AM015b-X2_gDNA_tumour, AM015a-X3-Cell2, AM015b-X2-Cell, AM015b_gDNA_tumour, AM015b-X1_gDNA_tumour"
"517","PD53343j","AM015a-X3-Cell2","MYO9B:chr19:17172763:T:C","MYO9B",NA,NA,NA,"chr19:17172763","T:C","1","Public",6,"AM015b-X3_gDNA_tumour, AM015b-X2_gDNA_tumour, AM015a-X3-Cell2, AM015b-X2-Cell, AM015b_gDNA_tumour, AM015b-X1_gDNA_tumour"
"518","PD53343j","AM015a-X3-Cell2","NXF3:chrX:103077648:G:A","NXF3",NA,NA,NA,"chrX:103077648","G:A","1","Public",6,"AM015b-X3_gDNA_tumour, AM015b-X2_gDNA_tumour, AM015a-X3-Cell2, AM015b-X2-Cell, AM015b_gDNA_tumour, AM015b-X1_gDNA_tumour"
"519","PD53343j","AM015a-X3-Cell2","OR52D1:chr11:5489629:T:A","OR52D1",NA,NA,NA,"chr11:5489629","T:A","1","Public",6,"AM015b-X3_gDNA_tumour, AM015b-X2_gDNA_tumour, AM015a-X3-Cell2, AM015b-X2-Cell, AM015b_gDNA_tumour, AM015b-X1_gDNA_tumour"
"520","PD53343j","AM015a-X3-Cell2","OR7E24:chr19:9251483:C:T","OR7E24",NA,NA,NA,"chr19:9251483","C:T","1","Public",6,"AM015b-X3_gDNA_tumour, AM015b-X2_gDNA_tumour, AM015a-X3-Cell2, AM015b-X2-Cell, AM015b_gDNA_tumour, AM015b-X1_gDNA_tumour"
"521","PD53343j","AM015a-X3-Cell2","PCLO:chr7:82953870:AA:-","PCLO",NA,NA,NA,"chr7:82953870","AA:-","1","Public",6,"AM015b-X3_gDNA_tumour, AM015b-X2_gDNA_tumour, AM015a-X3-Cell2, AM015b-X2-Cell, AM015b_gDNA_tumour, AM015b-X1_gDNA_tumour"
"522","PD53343j","AM015a-X3-Cell2","PHF20L1:chr8:132816943:A:T","PHF20L1",NA,NA,NA,"chr8:132816943","A:T","1","Public",6,"AM015b-X3_gDNA_tumour, AM015b-X2_gDNA_tumour, AM015a-X3-Cell2, AM015b-X2-Cell, AM015b_gDNA_tumour, AM015b-X1_gDNA_tumour"
"523","PD53343j","AM015a-X3-Cell2","PLEKHA6:chr1:204257862:T:C","PLEKHA6",NA,NA,NA,"chr1:204257862","T:C","1","Public",6,"AM015b-X3_gDNA_tumour, AM015b-X2_gDNA_tumour, AM015a-X3-Cell2, AM015b-X2-Cell, AM015b_gDNA_tumour, AM015b-X1_gDNA_tumour"
"524","PD53343j","AM015a-X3-Cell2","POM121L2:chr6:27309929:G:A","POM121L2",NA,NA,NA,"chr6:27309929","G:A","1","Public",6,"AM015b-X3_gDNA_tumour, AM015b-X2_gDNA_tumour, AM015a-X3-Cell2, AM015b-X2-Cell, AM015b_gDNA_tumour, AM015b-X1_gDNA_tumour"
"525","PD53343j","AM015a-X3-Cell2","PPP4R4:chr14:94265884:C:G","PPP4R4",NA,NA,NA,"chr14:94265884","C:G","1","Public",6,"AM015b-X3_gDNA_tumour, AM015b-X2_gDNA_tumour, AM015a-X3-Cell2, AM015b-X2-Cell, AM015b_gDNA_tumour, AM015b-X1_gDNA_tumour"
"526","PD53343j","AM015a-X3-Cell2","PTPN11:chr12:112489106:G:C","PTPN11","oncogene","JMML, AML, MDS","","chr12:112489106","G:C","1","Public",6,"AM015b-X3_gDNA_tumour, AM015b-X2_gDNA_tumour, AM015a-X3-Cell2, AM015b-X2-Cell, AM015b_gDNA_tumour, AM015b-X1_gDNA_tumour"
"527","PD53343j","AM015a-X3-Cell2","RADX:chrX:106639602:T:A","RADX",NA,NA,NA,"chrX:106639602","T:A","1","Public",6,"AM015b-X3_gDNA_tumour, AM015b-X2_gDNA_tumour, AM015a-X3-Cell2, AM015b-X2-Cell, AM015b_gDNA_tumour, AM015b-X1_gDNA_tumour"
"528","PD53343j","AM015a-X3-Cell2","RFC1:chr4:39303067:C:A","RFC1",NA,NA,NA,"chr4:39303067","C:A","1","Public",6,"AM015b-X3_gDNA_tumour, AM015b-X2_gDNA_tumour, AM015a-X3-Cell2, AM015b-X2-Cell, AM015b_gDNA_tumour, AM015b-X1_gDNA_tumour"
"529","PD53343j","AM015a-X3-Cell2","RNPC3:chr1:103546977:G:C","RNPC3",NA,NA,NA,"chr1:103546977","G:C","1","Public",6,"AM015b-X3_gDNA_tumour, AM015b-X2_gDNA_tumour, AM015a-X3-Cell2, AM015b-X2-Cell, AM015b_gDNA_tumour, AM015b-X1_gDNA_tumour"
"530","PD53343j","AM015a-X3-Cell2","ROBO3:chr11:124873041:C:T","ROBO3",NA,NA,NA,"chr11:124873041","C:T","1","Public",6,"AM015b-X3_gDNA_tumour, AM015b-X2_gDNA_tumour, AM015a-X3-Cell2, AM015b-X2-Cell, AM015b_gDNA_tumour, AM015b-X1_gDNA_tumour"
"531","PD53343j","AM015a-X3-Cell2","RP1:chr8:54622190:G:A","RP1",NA,NA,NA,"chr8:54622190","G:A","1","Public",6,"AM015b-X3_gDNA_tumour, AM015b-X2_gDNA_tumour, AM015a-X3-Cell2, AM015b-X2-Cell, AM015b_gDNA_tumour, AM015b-X1_gDNA_tumour"
"532","PD53343j","AM015a-X3-Cell2","SCN11A:chr3:38904075:G:A","SCN11A",NA,NA,NA,"chr3:38904075","G:A","1","Public",6,"AM015b-X3_gDNA_tumour, AM015b-X2_gDNA_tumour, AM015a-X3-Cell2, AM015b-X2-Cell, AM015b_gDNA_tumour, AM015b-X1_gDNA_tumour"
"533","PD53343j","AM015a-X3-Cell2","SEPTIN3:chr22:41989662:A:G","SEPTIN3",NA,NA,NA,"chr22:41989662","A:G","1","Public",6,"AM015b-X3_gDNA_tumour, AM015b-X2_gDNA_tumour, AM015a-X3-Cell2, AM015b-X2-Cell, AM015b_gDNA_tumour, AM015b-X1_gDNA_tumour"
"534","PD53343j","AM015a-X3-Cell2","SFTPA2:chr10:79559317:G:A","SFTPA2",NA,NA,NA,"chr10:79559317","G:A","1","Public",6,"AM015b-X3_gDNA_tumour, AM015b-X2_gDNA_tumour, AM015a-X3-Cell2, AM015b-X2-Cell, AM015b_gDNA_tumour, AM015b-X1_gDNA_tumour"
"535","PD53343j","AM015a-X3-Cell2","SGPP2:chr2:222558371:A:C","SGPP2",NA,NA,NA,"chr2:222558371","A:C","1","Public",6,"AM015b-X3_gDNA_tumour, AM015b-X2_gDNA_tumour, AM015a-X3-Cell2, AM015b-X2-Cell, AM015b_gDNA_tumour, AM015b-X1_gDNA_tumour"
"536","PD53343j","AM015a-X3-Cell2","SH3TC1:chr4:8205207:C:G","SH3TC1",NA,NA,NA,"chr4:8205207","C:G","1","Public",6,"AM015b-X3_gDNA_tumour, AM015b-X2_gDNA_tumour, AM015a-X3-Cell2, AM015b-X2-Cell, AM015b_gDNA_tumour, AM015b-X1_gDNA_tumour"
"537","PD53343j","AM015a-X3-Cell2","SLC16A14:chr2:230046345:C:T","SLC16A14",NA,NA,NA,"chr2:230046345","C:T","1","Public",6,"AM015b-X3_gDNA_tumour, AM015b-X2_gDNA_tumour, AM015a-X3-Cell2, AM015b-X2-Cell, AM015b_gDNA_tumour, AM015b-X1_gDNA_tumour"
"538","PD53343j","AM015a-X3-Cell2","SLC7A7:chr14:22780010:T:C","SLC7A7",NA,NA,NA,"chr14:22780010","T:C","1","Public",6,"AM015b-X3_gDNA_tumour, AM015b-X2_gDNA_tumour, AM015a-X3-Cell2, AM015b-X2-Cell, AM015b_gDNA_tumour, AM015b-X1_gDNA_tumour"
"539","PD53343j","AM015a-X3-Cell2","SLC9A3:chr5:488471:G:A","SLC9A3",NA,NA,NA,"chr5:488471","G:A","1","Public",6,"AM015b-X3_gDNA_tumour, AM015b-X2_gDNA_tumour, AM015a-X3-Cell2, AM015b-X2-Cell, AM015b_gDNA_tumour, AM015b-X1_gDNA_tumour"
"540","PD53343j","AM015a-X3-Cell2","SOWAHA:chr5:132813809:A:G","SOWAHA",NA,NA,NA,"chr5:132813809","A:G","1","Public",6,"AM015b-X3_gDNA_tumour, AM015b-X2_gDNA_tumour, AM015a-X3-Cell2, AM015b-X2-Cell, AM015b_gDNA_tumour, AM015b-X1_gDNA_tumour"
"541","PD53343j","AM015a-X3-Cell2","SPANXB1:chrX:141003529:G:A","SPANXB1",NA,NA,NA,"chrX:141003529","G:A","1","Public",6,"AM015b-X3_gDNA_tumour, AM015b-X2_gDNA_tumour, AM015a-X3-Cell2, AM015b-X2-Cell, AM015b_gDNA_tumour, AM015b-X1_gDNA_tumour"
"542","PD53343j","AM015a-X3-Cell2","SPATS1:chr6:44368496:C:T","SPATS1",NA,NA,NA,"chr6:44368496","C:T","1","Public",6,"AM015b-X3_gDNA_tumour, AM015b-X2_gDNA_tumour, AM015a-X3-Cell2, AM015b-X2-Cell, AM015b_gDNA_tumour, AM015b-X1_gDNA_tumour"
"543","PD53343j","AM015a-X3-Cell2","SUCLA2:chr13:47996858:T:C","SUCLA2",NA,NA,NA,"chr13:47996858","T:C","1","Public",6,"AM015b-X3_gDNA_tumour, AM015b-X2_gDNA_tumour, AM015a-X3-Cell2, AM015b-X2-Cell, AM015b_gDNA_tumour, AM015b-X1_gDNA_tumour"
"544","PD53343j","AM015a-X3-Cell2","SYNGAP1:chr6:33441241:A:C","SYNGAP1",NA,NA,NA,"chr6:33441241","A:C","1","Public",6,"AM015b-X3_gDNA_tumour, AM015b-X2_gDNA_tumour, AM015a-X3-Cell2, AM015b-X2-Cell, AM015b_gDNA_tumour, AM015b-X1_gDNA_tumour"
"545","PD53343j","AM015a-X3-Cell2","TAS2R46:chr12:11062229:A:T","TAS2R46",NA,NA,NA,"chr12:11062229","A:T","1","Public",6,"AM015b-X3_gDNA_tumour, AM015b-X2_gDNA_tumour, AM015a-X3-Cell2, AM015b-X2-Cell, AM015b_gDNA_tumour, AM015b-X1_gDNA_tumour"
"546","PD53343j","AM015a-X3-Cell2","TCTEX1D1:chr1:66777309:T:C","TCTEX1D1",NA,NA,NA,"chr1:66777309","T:C","1","Public",6,"AM015b-X3_gDNA_tumour, AM015b-X2_gDNA_tumour, AM015a-X3-Cell2, AM015b-X2-Cell, AM015b_gDNA_tumour, AM015b-X1_gDNA_tumour"
"547","PD53343j","AM015a-X3-Cell2","TMC6:chr17:78126310:G:T","TMC6",NA,NA,NA,"chr17:78126310","G:T","1","Public",6,"AM015b-X3_gDNA_tumour, AM015b-X2_gDNA_tumour, AM015a-X3-Cell2, AM015b-X2-Cell, AM015b_gDNA_tumour, AM015b-X1_gDNA_tumour"
"548","PD53343j","AM015a-X3-Cell2","TNRC18:chr7:5374287:G:A","TNRC18",NA,NA,NA,"chr7:5374287","G:A","1","Public",6,"AM015b-X3_gDNA_tumour, AM015b-X2_gDNA_tumour, AM015a-X3-Cell2, AM015b-X2-Cell, AM015b_gDNA_tumour, AM015b-X1_gDNA_tumour"
"549","PD53343j","AM015a-X3-Cell2","TTN:chr2:178620579:C:T","TTN",NA,NA,NA,"chr2:178620579","C:T","1","Public",6,"AM015b-X3_gDNA_tumour, AM015b-X2_gDNA_tumour, AM015a-X3-Cell2, AM015b-X2-Cell, AM015b_gDNA_tumour, AM015b-X1_gDNA_tumour"
"550","PD53343j","AM015a-X3-Cell2","TUBGCP5:chr15:23022100:C:T","TUBGCP5",NA,NA,NA,"chr15:23022100","C:T","1","Public",6,"AM015b-X3_gDNA_tumour, AM015b-X2_gDNA_tumour, AM015a-X3-Cell2, AM015b-X2-Cell, AM015b_gDNA_tumour, AM015b-X1_gDNA_tumour"
"551","PD53343j","AM015a-X3-Cell2","TUT4:chr1:52446376:G:A","TUT4",NA,NA,NA,"chr1:52446376","G:A","1","Public",6,"AM015b-X3_gDNA_tumour, AM015b-X2_gDNA_tumour, AM015a-X3-Cell2, AM015b-X2-Cell, AM015b_gDNA_tumour, AM015b-X1_gDNA_tumour"
"552","PD53343j","AM015a-X3-Cell2","TWNK:chr10:100989136:G:A","TWNK",NA,NA,NA,"chr10:100989136","G:A","1","Public",6,"AM015b-X3_gDNA_tumour, AM015b-X2_gDNA_tumour, AM015a-X3-Cell2, AM015b-X2-Cell, AM015b_gDNA_tumour, AM015b-X1_gDNA_tumour"
"553","PD53343j","AM015a-X3-Cell2","TYK2:chr19:10359256:C:A","TYK2",NA,NA,NA,"chr19:10359256","C:A","1","Public",6,"AM015b-X3_gDNA_tumour, AM015b-X2_gDNA_tumour, AM015a-X3-Cell2, AM015b-X2-Cell, AM015b_gDNA_tumour, AM015b-X1_gDNA_tumour"
"554","PD53343j","AM015a-X3-Cell2","UBE2V2:chr8:48049980:T:A","UBE2V2",NA,NA,NA,"chr8:48049980","T:A","1","Public",6,"AM015b-X3_gDNA_tumour, AM015b-X2_gDNA_tumour, AM015a-X3-Cell2, AM015b-X2-Cell, AM015b_gDNA_tumour, AM015b-X1_gDNA_tumour"
"555","PD53343j","AM015a-X3-Cell2","VCAM1:chr1:100731334:G:A","VCAM1",NA,NA,NA,"chr1:100731334","G:A","1","Public",6,"AM015b-X3_gDNA_tumour, AM015b-X2_gDNA_tumour, AM015a-X3-Cell2, AM015b-X2-Cell, AM015b_gDNA_tumour, AM015b-X1_gDNA_tumour"
"556","PD53343j","AM015a-X3-Cell2","WIPI2:chr7:5217986:G:T","WIPI2",NA,NA,NA,"chr7:5217986","G:T","1","Public",6,"AM015b-X3_gDNA_tumour, AM015b-X2_gDNA_tumour, AM015a-X3-Cell2, AM015b-X2-Cell, AM015b_gDNA_tumour, AM015b-X1_gDNA_tumour"
"557","PD53343j","AM015a-X3-Cell2","ZNF225:chr19:44132440:C:T","ZNF225",NA,NA,NA,"chr19:44132440","C:T","1","Public",6,"AM015b-X3_gDNA_tumour, AM015b-X2_gDNA_tumour, AM015a-X3-Cell2, AM015b-X2-Cell, AM015b_gDNA_tumour, AM015b-X1_gDNA_tumour"
"558","PD53343j","AM015a-X3-Cell2","ZNF510:chr9:96776040:A:T","ZNF510",NA,NA,NA,"chr9:96776040","A:T","1","Public",6,"AM015b-X3_gDNA_tumour, AM015b-X2_gDNA_tumour, AM015a-X3-Cell2, AM015b-X2-Cell, AM015b_gDNA_tumour, AM015b-X1_gDNA_tumour"
"559","PD53343j","AM015a-X3-Cell2","ZUP1:chr6:116651659:-:C","ZUP1",NA,NA,NA,"chr6:116651659","-:C","1","Public",6,"AM015b-X3_gDNA_tumour, AM015b-X2_gDNA_tumour, AM015a-X3-Cell2, AM015b-X2-Cell, AM015b_gDNA_tumour, AM015b-X1_gDNA_tumour"
"560","PD53343j","AM015a-X3-Cell2","ZZEF1:chr17:4056226:T:A","ZZEF1",NA,NA,NA,"chr17:4056226","T:A","1","Public",6,"AM015b-X3_gDNA_tumour, AM015b-X2_gDNA_tumour, AM015a-X3-Cell2, AM015b-X2-Cell, AM015b_gDNA_tumour, AM015b-X1_gDNA_tumour"
"561","PD53343j","AM015a-X3-Cell2","MZT1:chr13:72719065:C:T","MZT1",NA,NA,NA,"chr13:72719065","C:T","1","Shared",5,"AM015b-X3_gDNA_tumour, AM015b-X2_gDNA_tumour, AM015a-X3-Cell2, AM015b-X2-Cell, AM015b-X1_gDNA_tumour"
"562","PD53343j","AM015a-X3-Cell2","TNKS:chr8:9555964:C:T","TNKS",NA,NA,NA,"chr8:9555964","C:T","1","Shared",5,"AM015b-X3_gDNA_tumour, AM015b-X2_gDNA_tumour, AM015a-X3-Cell2, AM015b_gDNA_tumour, AM015b-X1_gDNA_tumour"
"563","PD53343j","AM015a-X3-Cell2","WNK1:chr12:885847:A:G","WNK1",NA,NA,NA,"chr12:885847","A:G","1","Shared",5,"AM015b-X3_gDNA_tumour, AM015b-X2_gDNA_tumour, AM015a-X3-Cell2, AM015b_gDNA_tumour, AM015b-X1_gDNA_tumour"
"564","PD53343j","AM015a-X3-Cell2","XDH:chr2:31366033:C:G","XDH",NA,NA,NA,"chr2:31366033","C:G","1","Shared",5,"AM015b-X3_gDNA_tumour, AM015b-X2_gDNA_tumour, AM015a-X3-Cell2, AM015b_gDNA_tumour, AM015b-X1_gDNA_tumour"
"565","PD53343j","AM015a-X3-Cell2","ALKBH8:chr11:107504818:C:T","ALKBH8",NA,NA,NA,"chr11:107504818","C:T","1","Shared",4,"AM015b-X3_gDNA_tumour, AM015b-X2_gDNA_tumour, AM015a-X3-Cell2, AM015b-X1_gDNA_tumour"
"599","PD53343j","AM015a-X3-Cell2","SLC14A1:chr18:45730309:G:A","SLC14A1",NA,NA,NA,"chr18:45730309","G:A","1","Shared",5,"AM015b-X3_gDNA_tumour, AM015a-X3-Cell2, AM015b-X2-Cell, AM015b_gDNA_tumour, AM015b-X1_gDNA_tumour"
"616","PD53343j","AM015a-X3-Cell2","TNRC18:chr7:5374266:G:A","TNRC18",NA,NA,NA,"chr7:5374266","G:A","1","Shared",5,"AM015b-X2_gDNA_tumour, AM015a-X3-Cell2, AM015b-X2-Cell, AM015b_gDNA_tumour, AM015b-X1_gDNA_tumour"
"631","PD53343j","AM015a-X3-Cell2","ASAP1:chr8:130128021:-:GCACTCT","ASAP1",NA,NA,NA,"chr8:130128021","-:GCACTCT","1","Shared",4,"AM015a-X3-Cell2, AM015b-X2-Cell, AM015b_gDNA_tumour, AM015b-X1_gDNA_tumour"
"632","PD53343j","AM015a-X3-Cell2","KLHL11:chr17:41865332:-:GCC","KLHL11",NA,NA,NA,"chr17:41865332","-:GCC","1","Shared",3,"AM015a-X3-Cell2, AM015b-X2-Cell, AM015b_gDNA_tumour"
"633","PD53343j","AM015a-X3-Cell2","TNRC18:chr7:5374203:G:A","TNRC18",NA,NA,NA,"chr7:5374203","G:A","1","Shared",3,"AM015a-X3-Cell2, AM015b-X2-Cell, AM015b_gDNA_tumour"
"634","PD53343j","AM015a-X3-Cell2","TNRC18:chr7:5374214:G:A","TNRC18",NA,NA,NA,"chr7:5374214","G:A","1","Shared",3,"AM015a-X3-Cell2, AM015b-X2-Cell, AM015b_gDNA_tumour"
"635","PD53343j","AM015a-X3-Cell2","TWIST1:chr7:19117120:T:A","TWIST1",NA,NA,NA,"chr7:19117120","T:A","1","Shared",3,"AM015a-X3-Cell2, AM015b-X2-Cell, AM015b_gDNA_tumour"
"636","PD53343j","AM015a-X3-Cell2","TWIST1:chr7:19117123:CCGGCT:-","TWIST1",NA,NA,NA,"chr7:19117123","CCGGCT:-","1","Shared",3,"AM015a-X3-Cell2, AM015b-X2-Cell, AM015b_gDNA_tumour"
"637","PD53343j","AM015a-X3-Cell2","ACOT6:chr14:73619570:T:C","ACOT6",NA,NA,NA,"chr14:73619570","T:C","1","Private",1,"AM015a-X3-Cell2"
"638","PD53343j","AM015a-X3-Cell2","AFF1:chr4:87084124:C:A","AFF1","fusion","AL","","chr4:87084124","C:A","1","Private",1,"AM015a-X3-Cell2"
"639","PD53343j","AM015a-X3-Cell2","AGPAT4:chr6:161154262:C:A","AGPAT4",NA,NA,NA,"chr6:161154262","C:A","1","Private",1,"AM015a-X3-Cell2"
"640","PD53343j","AM015a-X3-Cell2","ANKRD11:chr16:89305214:G:T","ANKRD11",NA,NA,NA,"chr16:89305214","G:T","1","Private",1,"AM015a-X3-Cell2"
"641","PD53343j","AM015a-X3-Cell2","ANLN:chr7:36396297:A:C","ANLN",NA,NA,NA,"chr7:36396297","A:C","1","Private",1,"AM015a-X3-Cell2"
"642","PD53343j","AM015a-X3-Cell2","ARSF:chrX:3089549:C:T","ARSF",NA,NA,NA,"chrX:3089549","C:T","1","Private",1,"AM015a-X3-Cell2"
"643","PD53343j","AM015a-X3-Cell2","BRD9:chr5:886591:C:T","BRD9",NA,NA,NA,"chr5:886591","C:T","1","Private",1,"AM015a-X3-Cell2"
"644","PD53343j","AM015a-X3-Cell2","BRINP1:chr9:119249040:C:T","BRINP1",NA,NA,NA,"chr9:119249040","C:T","1","Private",1,"AM015a-X3-Cell2"
"645","PD53343j","AM015a-X3-Cell2","CD59:chr11:33710187:T:C","CD59",NA,NA,NA,"chr11:33710187","T:C","1","Private",1,"AM015a-X3-Cell2"
"646","PD53343j","AM015a-X3-Cell2","COL10A1:chr6:116120444:G:A","COL10A1",NA,NA,NA,"chr6:116120444","G:A","1","Private",1,"AM015a-X3-Cell2"
"647","PD53343j","AM015a-X3-Cell2","CPXM2:chr10:123780251:A:G","CPXM2",NA,NA,NA,"chr10:123780251","A:G","1","Private",1,"AM015a-X3-Cell2"
"648","PD53343j","AM015a-X3-Cell2","DMRT2:chr9:1051918:G:T","DMRT2",NA,NA,NA,"chr9:1051918","G:T","1","Private",1,"AM015a-X3-Cell2"
"649","PD53343j","AM015a-X3-Cell2","DMRT2:chr9:1051920:G:T","DMRT2",NA,NA,NA,"chr9:1051920","G:T","1","Private",1,"AM015a-X3-Cell2"
"650","PD53343j","AM015a-X3-Cell2","DNAI4:chr1:66840555:C:T","DNAI4",NA,NA,NA,"chr1:66840555","C:T","1","Private",1,"AM015a-X3-Cell2"
"651","PD53343j","AM015a-X3-Cell2","DOCK2:chr5:169700112:C:A","DOCK2",NA,NA,NA,"chr5:169700112","C:A","1","Private",1,"AM015a-X3-Cell2"
"652","PD53343j","AM015a-X3-Cell2","EDAR:chr2:108897147:A:G","EDAR",NA,NA,NA,"chr2:108897147","A:G","1","Private",1,"AM015a-X3-Cell2"
"653","PD53343j","AM015a-X3-Cell2","FGF4:chr11:69773415:T:C","FGF4",NA,NA,NA,"chr11:69773415","T:C","1","Private",1,"AM015a-X3-Cell2"
"654","PD53343j","AM015a-X3-Cell2","GABRB2:chr5:161330886:G:T","GABRB2",NA,NA,NA,"chr5:161330886","G:T","1","Private",1,"AM015a-X3-Cell2"
"655","PD53343j","AM015a-X3-Cell2","LRP2:chr2:169188174:C:T","LRP2",NA,NA,NA,"chr2:169188174","C:T","1","Private",1,"AM015a-X3-Cell2"
"656","PD53343j","AM015a-X3-Cell2","LRRTM3:chr10:66927809:T:C","LRRTM3",NA,NA,NA,"chr10:66927809","T:C","1","Private",1,"AM015a-X3-Cell2"
"657","PD53343j","AM015a-X3-Cell2","MARF1:chr16:15609726:C:A","MARF1",NA,NA,NA,"chr16:15609726","C:A","1","Private",1,"AM015a-X3-Cell2"
"658","PD53343j","AM015a-X3-Cell2","MED22:chr9:133344321:C:A","MED22",NA,NA,NA,"chr9:133344321","C:A","1","Private",1,"AM015a-X3-Cell2"
"659","PD53343j","AM015a-X3-Cell2","MYO1G:chr7:44970940:C:T","MYO1G",NA,NA,NA,"chr7:44970940","C:T","1","Private",1,"AM015a-X3-Cell2"
"660","PD53343j","AM015a-X3-Cell2","NF1:chr17:31219076:C:T","NF1","TSG, fusion","neurofibroma, glioma","neurofibroma, glioma","chr17:31219076","C:T","1","Private",1,"AM015a-X3-Cell2"
"661","PD53343j","AM015a-X3-Cell2","PCDHA5:chr5:140822339:G:A","PCDHA5",NA,NA,NA,"chr5:140822339","G:A","1","Private",1,"AM015a-X3-Cell2"
"662","PD53343j","AM015a-X3-Cell2","SFPQ:chr1:35187999:AA:GG","SFPQ","TSG, fusion","papillary renal","","chr1:35187999","AA:GG","1","Private",1,"AM015a-X3-Cell2"
"663","PD53343j","AM015a-X3-Cell2","SIPA1L3:chr19:38192226:G:T","SIPA1L3",NA,NA,NA,"chr19:38192226","G:T","1","Private",1,"AM015a-X3-Cell2"
"664","PD53343j","AM015a-X3-Cell2","SLC22A16:chr6:110456752:C:G","SLC22A16",NA,NA,NA,"chr6:110456752","C:G","1","Private",1,"AM015a-X3-Cell2"
"665","PD53343j","AM015a-X3-Cell2","SLC26A5:chr7:103410393:C:T","SLC26A5",NA,NA,NA,"chr7:103410393","C:T","1","Private",1,"AM015a-X3-Cell2"
"666","PD53343j","AM015a-X3-Cell2","SNX19:chr11:130910135:T:G","SNX19",NA,NA,NA,"chr11:130910135","T:G","1","Private",1,"AM015a-X3-Cell2"
"667","PD53343j","AM015a-X3-Cell2","TENM3:chr4:182792672:T:A","TENM3",NA,NA,NA,"chr4:182792672","T:A","1","Private",1,"AM015a-X3-Cell2"
"668","PD53343j","AM015a-X3-Cell2","TEP1:chr14:20386608:C:A","TEP1",NA,NA,NA,"chr14:20386608","C:A","1","Private",1,"AM015a-X3-Cell2"
"669","PD53343j","AM015a-X3-Cell2","TRPC4:chr13:37692043:G:C","TRPC4",NA,NA,NA,"chr13:37692043","G:C","1","Private",1,"AM015a-X3-Cell2"
"670","PD53343j","AM015a-X3-Cell2","TTN:chr2:178571231:C:A","TTN",NA,NA,NA,"chr2:178571231","C:A","1","Private",1,"AM015a-X3-Cell2"
"671","PD53343j","AM015a-X3-Cell2","UNC5C:chr4:95301653:C:T","UNC5C",NA,NA,NA,"chr4:95301653","C:T","1","Private",1,"AM015a-X3-Cell2"
"672","PD53343j","AM015a-X3-Cell2","VSIG2:chr11:124750855:G:C","VSIG2",NA,NA,NA,"chr11:124750855","G:C","1","Private",1,"AM015a-X3-Cell2"
"697","PD53343k","AM015b-X2-Cell","ACAP2:chr3:195285825:C:T","ACAP2",NA,NA,NA,"chr3:195285825","C:T","1","Public",6,"AM015b-X3_gDNA_tumour, AM015b-X2_gDNA_tumour, AM015a-X3-Cell2, AM015b-X2-Cell, AM015b_gDNA_tumour, AM015b-X1_gDNA_tumour"
"698","PD53343k","AM015b-X2-Cell","ADAMTSL4:chr1:150557520:A:C","ADAMTSL4",NA,NA,NA,"chr1:150557520","A:C","1","Public",6,"AM015b-X3_gDNA_tumour, AM015b-X2_gDNA_tumour, AM015a-X3-Cell2, AM015b-X2-Cell, AM015b_gDNA_tumour, AM015b-X1_gDNA_tumour"
"699","PD53343k","AM015b-X2-Cell","AJUBA:chr14:22981951:G:A","AJUBA",NA,NA,NA,"chr14:22981951","G:A","1","Public",6,"AM015b-X3_gDNA_tumour, AM015b-X2_gDNA_tumour, AM015a-X3-Cell2, AM015b-X2-Cell, AM015b_gDNA_tumour, AM015b-X1_gDNA_tumour"
"700","PD53343k","AM015b-X2-Cell","AQP11:chr11:77590288:A:G","AQP11",NA,NA,NA,"chr11:77590288","A:G","1","Public",6,"AM015b-X3_gDNA_tumour, AM015b-X2_gDNA_tumour, AM015a-X3-Cell2, AM015b-X2-Cell, AM015b_gDNA_tumour, AM015b-X1_gDNA_tumour"
"701","PD53343k","AM015b-X2-Cell","ARHGEF12:chr11:120473097:G:C","ARHGEF12","TSG, fusion","AML","","chr11:120473097","G:C","1","Public",6,"AM015b-X3_gDNA_tumour, AM015b-X2_gDNA_tumour, AM015a-X3-Cell2, AM015b-X2-Cell, AM015b_gDNA_tumour, AM015b-X1_gDNA_tumour"
"702","PD53343k","AM015b-X2-Cell","AXIN2:chr17:65541496:T:C","AXIN2","TSG","colorectal carcinoma, stomach carcinoma, hepatocellular carcinoma","colorectal carcinoma","chr17:65541496","T:C","1","Public",6,"AM015b-X3_gDNA_tumour, AM015b-X2_gDNA_tumour, AM015a-X3-Cell2, AM015b-X2-Cell, AM015b_gDNA_tumour, AM015b-X1_gDNA_tumour"
"703","PD53343k","AM015b-X2-Cell","BCL11B:chr14:99175069:G:A","BCL11B","oncogene, TSG, fusion","T-ALL","","chr14:99175069","G:A","1","Public",6,"AM015b-X3_gDNA_tumour, AM015b-X2_gDNA_tumour, AM015a-X3-Cell2, AM015b-X2-Cell, AM015b_gDNA_tumour, AM015b-X1_gDNA_tumour"
"704","PD53343k","AM015b-X2-Cell","BLK:chr8:11563049:C:T","BLK",NA,NA,NA,"chr8:11563049","C:T","1","Public",6,"AM015b-X3_gDNA_tumour, AM015b-X2_gDNA_tumour, AM015a-X3-Cell2, AM015b-X2-Cell, AM015b_gDNA_tumour, AM015b-X1_gDNA_tumour"
"705","PD53343k","AM015b-X2-Cell","BRWD1:chr21:39270325:T:C","BRWD1",NA,NA,NA,"chr21:39270325","T:C","1","Public",6,"AM015b-X3_gDNA_tumour, AM015b-X2_gDNA_tumour, AM015a-X3-Cell2, AM015b-X2-Cell, AM015b_gDNA_tumour, AM015b-X1_gDNA_tumour"
"706","PD53343k","AM015b-X2-Cell","CCDC159:chr19:11352114:C:T","CCDC159",NA,NA,NA,"chr19:11352114","C:T","1","Public",6,"AM015b-X3_gDNA_tumour, AM015b-X2_gDNA_tumour, AM015a-X3-Cell2, AM015b-X2-Cell, AM015b_gDNA_tumour, AM015b-X1_gDNA_tumour"
"707","PD53343k","AM015b-X2-Cell","CCT6A:chr7:56059641:G:C","CCT6A",NA,NA,NA,"chr7:56059641","G:C","1","Public",6,"AM015b-X3_gDNA_tumour, AM015b-X2_gDNA_tumour, AM015a-X3-Cell2, AM015b-X2-Cell, AM015b_gDNA_tumour, AM015b-X1_gDNA_tumour"
"708","PD53343k","AM015b-X2-Cell","CD1C:chr1:158291245:G:T","CD1C",NA,NA,NA,"chr1:158291245","G:T","1","Public",6,"AM015b-X3_gDNA_tumour, AM015b-X2_gDNA_tumour, AM015a-X3-Cell2, AM015b-X2-Cell, AM015b_gDNA_tumour, AM015b-X1_gDNA_tumour"
"709","PD53343k","AM015b-X2-Cell","CEACAM5:chr19:41715698:C:T","CEACAM5",NA,NA,NA,"chr19:41715698","C:T","1","Public",6,"AM015b-X3_gDNA_tumour, AM015b-X2_gDNA_tumour, AM015a-X3-Cell2, AM015b-X2-Cell, AM015b_gDNA_tumour, AM015b-X1_gDNA_tumour"
"710","PD53343k","AM015b-X2-Cell","CEP170:chr1:243191056:A:C","CEP170",NA,NA,NA,"chr1:243191056","A:C","1","Public",6,"AM015b-X3_gDNA_tumour, AM015b-X2_gDNA_tumour, AM015a-X3-Cell2, AM015b-X2-Cell, AM015b_gDNA_tumour, AM015b-X1_gDNA_tumour"
"711","PD53343k","AM015b-X2-Cell","CEP350:chr1:180020839:G:T","CEP350",NA,NA,NA,"chr1:180020839","G:T","1","Public",6,"AM015b-X3_gDNA_tumour, AM015b-X2_gDNA_tumour, AM015a-X3-Cell2, AM015b-X2-Cell, AM015b_gDNA_tumour, AM015b-X1_gDNA_tumour"
"712","PD53343k","AM015b-X2-Cell","CORO7-PAM16:chr16:4364333:G:A","CORO7-PAM16",NA,NA,NA,"chr16:4364333","G:A","1","Public",6,"AM015b-X3_gDNA_tumour, AM015b-X2_gDNA_tumour, AM015a-X3-Cell2, AM015b-X2-Cell, AM015b_gDNA_tumour, AM015b-X1_gDNA_tumour"
"713","PD53343k","AM015b-X2-Cell","CORO7:chr16:4364333:G:A","CORO7",NA,NA,NA,"chr16:4364333","G:A","1","Public",6,"AM015b-X3_gDNA_tumour, AM015b-X2_gDNA_tumour, AM015a-X3-Cell2, AM015b-X2-Cell, AM015b_gDNA_tumour, AM015b-X1_gDNA_tumour"
"714","PD53343k","AM015b-X2-Cell","CTNNB1:chr3:41224645:T:C","CTNNB1","oncogene, fusion","colorectal, ovarian,  hepatoblastoma, pleomorphic salivary gland adenoma, other tumour types","","chr3:41224645","T:C","1","Public",6,"AM015b-X3_gDNA_tumour, AM015b-X2_gDNA_tumour, AM015a-X3-Cell2, AM015b-X2-Cell, AM015b_gDNA_tumour, AM015b-X1_gDNA_tumour"
"715","PD53343k","AM015b-X2-Cell","DAP:chr5:10680756:G:A","DAP",NA,NA,NA,"chr5:10680756","G:A","1","Public",6,"AM015b-X3_gDNA_tumour, AM015b-X2_gDNA_tumour, AM015a-X3-Cell2, AM015b-X2-Cell, AM015b_gDNA_tumour, AM015b-X1_gDNA_tumour"
"716","PD53343k","AM015b-X2-Cell","DAP:chr5:10680884:G:A","DAP",NA,NA,NA,"chr5:10680884","G:A","1","Public",6,"AM015b-X3_gDNA_tumour, AM015b-X2_gDNA_tumour, AM015a-X3-Cell2, AM015b-X2-Cell, AM015b_gDNA_tumour, AM015b-X1_gDNA_tumour"
"717","PD53343k","AM015b-X2-Cell","DAP:chr5:10680924:G:A","DAP",NA,NA,NA,"chr5:10680924","G:A","1","Public",6,"AM015b-X3_gDNA_tumour, AM015b-X2_gDNA_tumour, AM015a-X3-Cell2, AM015b-X2-Cell, AM015b_gDNA_tumour, AM015b-X1_gDNA_tumour"
"718","PD53343k","AM015b-X2-Cell","DAPK1:chr9:87646506:C:T","DAPK1",NA,NA,NA,"chr9:87646506","C:T","1","Public",6,"AM015b-X3_gDNA_tumour, AM015b-X2_gDNA_tumour, AM015a-X3-Cell2, AM015b-X2-Cell, AM015b_gDNA_tumour, AM015b-X1_gDNA_tumour"
"719","PD53343k","AM015b-X2-Cell","DENND5A:chr11:9141965:G:A","DENND5A",NA,NA,NA,"chr11:9141965","G:A","1","Public",6,"AM015b-X3_gDNA_tumour, AM015b-X2_gDNA_tumour, AM015a-X3-Cell2, AM015b-X2-Cell, AM015b_gDNA_tumour, AM015b-X1_gDNA_tumour"
"720","PD53343k","AM015b-X2-Cell","DNAH10:chr12:123853275:G:A","DNAH10",NA,NA,NA,"chr12:123853275","G:A","1","Public",6,"AM015b-X3_gDNA_tumour, AM015b-X2_gDNA_tumour, AM015a-X3-Cell2, AM015b-X2-Cell, AM015b_gDNA_tumour, AM015b-X1_gDNA_tumour"
"721","PD53343k","AM015b-X2-Cell","DSN1:chr20:36762471:C:T","DSN1",NA,NA,NA,"chr20:36762471","C:T","1","Public",6,"AM015b-X3_gDNA_tumour, AM015b-X2_gDNA_tumour, AM015a-X3-Cell2, AM015b-X2-Cell, AM015b_gDNA_tumour, AM015b-X1_gDNA_tumour"
"722","PD53343k","AM015b-X2-Cell","DVL3:chr3:184170649:C:T","DVL3",NA,NA,NA,"chr3:184170649","C:T","1","Public",6,"AM015b-X3_gDNA_tumour, AM015b-X2_gDNA_tumour, AM015a-X3-Cell2, AM015b-X2-Cell, AM015b_gDNA_tumour, AM015b-X1_gDNA_tumour"
"723","PD53343k","AM015b-X2-Cell","ELP2:chr18:36154909:C:A","ELP2",NA,NA,NA,"chr18:36154909","C:A","1","Public",6,"AM015b-X3_gDNA_tumour, AM015b-X2_gDNA_tumour, AM015a-X3-Cell2, AM015b-X2-Cell, AM015b_gDNA_tumour, AM015b-X1_gDNA_tumour"
"724","PD53343k","AM015b-X2-Cell","FRY:chr13:32224240:C:T","FRY",NA,NA,NA,"chr13:32224240","C:T","1","Public",6,"AM015b-X3_gDNA_tumour, AM015b-X2_gDNA_tumour, AM015a-X3-Cell2, AM015b-X2-Cell, AM015b_gDNA_tumour, AM015b-X1_gDNA_tumour"
"725","PD53343k","AM015b-X2-Cell","GABBR2:chr9:98306269:A:G","GABBR2",NA,NA,NA,"chr9:98306269","A:G","1","Public",6,"AM015b-X3_gDNA_tumour, AM015b-X2_gDNA_tumour, AM015a-X3-Cell2, AM015b-X2-Cell, AM015b_gDNA_tumour, AM015b-X1_gDNA_tumour"
"726","PD53343k","AM015b-X2-Cell","GALNT18:chr11:11379185:G:A","GALNT18",NA,NA,NA,"chr11:11379185","G:A","1","Public",6,"AM015b-X3_gDNA_tumour, AM015b-X2_gDNA_tumour, AM015a-X3-Cell2, AM015b-X2-Cell, AM015b_gDNA_tumour, AM015b-X1_gDNA_tumour"
"727","PD53343k","AM015b-X2-Cell","GAPVD1:chr9:125298952:C:T","GAPVD1",NA,NA,NA,"chr9:125298952","C:T","1","Public",6,"AM015b-X3_gDNA_tumour, AM015b-X2_gDNA_tumour, AM015a-X3-Cell2, AM015b-X2-Cell, AM015b_gDNA_tumour, AM015b-X1_gDNA_tumour"
"728","PD53343k","AM015b-X2-Cell","GLT8D1:chr3:52697887:G:A","GLT8D1",NA,NA,NA,"chr3:52697887","G:A","1","Public",6,"AM015b-X3_gDNA_tumour, AM015b-X2_gDNA_tumour, AM015a-X3-Cell2, AM015b-X2-Cell, AM015b_gDNA_tumour, AM015b-X1_gDNA_tumour"
"729","PD53343k","AM015b-X2-Cell","GNL1:chr6:30547403:-:A","GNL1",NA,NA,NA,"chr6:30547403","-:A","1","Public",6,"AM015b-X3_gDNA_tumour, AM015b-X2_gDNA_tumour, AM015a-X3-Cell2, AM015b-X2-Cell, AM015b_gDNA_tumour, AM015b-X1_gDNA_tumour"
"730","PD53343k","AM015b-X2-Cell","GNL1:chr6:30547425:A:G","GNL1",NA,NA,NA,"chr6:30547425","A:G","1","Public",6,"AM015b-X3_gDNA_tumour, AM015b-X2_gDNA_tumour, AM015a-X3-Cell2, AM015b-X2-Cell, AM015b_gDNA_tumour, AM015b-X1_gDNA_tumour"
"731","PD53343k","AM015b-X2-Cell","H2BC10:chr6:26273265:C:T","H2BC10",NA,NA,NA,"chr6:26273265","C:T","1","Public",6,"AM015b-X3_gDNA_tumour, AM015b-X2_gDNA_tumour, AM015a-X3-Cell2, AM015b-X2-Cell, AM015b_gDNA_tumour, AM015b-X1_gDNA_tumour"
"732","PD53343k","AM015b-X2-Cell","HDLBP:chr2:241230890:C:T","HDLBP",NA,NA,NA,"chr2:241230890","C:T","1","Public",6,"AM015b-X3_gDNA_tumour, AM015b-X2_gDNA_tumour, AM015a-X3-Cell2, AM015b-X2-Cell, AM015b_gDNA_tumour, AM015b-X1_gDNA_tumour"
"733","PD53343k","AM015b-X2-Cell","HEPHL1:chr11:94088916:C:T","HEPHL1",NA,NA,NA,"chr11:94088916","C:T","1","Public",6,"AM015b-X3_gDNA_tumour, AM015b-X2_gDNA_tumour, AM015a-X3-Cell2, AM015b-X2-Cell, AM015b_gDNA_tumour, AM015b-X1_gDNA_tumour"
"734","PD53343k","AM015b-X2-Cell","IFIT2:chr10:89306959:C:T","IFIT2",NA,NA,NA,"chr10:89306959","C:T","1","Public",6,"AM015b-X3_gDNA_tumour, AM015b-X2_gDNA_tumour, AM015a-X3-Cell2, AM015b-X2-Cell, AM015b_gDNA_tumour, AM015b-X1_gDNA_tumour"
"735","PD53343k","AM015b-X2-Cell","IRF2BPL:chr14:77025781:C:T","IRF2BPL",NA,NA,NA,"chr14:77025781","C:T","1","Public",6,"AM015b-X3_gDNA_tumour, AM015b-X2_gDNA_tumour, AM015a-X3-Cell2, AM015b-X2-Cell, AM015b_gDNA_tumour, AM015b-X1_gDNA_tumour"
"736","PD53343k","AM015b-X2-Cell","ITGA3:chr17:50089140:C:T","ITGA3",NA,NA,NA,"chr17:50089140","C:T","1","Public",6,"AM015b-X3_gDNA_tumour, AM015b-X2_gDNA_tumour, AM015a-X3-Cell2, AM015b-X2-Cell, AM015b_gDNA_tumour, AM015b-X1_gDNA_tumour"
"737","PD53343k","AM015b-X2-Cell","JAKMIP3:chr10:132104900:A:G","JAKMIP3",NA,NA,NA,"chr10:132104900","A:G","1","Public",6,"AM015b-X3_gDNA_tumour, AM015b-X2_gDNA_tumour, AM015a-X3-Cell2, AM015b-X2-Cell, AM015b_gDNA_tumour, AM015b-X1_gDNA_tumour"
"738","PD53343k","AM015b-X2-Cell","KCNA5:chr12:5045933:T:C","KCNA5",NA,NA,NA,"chr12:5045933","T:C","1","Public",6,"AM015b-X3_gDNA_tumour, AM015b-X2_gDNA_tumour, AM015a-X3-Cell2, AM015b-X2-Cell, AM015b_gDNA_tumour, AM015b-X1_gDNA_tumour"
"739","PD53343k","AM015b-X2-Cell","KCNK9:chr8:139618629:C:T","KCNK9",NA,NA,NA,"chr8:139618629","C:T","1","Public",6,"AM015b-X3_gDNA_tumour, AM015b-X2_gDNA_tumour, AM015a-X3-Cell2, AM015b-X2-Cell, AM015b_gDNA_tumour, AM015b-X1_gDNA_tumour"
"740","PD53343k","AM015b-X2-Cell","KCTD3:chr1:215620302:C:T","KCTD3",NA,NA,NA,"chr1:215620302","C:T","1","Public",6,"AM015b-X3_gDNA_tumour, AM015b-X2_gDNA_tumour, AM015a-X3-Cell2, AM015b-X2-Cell, AM015b_gDNA_tumour, AM015b-X1_gDNA_tumour"
"741","PD53343k","AM015b-X2-Cell","KIT:chr4:54727495:T:C","KIT","oncogene","GIST, AML, TGCT, mastocytosis, mucosal melanoma","GIST, epithelioma","chr4:54727495","T:C","1","Public",6,"AM015b-X3_gDNA_tumour, AM015b-X2_gDNA_tumour, AM015a-X3-Cell2, AM015b-X2-Cell, AM015b_gDNA_tumour, AM015b-X1_gDNA_tumour"
"742","PD53343k","AM015b-X2-Cell","KRT27:chr17:40782224:G:T","KRT27",NA,NA,NA,"chr17:40782224","G:T","1","Public",6,"AM015b-X3_gDNA_tumour, AM015b-X2_gDNA_tumour, AM015a-X3-Cell2, AM015b-X2-Cell, AM015b_gDNA_tumour, AM015b-X1_gDNA_tumour"
"743","PD53343k","AM015b-X2-Cell","LRTM1:chr3:54925004:C:A","LRTM1",NA,NA,NA,"chr3:54925004","C:A","1","Public",6,"AM015b-X3_gDNA_tumour, AM015b-X2_gDNA_tumour, AM015a-X3-Cell2, AM015b-X2-Cell, AM015b_gDNA_tumour, AM015b-X1_gDNA_tumour"
"744","PD53343k","AM015b-X2-Cell","MAN1C1:chr1:25778154:T:C","MAN1C1",NA,NA,NA,"chr1:25778154","T:C","1","Public",6,"AM015b-X3_gDNA_tumour, AM015b-X2_gDNA_tumour, AM015a-X3-Cell2, AM015b-X2-Cell, AM015b_gDNA_tumour, AM015b-X1_gDNA_tumour"
"745","PD53343k","AM015b-X2-Cell","MAPKAPK3:chr3:50617648:-:G","MAPKAPK3",NA,NA,NA,"chr3:50617648","-:G","1","Public",6,"AM015b-X3_gDNA_tumour, AM015b-X2_gDNA_tumour, AM015a-X3-Cell2, AM015b-X2-Cell, AM015b_gDNA_tumour, AM015b-X1_gDNA_tumour"
"746","PD53343k","AM015b-X2-Cell","MGP:chr12:14884228:C:T","MGP",NA,NA,NA,"chr12:14884228","C:T","1","Public",6,"AM015b-X3_gDNA_tumour, AM015b-X2_gDNA_tumour, AM015a-X3-Cell2, AM015b-X2-Cell, AM015b_gDNA_tumour, AM015b-X1_gDNA_tumour"
"747","PD53343k","AM015b-X2-Cell","MMP2:chr16:55484117:G:A","MMP2",NA,NA,NA,"chr16:55484117","G:A","1","Public",6,"AM015b-X3_gDNA_tumour, AM015b-X2_gDNA_tumour, AM015a-X3-Cell2, AM015b-X2-Cell, AM015b_gDNA_tumour, AM015b-X1_gDNA_tumour"
"748","PD53343k","AM015b-X2-Cell","MYO10:chr5:16762044:C:G","MYO10",NA,NA,NA,"chr5:16762044","C:G","1","Public",6,"AM015b-X3_gDNA_tumour, AM015b-X2_gDNA_tumour, AM015a-X3-Cell2, AM015b-X2-Cell, AM015b_gDNA_tumour, AM015b-X1_gDNA_tumour"
"749","PD53343k","AM015b-X2-Cell","MYO9B:chr19:17172763:T:C","MYO9B",NA,NA,NA,"chr19:17172763","T:C","1","Public",6,"AM015b-X3_gDNA_tumour, AM015b-X2_gDNA_tumour, AM015a-X3-Cell2, AM015b-X2-Cell, AM015b_gDNA_tumour, AM015b-X1_gDNA_tumour"
"750","PD53343k","AM015b-X2-Cell","NXF3:chrX:103077648:G:A","NXF3",NA,NA,NA,"chrX:103077648","G:A","1","Public",6,"AM015b-X3_gDNA_tumour, AM015b-X2_gDNA_tumour, AM015a-X3-Cell2, AM015b-X2-Cell, AM015b_gDNA_tumour, AM015b-X1_gDNA_tumour"
"751","PD53343k","AM015b-X2-Cell","OR52D1:chr11:5489629:T:A","OR52D1",NA,NA,NA,"chr11:5489629","T:A","1","Public",6,"AM015b-X3_gDNA_tumour, AM015b-X2_gDNA_tumour, AM015a-X3-Cell2, AM015b-X2-Cell, AM015b_gDNA_tumour, AM015b-X1_gDNA_tumour"
"752","PD53343k","AM015b-X2-Cell","OR7E24:chr19:9251483:C:T","OR7E24",NA,NA,NA,"chr19:9251483","C:T","1","Public",6,"AM015b-X3_gDNA_tumour, AM015b-X2_gDNA_tumour, AM015a-X3-Cell2, AM015b-X2-Cell, AM015b_gDNA_tumour, AM015b-X1_gDNA_tumour"
"753","PD53343k","AM015b-X2-Cell","PCLO:chr7:82953870:AA:-","PCLO",NA,NA,NA,"chr7:82953870","AA:-","1","Public",6,"AM015b-X3_gDNA_tumour, AM015b-X2_gDNA_tumour, AM015a-X3-Cell2, AM015b-X2-Cell, AM015b_gDNA_tumour, AM015b-X1_gDNA_tumour"
"754","PD53343k","AM015b-X2-Cell","PHF20L1:chr8:132816943:A:T","PHF20L1",NA,NA,NA,"chr8:132816943","A:T","1","Public",6,"AM015b-X3_gDNA_tumour, AM015b-X2_gDNA_tumour, AM015a-X3-Cell2, AM015b-X2-Cell, AM015b_gDNA_tumour, AM015b-X1_gDNA_tumour"
"755","PD53343k","AM015b-X2-Cell","PLEKHA6:chr1:204257862:T:C","PLEKHA6",NA,NA,NA,"chr1:204257862","T:C","1","Public",6,"AM015b-X3_gDNA_tumour, AM015b-X2_gDNA_tumour, AM015a-X3-Cell2, AM015b-X2-Cell, AM015b_gDNA_tumour, AM015b-X1_gDNA_tumour"
"756","PD53343k","AM015b-X2-Cell","POM121L2:chr6:27309929:G:A","POM121L2",NA,NA,NA,"chr6:27309929","G:A","1","Public",6,"AM015b-X3_gDNA_tumour, AM015b-X2_gDNA_tumour, AM015a-X3-Cell2, AM015b-X2-Cell, AM015b_gDNA_tumour, AM015b-X1_gDNA_tumour"
"757","PD53343k","AM015b-X2-Cell","PPP4R4:chr14:94265884:C:G","PPP4R4",NA,NA,NA,"chr14:94265884","C:G","1","Public",6,"AM015b-X3_gDNA_tumour, AM015b-X2_gDNA_tumour, AM015a-X3-Cell2, AM015b-X2-Cell, AM015b_gDNA_tumour, AM015b-X1_gDNA_tumour"
"758","PD53343k","AM015b-X2-Cell","PTPN11:chr12:112489106:G:C","PTPN11","oncogene","JMML, AML, MDS","","chr12:112489106","G:C","1","Public",6,"AM015b-X3_gDNA_tumour, AM015b-X2_gDNA_tumour, AM015a-X3-Cell2, AM015b-X2-Cell, AM015b_gDNA_tumour, AM015b-X1_gDNA_tumour"
"759","PD53343k","AM015b-X2-Cell","RADX:chrX:106639602:T:A","RADX",NA,NA,NA,"chrX:106639602","T:A","1","Public",6,"AM015b-X3_gDNA_tumour, AM015b-X2_gDNA_tumour, AM015a-X3-Cell2, AM015b-X2-Cell, AM015b_gDNA_tumour, AM015b-X1_gDNA_tumour"
"760","PD53343k","AM015b-X2-Cell","RFC1:chr4:39303067:C:A","RFC1",NA,NA,NA,"chr4:39303067","C:A","1","Public",6,"AM015b-X3_gDNA_tumour, AM015b-X2_gDNA_tumour, AM015a-X3-Cell2, AM015b-X2-Cell, AM015b_gDNA_tumour, AM015b-X1_gDNA_tumour"
"761","PD53343k","AM015b-X2-Cell","RNPC3:chr1:103546977:G:C","RNPC3",NA,NA,NA,"chr1:103546977","G:C","1","Public",6,"AM015b-X3_gDNA_tumour, AM015b-X2_gDNA_tumour, AM015a-X3-Cell2, AM015b-X2-Cell, AM015b_gDNA_tumour, AM015b-X1_gDNA_tumour"
"762","PD53343k","AM015b-X2-Cell","ROBO3:chr11:124873041:C:T","ROBO3",NA,NA,NA,"chr11:124873041","C:T","1","Public",6,"AM015b-X3_gDNA_tumour, AM015b-X2_gDNA_tumour, AM015a-X3-Cell2, AM015b-X2-Cell, AM015b_gDNA_tumour, AM015b-X1_gDNA_tumour"
"763","PD53343k","AM015b-X2-Cell","RP1:chr8:54622190:G:A","RP1",NA,NA,NA,"chr8:54622190","G:A","1","Public",6,"AM015b-X3_gDNA_tumour, AM015b-X2_gDNA_tumour, AM015a-X3-Cell2, AM015b-X2-Cell, AM015b_gDNA_tumour, AM015b-X1_gDNA_tumour"
"764","PD53343k","AM015b-X2-Cell","SCN11A:chr3:38904075:G:A","SCN11A",NA,NA,NA,"chr3:38904075","G:A","1","Public",6,"AM015b-X3_gDNA_tumour, AM015b-X2_gDNA_tumour, AM015a-X3-Cell2, AM015b-X2-Cell, AM015b_gDNA_tumour, AM015b-X1_gDNA_tumour"
"765","PD53343k","AM015b-X2-Cell","SEPTIN3:chr22:41989662:A:G","SEPTIN3",NA,NA,NA,"chr22:41989662","A:G","1","Public",6,"AM015b-X3_gDNA_tumour, AM015b-X2_gDNA_tumour, AM015a-X3-Cell2, AM015b-X2-Cell, AM015b_gDNA_tumour, AM015b-X1_gDNA_tumour"
"766","PD53343k","AM015b-X2-Cell","SFTPA2:chr10:79559317:G:A","SFTPA2",NA,NA,NA,"chr10:79559317","G:A","1","Public",6,"AM015b-X3_gDNA_tumour, AM015b-X2_gDNA_tumour, AM015a-X3-Cell2, AM015b-X2-Cell, AM015b_gDNA_tumour, AM015b-X1_gDNA_tumour"
"767","PD53343k","AM015b-X2-Cell","SGPP2:chr2:222558371:A:C","SGPP2",NA,NA,NA,"chr2:222558371","A:C","1","Public",6,"AM015b-X3_gDNA_tumour, AM015b-X2_gDNA_tumour, AM015a-X3-Cell2, AM015b-X2-Cell, AM015b_gDNA_tumour, AM015b-X1_gDNA_tumour"
"768","PD53343k","AM015b-X2-Cell","SH3TC1:chr4:8205207:C:G","SH3TC1",NA,NA,NA,"chr4:8205207","C:G","1","Public",6,"AM015b-X3_gDNA_tumour, AM015b-X2_gDNA_tumour, AM015a-X3-Cell2, AM015b-X2-Cell, AM015b_gDNA_tumour, AM015b-X1_gDNA_tumour"
"769","PD53343k","AM015b-X2-Cell","SLC16A14:chr2:230046345:C:T","SLC16A14",NA,NA,NA,"chr2:230046345","C:T","1","Public",6,"AM015b-X3_gDNA_tumour, AM015b-X2_gDNA_tumour, AM015a-X3-Cell2, AM015b-X2-Cell, AM015b_gDNA_tumour, AM015b-X1_gDNA_tumour"
"770","PD53343k","AM015b-X2-Cell","SLC7A7:chr14:22780010:T:C","SLC7A7",NA,NA,NA,"chr14:22780010","T:C","1","Public",6,"AM015b-X3_gDNA_tumour, AM015b-X2_gDNA_tumour, AM015a-X3-Cell2, AM015b-X2-Cell, AM015b_gDNA_tumour, AM015b-X1_gDNA_tumour"
"771","PD53343k","AM015b-X2-Cell","SLC9A3:chr5:488471:G:A","SLC9A3",NA,NA,NA,"chr5:488471","G:A","1","Public",6,"AM015b-X3_gDNA_tumour, AM015b-X2_gDNA_tumour, AM015a-X3-Cell2, AM015b-X2-Cell, AM015b_gDNA_tumour, AM015b-X1_gDNA_tumour"
"772","PD53343k","AM015b-X2-Cell","SOWAHA:chr5:132813809:A:G","SOWAHA",NA,NA,NA,"chr5:132813809","A:G","1","Public",6,"AM015b-X3_gDNA_tumour, AM015b-X2_gDNA_tumour, AM015a-X3-Cell2, AM015b-X2-Cell, AM015b_gDNA_tumour, AM015b-X1_gDNA_tumour"
"773","PD53343k","AM015b-X2-Cell","SPANXB1:chrX:141003529:G:A","SPANXB1",NA,NA,NA,"chrX:141003529","G:A","1","Public",6,"AM015b-X3_gDNA_tumour, AM015b-X2_gDNA_tumour, AM015a-X3-Cell2, AM015b-X2-Cell, AM015b_gDNA_tumour, AM015b-X1_gDNA_tumour"
"774","PD53343k","AM015b-X2-Cell","SPATS1:chr6:44368496:C:T","SPATS1",NA,NA,NA,"chr6:44368496","C:T","1","Public",6,"AM015b-X3_gDNA_tumour, AM015b-X2_gDNA_tumour, AM015a-X3-Cell2, AM015b-X2-Cell, AM015b_gDNA_tumour, AM015b-X1_gDNA_tumour"
"775","PD53343k","AM015b-X2-Cell","SUCLA2:chr13:47996858:T:C","SUCLA2",NA,NA,NA,"chr13:47996858","T:C","1","Public",6,"AM015b-X3_gDNA_tumour, AM015b-X2_gDNA_tumour, AM015a-X3-Cell2, AM015b-X2-Cell, AM015b_gDNA_tumour, AM015b-X1_gDNA_tumour"
"776","PD53343k","AM015b-X2-Cell","SYNGAP1:chr6:33441241:A:C","SYNGAP1",NA,NA,NA,"chr6:33441241","A:C","1","Public",6,"AM015b-X3_gDNA_tumour, AM015b-X2_gDNA_tumour, AM015a-X3-Cell2, AM015b-X2-Cell, AM015b_gDNA_tumour, AM015b-X1_gDNA_tumour"
"777","PD53343k","AM015b-X2-Cell","TAS2R46:chr12:11062229:A:T","TAS2R46",NA,NA,NA,"chr12:11062229","A:T","1","Public",6,"AM015b-X3_gDNA_tumour, AM015b-X2_gDNA_tumour, AM015a-X3-Cell2, AM015b-X2-Cell, AM015b_gDNA_tumour, AM015b-X1_gDNA_tumour"
"778","PD53343k","AM015b-X2-Cell","TCTEX1D1:chr1:66777309:T:C","TCTEX1D1",NA,NA,NA,"chr1:66777309","T:C","1","Public",6,"AM015b-X3_gDNA_tumour, AM015b-X2_gDNA_tumour, AM015a-X3-Cell2, AM015b-X2-Cell, AM015b_gDNA_tumour, AM015b-X1_gDNA_tumour"
"779","PD53343k","AM015b-X2-Cell","TMC6:chr17:78126310:G:T","TMC6",NA,NA,NA,"chr17:78126310","G:T","1","Public",6,"AM015b-X3_gDNA_tumour, AM015b-X2_gDNA_tumour, AM015a-X3-Cell2, AM015b-X2-Cell, AM015b_gDNA_tumour, AM015b-X1_gDNA_tumour"
"780","PD53343k","AM015b-X2-Cell","TNRC18:chr7:5374287:G:A","TNRC18",NA,NA,NA,"chr7:5374287","G:A","1","Public",6,"AM015b-X3_gDNA_tumour, AM015b-X2_gDNA_tumour, AM015a-X3-Cell2, AM015b-X2-Cell, AM015b_gDNA_tumour, AM015b-X1_gDNA_tumour"
"781","PD53343k","AM015b-X2-Cell","TTN:chr2:178620579:C:T","TTN",NA,NA,NA,"chr2:178620579","C:T","1","Public",6,"AM015b-X3_gDNA_tumour, AM015b-X2_gDNA_tumour, AM015a-X3-Cell2, AM015b-X2-Cell, AM015b_gDNA_tumour, AM015b-X1_gDNA_tumour"
"782","PD53343k","AM015b-X2-Cell","TUBGCP5:chr15:23022100:C:T","TUBGCP5",NA,NA,NA,"chr15:23022100","C:T","1","Public",6,"AM015b-X3_gDNA_tumour, AM015b-X2_gDNA_tumour, AM015a-X3-Cell2, AM015b-X2-Cell, AM015b_gDNA_tumour, AM015b-X1_gDNA_tumour"
"783","PD53343k","AM015b-X2-Cell","TUT4:chr1:52446376:G:A","TUT4",NA,NA,NA,"chr1:52446376","G:A","1","Public",6,"AM015b-X3_gDNA_tumour, AM015b-X2_gDNA_tumour, AM015a-X3-Cell2, AM015b-X2-Cell, AM015b_gDNA_tumour, AM015b-X1_gDNA_tumour"
"784","PD53343k","AM015b-X2-Cell","TWNK:chr10:100989136:G:A","TWNK",NA,NA,NA,"chr10:100989136","G:A","1","Public",6,"AM015b-X3_gDNA_tumour, AM015b-X2_gDNA_tumour, AM015a-X3-Cell2, AM015b-X2-Cell, AM015b_gDNA_tumour, AM015b-X1_gDNA_tumour"
"785","PD53343k","AM015b-X2-Cell","TYK2:chr19:10359256:C:A","TYK2",NA,NA,NA,"chr19:10359256","C:A","1","Public",6,"AM015b-X3_gDNA_tumour, AM015b-X2_gDNA_tumour, AM015a-X3-Cell2, AM015b-X2-Cell, AM015b_gDNA_tumour, AM015b-X1_gDNA_tumour"
"786","PD53343k","AM015b-X2-Cell","UBE2V2:chr8:48049980:T:A","UBE2V2",NA,NA,NA,"chr8:48049980","T:A","1","Public",6,"AM015b-X3_gDNA_tumour, AM015b-X2_gDNA_tumour, AM015a-X3-Cell2, AM015b-X2-Cell, AM015b_gDNA_tumour, AM015b-X1_gDNA_tumour"
"787","PD53343k","AM015b-X2-Cell","VCAM1:chr1:100731334:G:A","VCAM1",NA,NA,NA,"chr1:100731334","G:A","1","Public",6,"AM015b-X3_gDNA_tumour, AM015b-X2_gDNA_tumour, AM015a-X3-Cell2, AM015b-X2-Cell, AM015b_gDNA_tumour, AM015b-X1_gDNA_tumour"
"788","PD53343k","AM015b-X2-Cell","WIPI2:chr7:5217986:G:T","WIPI2",NA,NA,NA,"chr7:5217986","G:T","1","Public",6,"AM015b-X3_gDNA_tumour, AM015b-X2_gDNA_tumour, AM015a-X3-Cell2, AM015b-X2-Cell, AM015b_gDNA_tumour, AM015b-X1_gDNA_tumour"
"789","PD53343k","AM015b-X2-Cell","ZNF225:chr19:44132440:C:T","ZNF225",NA,NA,NA,"chr19:44132440","C:T","1","Public",6,"AM015b-X3_gDNA_tumour, AM015b-X2_gDNA_tumour, AM015a-X3-Cell2, AM015b-X2-Cell, AM015b_gDNA_tumour, AM015b-X1_gDNA_tumour"
"790","PD53343k","AM015b-X2-Cell","ZNF510:chr9:96776040:A:T","ZNF510",NA,NA,NA,"chr9:96776040","A:T","1","Public",6,"AM015b-X3_gDNA_tumour, AM015b-X2_gDNA_tumour, AM015a-X3-Cell2, AM015b-X2-Cell, AM015b_gDNA_tumour, AM015b-X1_gDNA_tumour"
"791","PD53343k","AM015b-X2-Cell","ZUP1:chr6:116651659:-:C","ZUP1",NA,NA,NA,"chr6:116651659","-:C","1","Public",6,"AM015b-X3_gDNA_tumour, AM015b-X2_gDNA_tumour, AM015a-X3-Cell2, AM015b-X2-Cell, AM015b_gDNA_tumour, AM015b-X1_gDNA_tumour"
"792","PD53343k","AM015b-X2-Cell","ZZEF1:chr17:4056226:T:A","ZZEF1",NA,NA,NA,"chr17:4056226","T:A","1","Public",6,"AM015b-X3_gDNA_tumour, AM015b-X2_gDNA_tumour, AM015a-X3-Cell2, AM015b-X2-Cell, AM015b_gDNA_tumour, AM015b-X1_gDNA_tumour"
"793","PD53343k","AM015b-X2-Cell","MZT1:chr13:72719065:C:T","MZT1",NA,NA,NA,"chr13:72719065","C:T","1","Shared",5,"AM015b-X3_gDNA_tumour, AM015b-X2_gDNA_tumour, AM015a-X3-Cell2, AM015b-X2-Cell, AM015b-X1_gDNA_tumour"
"798","PD53343k","AM015b-X2-Cell","CREBBP:chr16:3792089:G:-","CREBBP","oncogene, TSG, fusion","ALL, AML, DLBCL, B-NHL","","chr16:3792089","G:-","1","Shared",5,"AM015b-X3_gDNA_tumour, AM015b-X2_gDNA_tumour, AM015b-X2-Cell, AM015b_gDNA_tumour, AM015b-X1_gDNA_tumour"
"799","PD53343k","AM015b-X2-Cell","LAMA1:chr18:7042215:A:G","LAMA1",NA,NA,NA,"chr18:7042215","A:G","1","Shared",5,"AM015b-X3_gDNA_tumour, AM015b-X2_gDNA_tumour, AM015b-X2-Cell, AM015b_gDNA_tumour, AM015b-X1_gDNA_tumour"
"800","PD53343k","AM015b-X2-Cell","MEOX2:chr7:15686359:G:A","MEOX2",NA,NA,NA,"chr7:15686359","G:A","1","Shared",5,"AM015b-X3_gDNA_tumour, AM015b-X2_gDNA_tumour, AM015b-X2-Cell, AM015b_gDNA_tumour, AM015b-X1_gDNA_tumour"
"801","PD53343k","AM015b-X2-Cell","PLXNB2:chr22:50276628:C:G","PLXNB2",NA,NA,NA,"chr22:50276628","C:G","1","Shared",5,"AM015b-X3_gDNA_tumour, AM015b-X2_gDNA_tumour, AM015b-X2-Cell, AM015b_gDNA_tumour, AM015b-X1_gDNA_tumour"
"802","PD53343k","AM015b-X2-Cell","SLC5A3:chr21:34095572:A:G","SLC5A3",NA,NA,NA,"chr21:34095572","A:G","1","Shared",5,"AM015b-X3_gDNA_tumour, AM015b-X2_gDNA_tumour, AM015b-X2-Cell, AM015b_gDNA_tumour, AM015b-X1_gDNA_tumour"
"803","PD53343k","AM015b-X2-Cell","TSPAN15:chr10:69451662:C:T","TSPAN15",NA,NA,NA,"chr10:69451662","C:T","1","Shared",5,"AM015b-X3_gDNA_tumour, AM015b-X2_gDNA_tumour, AM015b-X2-Cell, AM015b_gDNA_tumour, AM015b-X1_gDNA_tumour"
"804","PD53343k","AM015b-X2-Cell","URGCP:chr7:43878107:C:T","URGCP",NA,NA,NA,"chr7:43878107","C:T","1","Shared",5,"AM015b-X3_gDNA_tumour, AM015b-X2_gDNA_tumour, AM015b-X2-Cell, AM015b_gDNA_tumour, AM015b-X1_gDNA_tumour"
"805","PD53343k","AM015b-X2-Cell","USP54:chr10:73504920:C:T","USP54",NA,NA,NA,"chr10:73504920","C:T","1","Shared",5,"AM015b-X3_gDNA_tumour, AM015b-X2_gDNA_tumour, AM015b-X2-Cell, AM015b_gDNA_tumour, AM015b-X1_gDNA_tumour"
"806","PD53343k","AM015b-X2-Cell","WNK4:chr17:42785347:C:T","WNK4",NA,NA,NA,"chr17:42785347","C:T","1","Shared",5,"AM015b-X3_gDNA_tumour, AM015b-X2_gDNA_tumour, AM015b-X2-Cell, AM015b_gDNA_tumour, AM015b-X1_gDNA_tumour"
"807","PD53343k","AM015b-X2-Cell","ZNF449:chrX:135347165:G:C","ZNF449",NA,NA,NA,"chrX:135347165","G:C","1","Shared",5,"AM015b-X3_gDNA_tumour, AM015b-X2_gDNA_tumour, AM015b-X2-Cell, AM015b_gDNA_tumour, AM015b-X1_gDNA_tumour"
"808","PD53343k","AM015b-X2-Cell","DAP:chr5:10680908:G:A","DAP",NA,NA,NA,"chr5:10680908","G:A","1","Shared",4,"AM015b-X3_gDNA_tumour, AM015b-X2_gDNA_tumour, AM015b-X2-Cell, AM015b-X1_gDNA_tumour"
"809","PD53343k","AM015b-X2-Cell","PRDM5:chr4:120798414:G:C","PRDM5",NA,NA,NA,"chr4:120798414","G:C","1","Shared",4,"AM015b-X3_gDNA_tumour, AM015b-X2_gDNA_tumour, AM015b-X2-Cell, AM015b-X1_gDNA_tumour"
"810","PD53343k","AM015b-X2-Cell","CELSR1:chr22:46536643:G:A","CELSR1",NA,NA,NA,"chr22:46536643","G:A","1","Shared",3,"AM015b-X3_gDNA_tumour, AM015b-X2_gDNA_tumour, AM015b-X2-Cell"
"831","PD53343k","AM015b-X2-Cell","SLC14A1:chr18:45730309:G:A","SLC14A1",NA,NA,NA,"chr18:45730309","G:A","1","Shared",5,"AM015b-X3_gDNA_tumour, AM015a-X3-Cell2, AM015b-X2-Cell, AM015b_gDNA_tumour, AM015b-X1_gDNA_tumour"
"848","PD53343k","AM015b-X2-Cell","TNRC18:chr7:5374266:G:A","TNRC18",NA,NA,NA,"chr7:5374266","G:A","1","Shared",5,"AM015b-X2_gDNA_tumour, AM015a-X3-Cell2, AM015b-X2-Cell, AM015b_gDNA_tumour, AM015b-X1_gDNA_tumour"
"849","PD53343k","AM015b-X2-Cell","AL031178.2:chr6:53065619:G:A","AL031178.2",NA,NA,NA,"chr6:53065619","G:A","1","Shared",4,"AM015b-X2_gDNA_tumour, AM015b-X2-Cell, AM015b_gDNA_tumour, AM015b-X1_gDNA_tumour"
"850","PD53343k","AM015b-X2-Cell","DNAH6:chr2:84594057:G:T","DNAH6",NA,NA,NA,"chr2:84594057","G:T","1","Shared",4,"AM015b-X2_gDNA_tumour, AM015b-X2-Cell, AM015b_gDNA_tumour, AM015b-X1_gDNA_tumour"
"863","PD53343k","AM015b-X2-Cell","ASAP1:chr8:130128021:-:GCACTCT","ASAP1",NA,NA,NA,"chr8:130128021","-:GCACTCT","1","Shared",4,"AM015a-X3-Cell2, AM015b-X2-Cell, AM015b_gDNA_tumour, AM015b-X1_gDNA_tumour"
"864","PD53343k","AM015b-X2-Cell","KLHL11:chr17:41865332:-:GCC","KLHL11",NA,NA,NA,"chr17:41865332","-:GCC","1","Shared",3,"AM015a-X3-Cell2, AM015b-X2-Cell, AM015b_gDNA_tumour"
"865","PD53343k","AM015b-X2-Cell","TNRC18:chr7:5374203:G:A","TNRC18",NA,NA,NA,"chr7:5374203","G:A","1","Shared",3,"AM015a-X3-Cell2, AM015b-X2-Cell, AM015b_gDNA_tumour"
"866","PD53343k","AM015b-X2-Cell","TNRC18:chr7:5374214:G:A","TNRC18",NA,NA,NA,"chr7:5374214","G:A","1","Shared",3,"AM015a-X3-Cell2, AM015b-X2-Cell, AM015b_gDNA_tumour"
"867","PD53343k","AM015b-X2-Cell","TWIST1:chr7:19117120:T:A","TWIST1",NA,NA,NA,"chr7:19117120","T:A","1","Shared",3,"AM015a-X3-Cell2, AM015b-X2-Cell, AM015b_gDNA_tumour"
"868","PD53343k","AM015b-X2-Cell","TWIST1:chr7:19117123:CCGGCT:-","TWIST1",NA,NA,NA,"chr7:19117123","CCGGCT:-","1","Shared",3,"AM015a-X3-Cell2, AM015b-X2-Cell, AM015b_gDNA_tumour"
"905","PD53343k","AM015b-X2-Cell","INTS2:chr17:61921809:C:A","INTS2",NA,NA,NA,"chr17:61921809","C:A","1","Shared",2,"AM015b-X2-Cell, AM015b-X1_gDNA_tumour"
"906","PD53343k","AM015b-X2-Cell","DEPDC1B:chr5:60642855:T:-","DEPDC1B",NA,NA,NA,"chr5:60642855","T:-","1","Private",1,"AM015b-X2-Cell"
"907","PD53343k","AM015b-X2-Cell","DNHD1:chr11:6520043:GAAAAT:AA","DNHD1",NA,NA,NA,"chr11:6520043","GAAAAT:AA","1","Private",1,"AM015b-X2-Cell"
"908","PD53343k","AM015b-X2-Cell","DNHD1:chr11:6520048:T:A","DNHD1",NA,NA,NA,"chr11:6520048","T:A","1","Private",1,"AM015b-X2-Cell"
"909","PD53343k","AM015b-X2-Cell","DPEP2:chr16:67991871:T:C","DPEP2",NA,NA,NA,"chr16:67991871","T:C","1","Private",1,"AM015b-X2-Cell"
"910","PD53343k","AM015b-X2-Cell","DUSP7:chr3:52054052:G:A","DUSP7",NA,NA,NA,"chr3:52054052","G:A","1","Private",1,"AM015b-X2-Cell"
"911","PD53343k","AM015b-X2-Cell","FAM120C:chrX:54157742:C:G","FAM120C",NA,NA,NA,"chrX:54157742","C:G","1","Private",1,"AM015b-X2-Cell"
"912","PD53343k","AM015b-X2-Cell","FUZ:chr19:49811380:C:A","FUZ",NA,NA,NA,"chr19:49811380","C:A","1","Private",1,"AM015b-X2-Cell"
"913","PD53343k","AM015b-X2-Cell","HELZ2:chr20:63568912:G:A","HELZ2",NA,NA,NA,"chr20:63568912","G:A","1","Private",1,"AM015b-X2-Cell"
"914","PD53343k","AM015b-X2-Cell","JARID2:chr6:15487415:G:A","JARID2",NA,NA,NA,"chr6:15487415","G:A","1","Private",1,"AM015b-X2-Cell"
"915","PD53343k","AM015b-X2-Cell","KCTD2:chr17:75047499:C:T","KCTD2",NA,NA,NA,"chr17:75047499","C:T","1","Private",1,"AM015b-X2-Cell"
"916","PD53343k","AM015b-X2-Cell","KRTAP26-1:chr21:30319887:G:A","KRTAP26-1",NA,NA,NA,"chr21:30319887","G:A","1","Private",1,"AM015b-X2-Cell"
"917","PD53343k","AM015b-X2-Cell","MYH1:chr17:10515971:G:A","MYH1",NA,NA,NA,"chr17:10515971","G:A","1","Private",1,"AM015b-X2-Cell"
"918","PD53343k","AM015b-X2-Cell","NAE1:chr16:66823281:T:C","NAE1",NA,NA,NA,"chr16:66823281","T:C","1","Private",1,"AM015b-X2-Cell"
"919","PD53343k","AM015b-X2-Cell","OVOL2:chr20:18056845:-:G","OVOL2",NA,NA,NA,"chr20:18056845","-:G","1","Private",1,"AM015b-X2-Cell"
"920","PD53343k","AM015b-X2-Cell","PHF8:chrX:54017807:A:G","PHF8",NA,NA,NA,"chrX:54017807","A:G","1","Private",1,"AM015b-X2-Cell"
"921","PD53343k","AM015b-X2-Cell","PREPL:chr2:44323383:A:C","PREPL",NA,NA,NA,"chr2:44323383","A:C","1","Private",1,"AM015b-X2-Cell"
"922","PD53343k","AM015b-X2-Cell","PTPRB:chr12:70540857:C:T","PTPRB","TSG","angiosarcoma","","chr12:70540857","C:T","1","Private",1,"AM015b-X2-Cell"
"923","PD53343k","AM015b-X2-Cell","TMEM132E:chr17:34626950:C:G","TMEM132E",NA,NA,NA,"chr17:34626950","C:G","1","Private",1,"AM015b-X2-Cell"
"924","PD53343k","AM015b-X2-Cell","TTC5:chr14:20292058:C:G","TTC5",NA,NA,NA,"chr14:20292058","C:G","1","Private",1,"AM015b-X2-Cell"
"929","PD53343i","AM015b_gDNA_tumour","ACAP2:chr3:195285825:C:T","ACAP2",NA,NA,NA,"chr3:195285825","C:T","1","Public",6,"AM015b-X3_gDNA_tumour, AM015b-X2_gDNA_tumour, AM015a-X3-Cell2, AM015b-X2-Cell, AM015b_gDNA_tumour, AM015b-X1_gDNA_tumour"
"930","PD53343i","AM015b_gDNA_tumour","ADAMTSL4:chr1:150557520:A:C","ADAMTSL4",NA,NA,NA,"chr1:150557520","A:C","1","Public",6,"AM015b-X3_gDNA_tumour, AM015b-X2_gDNA_tumour, AM015a-X3-Cell2, AM015b-X2-Cell, AM015b_gDNA_tumour, AM015b-X1_gDNA_tumour"
"931","PD53343i","AM015b_gDNA_tumour","AJUBA:chr14:22981951:G:A","AJUBA",NA,NA,NA,"chr14:22981951","G:A","1","Public",6,"AM015b-X3_gDNA_tumour, AM015b-X2_gDNA_tumour, AM015a-X3-Cell2, AM015b-X2-Cell, AM015b_gDNA_tumour, AM015b-X1_gDNA_tumour"
"932","PD53343i","AM015b_gDNA_tumour","AQP11:chr11:77590288:A:G","AQP11",NA,NA,NA,"chr11:77590288","A:G","1","Public",6,"AM015b-X3_gDNA_tumour, AM015b-X2_gDNA_tumour, AM015a-X3-Cell2, AM015b-X2-Cell, AM015b_gDNA_tumour, AM015b-X1_gDNA_tumour"
"933","PD53343i","AM015b_gDNA_tumour","ARHGEF12:chr11:120473097:G:C","ARHGEF12","TSG, fusion","AML","","chr11:120473097","G:C","1","Public",6,"AM015b-X3_gDNA_tumour, AM015b-X2_gDNA_tumour, AM015a-X3-Cell2, AM015b-X2-Cell, AM015b_gDNA_tumour, AM015b-X1_gDNA_tumour"
"934","PD53343i","AM015b_gDNA_tumour","AXIN2:chr17:65541496:T:C","AXIN2","TSG","colorectal carcinoma, stomach carcinoma, hepatocellular carcinoma","colorectal carcinoma","chr17:65541496","T:C","1","Public",6,"AM015b-X3_gDNA_tumour, AM015b-X2_gDNA_tumour, AM015a-X3-Cell2, AM015b-X2-Cell, AM015b_gDNA_tumour, AM015b-X1_gDNA_tumour"
"935","PD53343i","AM015b_gDNA_tumour","BCL11B:chr14:99175069:G:A","BCL11B","oncogene, TSG, fusion","T-ALL","","chr14:99175069","G:A","1","Public",6,"AM015b-X3_gDNA_tumour, AM015b-X2_gDNA_tumour, AM015a-X3-Cell2, AM015b-X2-Cell, AM015b_gDNA_tumour, AM015b-X1_gDNA_tumour"
"936","PD53343i","AM015b_gDNA_tumour","BLK:chr8:11563049:C:T","BLK",NA,NA,NA,"chr8:11563049","C:T","1","Public",6,"AM015b-X3_gDNA_tumour, AM015b-X2_gDNA_tumour, AM015a-X3-Cell2, AM015b-X2-Cell, AM015b_gDNA_tumour, AM015b-X1_gDNA_tumour"
"937","PD53343i","AM015b_gDNA_tumour","BRWD1:chr21:39270325:T:C","BRWD1",NA,NA,NA,"chr21:39270325","T:C","1","Public",6,"AM015b-X3_gDNA_tumour, AM015b-X2_gDNA_tumour, AM015a-X3-Cell2, AM015b-X2-Cell, AM015b_gDNA_tumour, AM015b-X1_gDNA_tumour"
"938","PD53343i","AM015b_gDNA_tumour","CCDC159:chr19:11352114:C:T","CCDC159",NA,NA,NA,"chr19:11352114","C:T","1","Public",6,"AM015b-X3_gDNA_tumour, AM015b-X2_gDNA_tumour, AM015a-X3-Cell2, AM015b-X2-Cell, AM015b_gDNA_tumour, AM015b-X1_gDNA_tumour"
"939","PD53343i","AM015b_gDNA_tumour","CCT6A:chr7:56059641:G:C","CCT6A",NA,NA,NA,"chr7:56059641","G:C","1","Public",6,"AM015b-X3_gDNA_tumour, AM015b-X2_gDNA_tumour, AM015a-X3-Cell2, AM015b-X2-Cell, AM015b_gDNA_tumour, AM015b-X1_gDNA_tumour"
"940","PD53343i","AM015b_gDNA_tumour","CD1C:chr1:158291245:G:T","CD1C",NA,NA,NA,"chr1:158291245","G:T","1","Public",6,"AM015b-X3_gDNA_tumour, AM015b-X2_gDNA_tumour, AM015a-X3-Cell2, AM015b-X2-Cell, AM015b_gDNA_tumour, AM015b-X1_gDNA_tumour"
"941","PD53343i","AM015b_gDNA_tumour","CEACAM5:chr19:41715698:C:T","CEACAM5",NA,NA,NA,"chr19:41715698","C:T","1","Public",6,"AM015b-X3_gDNA_tumour, AM015b-X2_gDNA_tumour, AM015a-X3-Cell2, AM015b-X2-Cell, AM015b_gDNA_tumour, AM015b-X1_gDNA_tumour"
"942","PD53343i","AM015b_gDNA_tumour","CEP170:chr1:243191056:A:C","CEP170",NA,NA,NA,"chr1:243191056","A:C","1","Public",6,"AM015b-X3_gDNA_tumour, AM015b-X2_gDNA_tumour, AM015a-X3-Cell2, AM015b-X2-Cell, AM015b_gDNA_tumour, AM015b-X1_gDNA_tumour"
"943","PD53343i","AM015b_gDNA_tumour","CEP350:chr1:180020839:G:T","CEP350",NA,NA,NA,"chr1:180020839","G:T","1","Public",6,"AM015b-X3_gDNA_tumour, AM015b-X2_gDNA_tumour, AM015a-X3-Cell2, AM015b-X2-Cell, AM015b_gDNA_tumour, AM015b-X1_gDNA_tumour"
"944","PD53343i","AM015b_gDNA_tumour","CORO7-PAM16:chr16:4364333:G:A","CORO7-PAM16",NA,NA,NA,"chr16:4364333","G:A","1","Public",6,"AM015b-X3_gDNA_tumour, AM015b-X2_gDNA_tumour, AM015a-X3-Cell2, AM015b-X2-Cell, AM015b_gDNA_tumour, AM015b-X1_gDNA_tumour"
"945","PD53343i","AM015b_gDNA_tumour","CORO7:chr16:4364333:G:A","CORO7",NA,NA,NA,"chr16:4364333","G:A","1","Public",6,"AM015b-X3_gDNA_tumour, AM015b-X2_gDNA_tumour, AM015a-X3-Cell2, AM015b-X2-Cell, AM015b_gDNA_tumour, AM015b-X1_gDNA_tumour"
"946","PD53343i","AM015b_gDNA_tumour","CTNNB1:chr3:41224645:T:C","CTNNB1","oncogene, fusion","colorectal, ovarian,  hepatoblastoma, pleomorphic salivary gland adenoma, other tumour types","","chr3:41224645","T:C","1","Public",6,"AM015b-X3_gDNA_tumour, AM015b-X2_gDNA_tumour, AM015a-X3-Cell2, AM015b-X2-Cell, AM015b_gDNA_tumour, AM015b-X1_gDNA_tumour"
"947","PD53343i","AM015b_gDNA_tumour","DAP:chr5:10680756:G:A","DAP",NA,NA,NA,"chr5:10680756","G:A","1","Public",6,"AM015b-X3_gDNA_tumour, AM015b-X2_gDNA_tumour, AM015a-X3-Cell2, AM015b-X2-Cell, AM015b_gDNA_tumour, AM015b-X1_gDNA_tumour"
"948","PD53343i","AM015b_gDNA_tumour","DAP:chr5:10680884:G:A","DAP",NA,NA,NA,"chr5:10680884","G:A","1","Public",6,"AM015b-X3_gDNA_tumour, AM015b-X2_gDNA_tumour, AM015a-X3-Cell2, AM015b-X2-Cell, AM015b_gDNA_tumour, AM015b-X1_gDNA_tumour"
"949","PD53343i","AM015b_gDNA_tumour","DAP:chr5:10680924:G:A","DAP",NA,NA,NA,"chr5:10680924","G:A","1","Public",6,"AM015b-X3_gDNA_tumour, AM015b-X2_gDNA_tumour, AM015a-X3-Cell2, AM015b-X2-Cell, AM015b_gDNA_tumour, AM015b-X1_gDNA_tumour"
"950","PD53343i","AM015b_gDNA_tumour","DAPK1:chr9:87646506:C:T","DAPK1",NA,NA,NA,"chr9:87646506","C:T","1","Public",6,"AM015b-X3_gDNA_tumour, AM015b-X2_gDNA_tumour, AM015a-X3-Cell2, AM015b-X2-Cell, AM015b_gDNA_tumour, AM015b-X1_gDNA_tumour"
"951","PD53343i","AM015b_gDNA_tumour","DENND5A:chr11:9141965:G:A","DENND5A",NA,NA,NA,"chr11:9141965","G:A","1","Public",6,"AM015b-X3_gDNA_tumour, AM015b-X2_gDNA_tumour, AM015a-X3-Cell2, AM015b-X2-Cell, AM015b_gDNA_tumour, AM015b-X1_gDNA_tumour"
"952","PD53343i","AM015b_gDNA_tumour","DNAH10:chr12:123853275:G:A","DNAH10",NA,NA,NA,"chr12:123853275","G:A","1","Public",6,"AM015b-X3_gDNA_tumour, AM015b-X2_gDNA_tumour, AM015a-X3-Cell2, AM015b-X2-Cell, AM015b_gDNA_tumour, AM015b-X1_gDNA_tumour"
"953","PD53343i","AM015b_gDNA_tumour","DSN1:chr20:36762471:C:T","DSN1",NA,NA,NA,"chr20:36762471","C:T","1","Public",6,"AM015b-X3_gDNA_tumour, AM015b-X2_gDNA_tumour, AM015a-X3-Cell2, AM015b-X2-Cell, AM015b_gDNA_tumour, AM015b-X1_gDNA_tumour"
"954","PD53343i","AM015b_gDNA_tumour","DVL3:chr3:184170649:C:T","DVL3",NA,NA,NA,"chr3:184170649","C:T","1","Public",6,"AM015b-X3_gDNA_tumour, AM015b-X2_gDNA_tumour, AM015a-X3-Cell2, AM015b-X2-Cell, AM015b_gDNA_tumour, AM015b-X1_gDNA_tumour"
"955","PD53343i","AM015b_gDNA_tumour","ELP2:chr18:36154909:C:A","ELP2",NA,NA,NA,"chr18:36154909","C:A","1","Public",6,"AM015b-X3_gDNA_tumour, AM015b-X2_gDNA_tumour, AM015a-X3-Cell2, AM015b-X2-Cell, AM015b_gDNA_tumour, AM015b-X1_gDNA_tumour"
"956","PD53343i","AM015b_gDNA_tumour","FRY:chr13:32224240:C:T","FRY",NA,NA,NA,"chr13:32224240","C:T","1","Public",6,"AM015b-X3_gDNA_tumour, AM015b-X2_gDNA_tumour, AM015a-X3-Cell2, AM015b-X2-Cell, AM015b_gDNA_tumour, AM015b-X1_gDNA_tumour"
"957","PD53343i","AM015b_gDNA_tumour","GABBR2:chr9:98306269:A:G","GABBR2",NA,NA,NA,"chr9:98306269","A:G","1","Public",6,"AM015b-X3_gDNA_tumour, AM015b-X2_gDNA_tumour, AM015a-X3-Cell2, AM015b-X2-Cell, AM015b_gDNA_tumour, AM015b-X1_gDNA_tumour"
"958","PD53343i","AM015b_gDNA_tumour","GALNT18:chr11:11379185:G:A","GALNT18",NA,NA,NA,"chr11:11379185","G:A","1","Public",6,"AM015b-X3_gDNA_tumour, AM015b-X2_gDNA_tumour, AM015a-X3-Cell2, AM015b-X2-Cell, AM015b_gDNA_tumour, AM015b-X1_gDNA_tumour"
"959","PD53343i","AM015b_gDNA_tumour","GAPVD1:chr9:125298952:C:T","GAPVD1",NA,NA,NA,"chr9:125298952","C:T","1","Public",6,"AM015b-X3_gDNA_tumour, AM015b-X2_gDNA_tumour, AM015a-X3-Cell2, AM015b-X2-Cell, AM015b_gDNA_tumour, AM015b-X1_gDNA_tumour"
"960","PD53343i","AM015b_gDNA_tumour","GLT8D1:chr3:52697887:G:A","GLT8D1",NA,NA,NA,"chr3:52697887","G:A","1","Public",6,"AM015b-X3_gDNA_tumour, AM015b-X2_gDNA_tumour, AM015a-X3-Cell2, AM015b-X2-Cell, AM015b_gDNA_tumour, AM015b-X1_gDNA_tumour"
"961","PD53343i","AM015b_gDNA_tumour","GNL1:chr6:30547403:-:A","GNL1",NA,NA,NA,"chr6:30547403","-:A","1","Public",6,"AM015b-X3_gDNA_tumour, AM015b-X2_gDNA_tumour, AM015a-X3-Cell2, AM015b-X2-Cell, AM015b_gDNA_tumour, AM015b-X1_gDNA_tumour"
"962","PD53343i","AM015b_gDNA_tumour","GNL1:chr6:30547425:A:G","GNL1",NA,NA,NA,"chr6:30547425","A:G","1","Public",6,"AM015b-X3_gDNA_tumour, AM015b-X2_gDNA_tumour, AM015a-X3-Cell2, AM015b-X2-Cell, AM015b_gDNA_tumour, AM015b-X1_gDNA_tumour"
"963","PD53343i","AM015b_gDNA_tumour","H2BC10:chr6:26273265:C:T","H2BC10",NA,NA,NA,"chr6:26273265","C:T","1","Public",6,"AM015b-X3_gDNA_tumour, AM015b-X2_gDNA_tumour, AM015a-X3-Cell2, AM015b-X2-Cell, AM015b_gDNA_tumour, AM015b-X1_gDNA_tumour"
"964","PD53343i","AM015b_gDNA_tumour","HDLBP:chr2:241230890:C:T","HDLBP",NA,NA,NA,"chr2:241230890","C:T","1","Public",6,"AM015b-X3_gDNA_tumour, AM015b-X2_gDNA_tumour, AM015a-X3-Cell2, AM015b-X2-Cell, AM015b_gDNA_tumour, AM015b-X1_gDNA_tumour"
"965","PD53343i","AM015b_gDNA_tumour","HEPHL1:chr11:94088916:C:T","HEPHL1",NA,NA,NA,"chr11:94088916","C:T","1","Public",6,"AM015b-X3_gDNA_tumour, AM015b-X2_gDNA_tumour, AM015a-X3-Cell2, AM015b-X2-Cell, AM015b_gDNA_tumour, AM015b-X1_gDNA_tumour"
"966","PD53343i","AM015b_gDNA_tumour","IFIT2:chr10:89306959:C:T","IFIT2",NA,NA,NA,"chr10:89306959","C:T","1","Public",6,"AM015b-X3_gDNA_tumour, AM015b-X2_gDNA_tumour, AM015a-X3-Cell2, AM015b-X2-Cell, AM015b_gDNA_tumour, AM015b-X1_gDNA_tumour"
"967","PD53343i","AM015b_gDNA_tumour","IRF2BPL:chr14:77025781:C:T","IRF2BPL",NA,NA,NA,"chr14:77025781","C:T","1","Public",6,"AM015b-X3_gDNA_tumour, AM015b-X2_gDNA_tumour, AM015a-X3-Cell2, AM015b-X2-Cell, AM015b_gDNA_tumour, AM015b-X1_gDNA_tumour"
"968","PD53343i","AM015b_gDNA_tumour","ITGA3:chr17:50089140:C:T","ITGA3",NA,NA,NA,"chr17:50089140","C:T","1","Public",6,"AM015b-X3_gDNA_tumour, AM015b-X2_gDNA_tumour, AM015a-X3-Cell2, AM015b-X2-Cell, AM015b_gDNA_tumour, AM015b-X1_gDNA_tumour"
"969","PD53343i","AM015b_gDNA_tumour","JAKMIP3:chr10:132104900:A:G","JAKMIP3",NA,NA,NA,"chr10:132104900","A:G","1","Public",6,"AM015b-X3_gDNA_tumour, AM015b-X2_gDNA_tumour, AM015a-X3-Cell2, AM015b-X2-Cell, AM015b_gDNA_tumour, AM015b-X1_gDNA_tumour"
"970","PD53343i","AM015b_gDNA_tumour","KCNA5:chr12:5045933:T:C","KCNA5",NA,NA,NA,"chr12:5045933","T:C","1","Public",6,"AM015b-X3_gDNA_tumour, AM015b-X2_gDNA_tumour, AM015a-X3-Cell2, AM015b-X2-Cell, AM015b_gDNA_tumour, AM015b-X1_gDNA_tumour"
"971","PD53343i","AM015b_gDNA_tumour","KCNK9:chr8:139618629:C:T","KCNK9",NA,NA,NA,"chr8:139618629","C:T","1","Public",6,"AM015b-X3_gDNA_tumour, AM015b-X2_gDNA_tumour, AM015a-X3-Cell2, AM015b-X2-Cell, AM015b_gDNA_tumour, AM015b-X1_gDNA_tumour"
"972","PD53343i","AM015b_gDNA_tumour","KCTD3:chr1:215620302:C:T","KCTD3",NA,NA,NA,"chr1:215620302","C:T","1","Public",6,"AM015b-X3_gDNA_tumour, AM015b-X2_gDNA_tumour, AM015a-X3-Cell2, AM015b-X2-Cell, AM015b_gDNA_tumour, AM015b-X1_gDNA_tumour"
"973","PD53343i","AM015b_gDNA_tumour","KIT:chr4:54727495:T:C","KIT","oncogene","GIST, AML, TGCT, mastocytosis, mucosal melanoma","GIST, epithelioma","chr4:54727495","T:C","1","Public",6,"AM015b-X3_gDNA_tumour, AM015b-X2_gDNA_tumour, AM015a-X3-Cell2, AM015b-X2-Cell, AM015b_gDNA_tumour, AM015b-X1_gDNA_tumour"
"974","PD53343i","AM015b_gDNA_tumour","KRT27:chr17:40782224:G:T","KRT27",NA,NA,NA,"chr17:40782224","G:T","1","Public",6,"AM015b-X3_gDNA_tumour, AM015b-X2_gDNA_tumour, AM015a-X3-Cell2, AM015b-X2-Cell, AM015b_gDNA_tumour, AM015b-X1_gDNA_tumour"
"975","PD53343i","AM015b_gDNA_tumour","LRTM1:chr3:54925004:C:A","LRTM1",NA,NA,NA,"chr3:54925004","C:A","1","Public",6,"AM015b-X3_gDNA_tumour, AM015b-X2_gDNA_tumour, AM015a-X3-Cell2, AM015b-X2-Cell, AM015b_gDNA_tumour, AM015b-X1_gDNA_tumour"
"976","PD53343i","AM015b_gDNA_tumour","MAN1C1:chr1:25778154:T:C","MAN1C1",NA,NA,NA,"chr1:25778154","T:C","1","Public",6,"AM015b-X3_gDNA_tumour, AM015b-X2_gDNA_tumour, AM015a-X3-Cell2, AM015b-X2-Cell, AM015b_gDNA_tumour, AM015b-X1_gDNA_tumour"
"977","PD53343i","AM015b_gDNA_tumour","MAPKAPK3:chr3:50617648:-:G","MAPKAPK3",NA,NA,NA,"chr3:50617648","-:G","1","Public",6,"AM015b-X3_gDNA_tumour, AM015b-X2_gDNA_tumour, AM015a-X3-Cell2, AM015b-X2-Cell, AM015b_gDNA_tumour, AM015b-X1_gDNA_tumour"
"978","PD53343i","AM015b_gDNA_tumour","MGP:chr12:14884228:C:T","MGP",NA,NA,NA,"chr12:14884228","C:T","1","Public",6,"AM015b-X3_gDNA_tumour, AM015b-X2_gDNA_tumour, AM015a-X3-Cell2, AM015b-X2-Cell, AM015b_gDNA_tumour, AM015b-X1_gDNA_tumour"
"979","PD53343i","AM015b_gDNA_tumour","MMP2:chr16:55484117:G:A","MMP2",NA,NA,NA,"chr16:55484117","G:A","1","Public",6,"AM015b-X3_gDNA_tumour, AM015b-X2_gDNA_tumour, AM015a-X3-Cell2, AM015b-X2-Cell, AM015b_gDNA_tumour, AM015b-X1_gDNA_tumour"
"980","PD53343i","AM015b_gDNA_tumour","MYO10:chr5:16762044:C:G","MYO10",NA,NA,NA,"chr5:16762044","C:G","1","Public",6,"AM015b-X3_gDNA_tumour, AM015b-X2_gDNA_tumour, AM015a-X3-Cell2, AM015b-X2-Cell, AM015b_gDNA_tumour, AM015b-X1_gDNA_tumour"
"981","PD53343i","AM015b_gDNA_tumour","MYO9B:chr19:17172763:T:C","MYO9B",NA,NA,NA,"chr19:17172763","T:C","1","Public",6,"AM015b-X3_gDNA_tumour, AM015b-X2_gDNA_tumour, AM015a-X3-Cell2, AM015b-X2-Cell, AM015b_gDNA_tumour, AM015b-X1_gDNA_tumour"
"982","PD53343i","AM015b_gDNA_tumour","NXF3:chrX:103077648:G:A","NXF3",NA,NA,NA,"chrX:103077648","G:A","1","Public",6,"AM015b-X3_gDNA_tumour, AM015b-X2_gDNA_tumour, AM015a-X3-Cell2, AM015b-X2-Cell, AM015b_gDNA_tumour, AM015b-X1_gDNA_tumour"
"983","PD53343i","AM015b_gDNA_tumour","OR52D1:chr11:5489629:T:A","OR52D1",NA,NA,NA,"chr11:5489629","T:A","1","Public",6,"AM015b-X3_gDNA_tumour, AM015b-X2_gDNA_tumour, AM015a-X3-Cell2, AM015b-X2-Cell, AM015b_gDNA_tumour, AM015b-X1_gDNA_tumour"
"984","PD53343i","AM015b_gDNA_tumour","OR7E24:chr19:9251483:C:T","OR7E24",NA,NA,NA,"chr19:9251483","C:T","1","Public",6,"AM015b-X3_gDNA_tumour, AM015b-X2_gDNA_tumour, AM015a-X3-Cell2, AM015b-X2-Cell, AM015b_gDNA_tumour, AM015b-X1_gDNA_tumour"
"985","PD53343i","AM015b_gDNA_tumour","PCLO:chr7:82953870:AA:-","PCLO",NA,NA,NA,"chr7:82953870","AA:-","1","Public",6,"AM015b-X3_gDNA_tumour, AM015b-X2_gDNA_tumour, AM015a-X3-Cell2, AM015b-X2-Cell, AM015b_gDNA_tumour, AM015b-X1_gDNA_tumour"
"986","PD53343i","AM015b_gDNA_tumour","PHF20L1:chr8:132816943:A:T","PHF20L1",NA,NA,NA,"chr8:132816943","A:T","1","Public",6,"AM015b-X3_gDNA_tumour, AM015b-X2_gDNA_tumour, AM015a-X3-Cell2, AM015b-X2-Cell, AM015b_gDNA_tumour, AM015b-X1_gDNA_tumour"
"987","PD53343i","AM015b_gDNA_tumour","PLEKHA6:chr1:204257862:T:C","PLEKHA6",NA,NA,NA,"chr1:204257862","T:C","1","Public",6,"AM015b-X3_gDNA_tumour, AM015b-X2_gDNA_tumour, AM015a-X3-Cell2, AM015b-X2-Cell, AM015b_gDNA_tumour, AM015b-X1_gDNA_tumour"
"988","PD53343i","AM015b_gDNA_tumour","POM121L2:chr6:27309929:G:A","POM121L2",NA,NA,NA,"chr6:27309929","G:A","1","Public",6,"AM015b-X3_gDNA_tumour, AM015b-X2_gDNA_tumour, AM015a-X3-Cell2, AM015b-X2-Cell, AM015b_gDNA_tumour, AM015b-X1_gDNA_tumour"
"989","PD53343i","AM015b_gDNA_tumour","PPP4R4:chr14:94265884:C:G","PPP4R4",NA,NA,NA,"chr14:94265884","C:G","1","Public",6,"AM015b-X3_gDNA_tumour, AM015b-X2_gDNA_tumour, AM015a-X3-Cell2, AM015b-X2-Cell, AM015b_gDNA_tumour, AM015b-X1_gDNA_tumour"
"990","PD53343i","AM015b_gDNA_tumour","PTPN11:chr12:112489106:G:C","PTPN11","oncogene","JMML, AML, MDS","","chr12:112489106","G:C","1","Public",6,"AM015b-X3_gDNA_tumour, AM015b-X2_gDNA_tumour, AM015a-X3-Cell2, AM015b-X2-Cell, AM015b_gDNA_tumour, AM015b-X1_gDNA_tumour"
"991","PD53343i","AM015b_gDNA_tumour","RADX:chrX:106639602:T:A","RADX",NA,NA,NA,"chrX:106639602","T:A","1","Public",6,"AM015b-X3_gDNA_tumour, AM015b-X2_gDNA_tumour, AM015a-X3-Cell2, AM015b-X2-Cell, AM015b_gDNA_tumour, AM015b-X1_gDNA_tumour"
"992","PD53343i","AM015b_gDNA_tumour","RFC1:chr4:39303067:C:A","RFC1",NA,NA,NA,"chr4:39303067","C:A","1","Public",6,"AM015b-X3_gDNA_tumour, AM015b-X2_gDNA_tumour, AM015a-X3-Cell2, AM015b-X2-Cell, AM015b_gDNA_tumour, AM015b-X1_gDNA_tumour"
"993","PD53343i","AM015b_gDNA_tumour","RNPC3:chr1:103546977:G:C","RNPC3",NA,NA,NA,"chr1:103546977","G:C","1","Public",6,"AM015b-X3_gDNA_tumour, AM015b-X2_gDNA_tumour, AM015a-X3-Cell2, AM015b-X2-Cell, AM015b_gDNA_tumour, AM015b-X1_gDNA_tumour"
"994","PD53343i","AM015b_gDNA_tumour","ROBO3:chr11:124873041:C:T","ROBO3",NA,NA,NA,"chr11:124873041","C:T","1","Public",6,"AM015b-X3_gDNA_tumour, AM015b-X2_gDNA_tumour, AM015a-X3-Cell2, AM015b-X2-Cell, AM015b_gDNA_tumour, AM015b-X1_gDNA_tumour"
"995","PD53343i","AM015b_gDNA_tumour","RP1:chr8:54622190:G:A","RP1",NA,NA,NA,"chr8:54622190","G:A","1","Public",6,"AM015b-X3_gDNA_tumour, AM015b-X2_gDNA_tumour, AM015a-X3-Cell2, AM015b-X2-Cell, AM015b_gDNA_tumour, AM015b-X1_gDNA_tumour"
"996","PD53343i","AM015b_gDNA_tumour","SCN11A:chr3:38904075:G:A","SCN11A",NA,NA,NA,"chr3:38904075","G:A","1","Public",6,"AM015b-X3_gDNA_tumour, AM015b-X2_gDNA_tumour, AM015a-X3-Cell2, AM015b-X2-Cell, AM015b_gDNA_tumour, AM015b-X1_gDNA_tumour"
"997","PD53343i","AM015b_gDNA_tumour","SEPTIN3:chr22:41989662:A:G","SEPTIN3",NA,NA,NA,"chr22:41989662","A:G","1","Public",6,"AM015b-X3_gDNA_tumour, AM015b-X2_gDNA_tumour, AM015a-X3-Cell2, AM015b-X2-Cell, AM015b_gDNA_tumour, AM015b-X1_gDNA_tumour"
"998","PD53343i","AM015b_gDNA_tumour","SFTPA2:chr10:79559317:G:A","SFTPA2",NA,NA,NA,"chr10:79559317","G:A","1","Public",6,"AM015b-X3_gDNA_tumour, AM015b-X2_gDNA_tumour, AM015a-X3-Cell2, AM015b-X2-Cell, AM015b_gDNA_tumour, AM015b-X1_gDNA_tumour"
"999","PD53343i","AM015b_gDNA_tumour","SGPP2:chr2:222558371:A:C","SGPP2",NA,NA,NA,"chr2:222558371","A:C","1","Public",6,"AM015b-X3_gDNA_tumour, AM015b-X2_gDNA_tumour, AM015a-X3-Cell2, AM015b-X2-Cell, AM015b_gDNA_tumour, AM015b-X1_gDNA_tumour"
"1000","PD53343i","AM015b_gDNA_tumour","SH3TC1:chr4:8205207:C:G","SH3TC1",NA,NA,NA,"chr4:8205207","C:G","1","Public",6,"AM015b-X3_gDNA_tumour, AM015b-X2_gDNA_tumour, AM015a-X3-Cell2, AM015b-X2-Cell, AM015b_gDNA_tumour, AM015b-X1_gDNA_tumour"
"1001","PD53343i","AM015b_gDNA_tumour","SLC16A14:chr2:230046345:C:T","SLC16A14",NA,NA,NA,"chr2:230046345","C:T","1","Public",6,"AM015b-X3_gDNA_tumour, AM015b-X2_gDNA_tumour, AM015a-X3-Cell2, AM015b-X2-Cell, AM015b_gDNA_tumour, AM015b-X1_gDNA_tumour"
"1002","PD53343i","AM015b_gDNA_tumour","SLC7A7:chr14:22780010:T:C","SLC7A7",NA,NA,NA,"chr14:22780010","T:C","1","Public",6,"AM015b-X3_gDNA_tumour, AM015b-X2_gDNA_tumour, AM015a-X3-Cell2, AM015b-X2-Cell, AM015b_gDNA_tumour, AM015b-X1_gDNA_tumour"
"1003","PD53343i","AM015b_gDNA_tumour","SLC9A3:chr5:488471:G:A","SLC9A3",NA,NA,NA,"chr5:488471","G:A","1","Public",6,"AM015b-X3_gDNA_tumour, AM015b-X2_gDNA_tumour, AM015a-X3-Cell2, AM015b-X2-Cell, AM015b_gDNA_tumour, AM015b-X1_gDNA_tumour"
"1004","PD53343i","AM015b_gDNA_tumour","SOWAHA:chr5:132813809:A:G","SOWAHA",NA,NA,NA,"chr5:132813809","A:G","1","Public",6,"AM015b-X3_gDNA_tumour, AM015b-X2_gDNA_tumour, AM015a-X3-Cell2, AM015b-X2-Cell, AM015b_gDNA_tumour, AM015b-X1_gDNA_tumour"
"1005","PD53343i","AM015b_gDNA_tumour","SPANXB1:chrX:141003529:G:A","SPANXB1",NA,NA,NA,"chrX:141003529","G:A","1","Public",6,"AM015b-X3_gDNA_tumour, AM015b-X2_gDNA_tumour, AM015a-X3-Cell2, AM015b-X2-Cell, AM015b_gDNA_tumour, AM015b-X1_gDNA_tumour"
"1006","PD53343i","AM015b_gDNA_tumour","SPATS1:chr6:44368496:C:T","SPATS1",NA,NA,NA,"chr6:44368496","C:T","1","Public",6,"AM015b-X3_gDNA_tumour, AM015b-X2_gDNA_tumour, AM015a-X3-Cell2, AM015b-X2-Cell, AM015b_gDNA_tumour, AM015b-X1_gDNA_tumour"
"1007","PD53343i","AM015b_gDNA_tumour","SUCLA2:chr13:47996858:T:C","SUCLA2",NA,NA,NA,"chr13:47996858","T:C","1","Public",6,"AM015b-X3_gDNA_tumour, AM015b-X2_gDNA_tumour, AM015a-X3-Cell2, AM015b-X2-Cell, AM015b_gDNA_tumour, AM015b-X1_gDNA_tumour"
"1008","PD53343i","AM015b_gDNA_tumour","SYNGAP1:chr6:33441241:A:C","SYNGAP1",NA,NA,NA,"chr6:33441241","A:C","1","Public",6,"AM015b-X3_gDNA_tumour, AM015b-X2_gDNA_tumour, AM015a-X3-Cell2, AM015b-X2-Cell, AM015b_gDNA_tumour, AM015b-X1_gDNA_tumour"
"1009","PD53343i","AM015b_gDNA_tumour","TAS2R46:chr12:11062229:A:T","TAS2R46",NA,NA,NA,"chr12:11062229","A:T","1","Public",6,"AM015b-X3_gDNA_tumour, AM015b-X2_gDNA_tumour, AM015a-X3-Cell2, AM015b-X2-Cell, AM015b_gDNA_tumour, AM015b-X1_gDNA_tumour"
"1010","PD53343i","AM015b_gDNA_tumour","TCTEX1D1:chr1:66777309:T:C","TCTEX1D1",NA,NA,NA,"chr1:66777309","T:C","1","Public",6,"AM015b-X3_gDNA_tumour, AM015b-X2_gDNA_tumour, AM015a-X3-Cell2, AM015b-X2-Cell, AM015b_gDNA_tumour, AM015b-X1_gDNA_tumour"
"1011","PD53343i","AM015b_gDNA_tumour","TMC6:chr17:78126310:G:T","TMC6",NA,NA,NA,"chr17:78126310","G:T","1","Public",6,"AM015b-X3_gDNA_tumour, AM015b-X2_gDNA_tumour, AM015a-X3-Cell2, AM015b-X2-Cell, AM015b_gDNA_tumour, AM015b-X1_gDNA_tumour"
"1012","PD53343i","AM015b_gDNA_tumour","TNRC18:chr7:5374287:G:A","TNRC18",NA,NA,NA,"chr7:5374287","G:A","1","Public",6,"AM015b-X3_gDNA_tumour, AM015b-X2_gDNA_tumour, AM015a-X3-Cell2, AM015b-X2-Cell, AM015b_gDNA_tumour, AM015b-X1_gDNA_tumour"
"1013","PD53343i","AM015b_gDNA_tumour","TTN:chr2:178620579:C:T","TTN",NA,NA,NA,"chr2:178620579","C:T","1","Public",6,"AM015b-X3_gDNA_tumour, AM015b-X2_gDNA_tumour, AM015a-X3-Cell2, AM015b-X2-Cell, AM015b_gDNA_tumour, AM015b-X1_gDNA_tumour"
"1014","PD53343i","AM015b_gDNA_tumour","TUBGCP5:chr15:23022100:C:T","TUBGCP5",NA,NA,NA,"chr15:23022100","C:T","1","Public",6,"AM015b-X3_gDNA_tumour, AM015b-X2_gDNA_tumour, AM015a-X3-Cell2, AM015b-X2-Cell, AM015b_gDNA_tumour, AM015b-X1_gDNA_tumour"
"1015","PD53343i","AM015b_gDNA_tumour","TUT4:chr1:52446376:G:A","TUT4",NA,NA,NA,"chr1:52446376","G:A","1","Public",6,"AM015b-X3_gDNA_tumour, AM015b-X2_gDNA_tumour, AM015a-X3-Cell2, AM015b-X2-Cell, AM015b_gDNA_tumour, AM015b-X1_gDNA_tumour"
"1016","PD53343i","AM015b_gDNA_tumour","TWNK:chr10:100989136:G:A","TWNK",NA,NA,NA,"chr10:100989136","G:A","1","Public",6,"AM015b-X3_gDNA_tumour, AM015b-X2_gDNA_tumour, AM015a-X3-Cell2, AM015b-X2-Cell, AM015b_gDNA_tumour, AM015b-X1_gDNA_tumour"
"1017","PD53343i","AM015b_gDNA_tumour","TYK2:chr19:10359256:C:A","TYK2",NA,NA,NA,"chr19:10359256","C:A","1","Public",6,"AM015b-X3_gDNA_tumour, AM015b-X2_gDNA_tumour, AM015a-X3-Cell2, AM015b-X2-Cell, AM015b_gDNA_tumour, AM015b-X1_gDNA_tumour"
"1018","PD53343i","AM015b_gDNA_tumour","UBE2V2:chr8:48049980:T:A","UBE2V2",NA,NA,NA,"chr8:48049980","T:A","1","Public",6,"AM015b-X3_gDNA_tumour, AM015b-X2_gDNA_tumour, AM015a-X3-Cell2, AM015b-X2-Cell, AM015b_gDNA_tumour, AM015b-X1_gDNA_tumour"
"1019","PD53343i","AM015b_gDNA_tumour","VCAM1:chr1:100731334:G:A","VCAM1",NA,NA,NA,"chr1:100731334","G:A","1","Public",6,"AM015b-X3_gDNA_tumour, AM015b-X2_gDNA_tumour, AM015a-X3-Cell2, AM015b-X2-Cell, AM015b_gDNA_tumour, AM015b-X1_gDNA_tumour"
"1020","PD53343i","AM015b_gDNA_tumour","WIPI2:chr7:5217986:G:T","WIPI2",NA,NA,NA,"chr7:5217986","G:T","1","Public",6,"AM015b-X3_gDNA_tumour, AM015b-X2_gDNA_tumour, AM015a-X3-Cell2, AM015b-X2-Cell, AM015b_gDNA_tumour, AM015b-X1_gDNA_tumour"
"1021","PD53343i","AM015b_gDNA_tumour","ZNF225:chr19:44132440:C:T","ZNF225",NA,NA,NA,"chr19:44132440","C:T","1","Public",6,"AM015b-X3_gDNA_tumour, AM015b-X2_gDNA_tumour, AM015a-X3-Cell2, AM015b-X2-Cell, AM015b_gDNA_tumour, AM015b-X1_gDNA_tumour"
"1022","PD53343i","AM015b_gDNA_tumour","ZNF510:chr9:96776040:A:T","ZNF510",NA,NA,NA,"chr9:96776040","A:T","1","Public",6,"AM015b-X3_gDNA_tumour, AM015b-X2_gDNA_tumour, AM015a-X3-Cell2, AM015b-X2-Cell, AM015b_gDNA_tumour, AM015b-X1_gDNA_tumour"
"1023","PD53343i","AM015b_gDNA_tumour","ZUP1:chr6:116651659:-:C","ZUP1",NA,NA,NA,"chr6:116651659","-:C","1","Public",6,"AM015b-X3_gDNA_tumour, AM015b-X2_gDNA_tumour, AM015a-X3-Cell2, AM015b-X2-Cell, AM015b_gDNA_tumour, AM015b-X1_gDNA_tumour"
"1024","PD53343i","AM015b_gDNA_tumour","ZZEF1:chr17:4056226:T:A","ZZEF1",NA,NA,NA,"chr17:4056226","T:A","1","Public",6,"AM015b-X3_gDNA_tumour, AM015b-X2_gDNA_tumour, AM015a-X3-Cell2, AM015b-X2-Cell, AM015b_gDNA_tumour, AM015b-X1_gDNA_tumour"
"1026","PD53343i","AM015b_gDNA_tumour","TNKS:chr8:9555964:C:T","TNKS",NA,NA,NA,"chr8:9555964","C:T","1","Shared",5,"AM015b-X3_gDNA_tumour, AM015b-X2_gDNA_tumour, AM015a-X3-Cell2, AM015b_gDNA_tumour, AM015b-X1_gDNA_tumour"
"1027","PD53343i","AM015b_gDNA_tumour","WNK1:chr12:885847:A:G","WNK1",NA,NA,NA,"chr12:885847","A:G","1","Shared",5,"AM015b-X3_gDNA_tumour, AM015b-X2_gDNA_tumour, AM015a-X3-Cell2, AM015b_gDNA_tumour, AM015b-X1_gDNA_tumour"
"1028","PD53343i","AM015b_gDNA_tumour","XDH:chr2:31366033:C:G","XDH",NA,NA,NA,"chr2:31366033","C:G","1","Shared",5,"AM015b-X3_gDNA_tumour, AM015b-X2_gDNA_tumour, AM015a-X3-Cell2, AM015b_gDNA_tumour, AM015b-X1_gDNA_tumour"
"1030","PD53343i","AM015b_gDNA_tumour","CREBBP:chr16:3792089:G:-","CREBBP","oncogene, TSG, fusion","ALL, AML, DLBCL, B-NHL","","chr16:3792089","G:-","1","Shared",5,"AM015b-X3_gDNA_tumour, AM015b-X2_gDNA_tumour, AM015b-X2-Cell, AM015b_gDNA_tumour, AM015b-X1_gDNA_tumour"
"1031","PD53343i","AM015b_gDNA_tumour","LAMA1:chr18:7042215:A:G","LAMA1",NA,NA,NA,"chr18:7042215","A:G","1","Shared",5,"AM015b-X3_gDNA_tumour, AM015b-X2_gDNA_tumour, AM015b-X2-Cell, AM015b_gDNA_tumour, AM015b-X1_gDNA_tumour"
"1032","PD53343i","AM015b_gDNA_tumour","MEOX2:chr7:15686359:G:A","MEOX2",NA,NA,NA,"chr7:15686359","G:A","1","Shared",5,"AM015b-X3_gDNA_tumour, AM015b-X2_gDNA_tumour, AM015b-X2-Cell, AM015b_gDNA_tumour, AM015b-X1_gDNA_tumour"
"1033","PD53343i","AM015b_gDNA_tumour","PLXNB2:chr22:50276628:C:G","PLXNB2",NA,NA,NA,"chr22:50276628","C:G","1","Shared",5,"AM015b-X3_gDNA_tumour, AM015b-X2_gDNA_tumour, AM015b-X2-Cell, AM015b_gDNA_tumour, AM015b-X1_gDNA_tumour"
"1034","PD53343i","AM015b_gDNA_tumour","SLC5A3:chr21:34095572:A:G","SLC5A3",NA,NA,NA,"chr21:34095572","A:G","1","Shared",5,"AM015b-X3_gDNA_tumour, AM015b-X2_gDNA_tumour, AM015b-X2-Cell, AM015b_gDNA_tumour, AM015b-X1_gDNA_tumour"
"1035","PD53343i","AM015b_gDNA_tumour","TSPAN15:chr10:69451662:C:T","TSPAN15",NA,NA,NA,"chr10:69451662","C:T","1","Shared",5,"AM015b-X3_gDNA_tumour, AM015b-X2_gDNA_tumour, AM015b-X2-Cell, AM015b_gDNA_tumour, AM015b-X1_gDNA_tumour"
"1036","PD53343i","AM015b_gDNA_tumour","URGCP:chr7:43878107:C:T","URGCP",NA,NA,NA,"chr7:43878107","C:T","1","Shared",5,"AM015b-X3_gDNA_tumour, AM015b-X2_gDNA_tumour, AM015b-X2-Cell, AM015b_gDNA_tumour, AM015b-X1_gDNA_tumour"
"1037","PD53343i","AM015b_gDNA_tumour","USP54:chr10:73504920:C:T","USP54",NA,NA,NA,"chr10:73504920","C:T","1","Shared",5,"AM015b-X3_gDNA_tumour, AM015b-X2_gDNA_tumour, AM015b-X2-Cell, AM015b_gDNA_tumour, AM015b-X1_gDNA_tumour"
"1038","PD53343i","AM015b_gDNA_tumour","WNK4:chr17:42785347:C:T","WNK4",NA,NA,NA,"chr17:42785347","C:T","1","Shared",5,"AM015b-X3_gDNA_tumour, AM015b-X2_gDNA_tumour, AM015b-X2-Cell, AM015b_gDNA_tumour, AM015b-X1_gDNA_tumour"
"1039","PD53343i","AM015b_gDNA_tumour","ZNF449:chrX:135347165:G:C","ZNF449",NA,NA,NA,"chrX:135347165","G:C","1","Shared",5,"AM015b-X3_gDNA_tumour, AM015b-X2_gDNA_tumour, AM015b-X2-Cell, AM015b_gDNA_tumour, AM015b-X1_gDNA_tumour"
"1043","PD53343i","AM015b_gDNA_tumour","SFTPA1:chr10:79611992:C:T","SFTPA1",NA,NA,NA,"chr10:79611992","C:T","1","Shared",3,"AM015b-X3_gDNA_tumour, AM015b-X2_gDNA_tumour, AM015b_gDNA_tumour"
"1063","PD53343i","AM015b_gDNA_tumour","SLC14A1:chr18:45730309:G:A","SLC14A1",NA,NA,NA,"chr18:45730309","G:A","1","Shared",5,"AM015b-X3_gDNA_tumour, AM015a-X3-Cell2, AM015b-X2-Cell, AM015b_gDNA_tumour, AM015b-X1_gDNA_tumour"
"1080","PD53343i","AM015b_gDNA_tumour","TNRC18:chr7:5374266:G:A","TNRC18",NA,NA,NA,"chr7:5374266","G:A","1","Shared",5,"AM015b-X2_gDNA_tumour, AM015a-X3-Cell2, AM015b-X2-Cell, AM015b_gDNA_tumour, AM015b-X1_gDNA_tumour"
"1081","PD53343i","AM015b_gDNA_tumour","AL031178.2:chr6:53065619:G:A","AL031178.2",NA,NA,NA,"chr6:53065619","G:A","1","Shared",4,"AM015b-X2_gDNA_tumour, AM015b-X2-Cell, AM015b_gDNA_tumour, AM015b-X1_gDNA_tumour"
"1082","PD53343i","AM015b_gDNA_tumour","DNAH6:chr2:84594057:G:T","DNAH6",NA,NA,NA,"chr2:84594057","G:T","1","Shared",4,"AM015b-X2_gDNA_tumour, AM015b-X2-Cell, AM015b_gDNA_tumour, AM015b-X1_gDNA_tumour"
"1095","PD53343i","AM015b_gDNA_tumour","ASAP1:chr8:130128021:-:GCACTCT","ASAP1",NA,NA,NA,"chr8:130128021","-:GCACTCT","1","Shared",4,"AM015a-X3-Cell2, AM015b-X2-Cell, AM015b_gDNA_tumour, AM015b-X1_gDNA_tumour"
"1096","PD53343i","AM015b_gDNA_tumour","KLHL11:chr17:41865332:-:GCC","KLHL11",NA,NA,NA,"chr17:41865332","-:GCC","1","Shared",3,"AM015a-X3-Cell2, AM015b-X2-Cell, AM015b_gDNA_tumour"
"1097","PD53343i","AM015b_gDNA_tumour","TNRC18:chr7:5374203:G:A","TNRC18",NA,NA,NA,"chr7:5374203","G:A","1","Shared",3,"AM015a-X3-Cell2, AM015b-X2-Cell, AM015b_gDNA_tumour"
"1098","PD53343i","AM015b_gDNA_tumour","TNRC18:chr7:5374214:G:A","TNRC18",NA,NA,NA,"chr7:5374214","G:A","1","Shared",3,"AM015a-X3-Cell2, AM015b-X2-Cell, AM015b_gDNA_tumour"
"1099","PD53343i","AM015b_gDNA_tumour","TWIST1:chr7:19117120:T:A","TWIST1",NA,NA,NA,"chr7:19117120","T:A","1","Shared",3,"AM015a-X3-Cell2, AM015b-X2-Cell, AM015b_gDNA_tumour"
"1100","PD53343i","AM015b_gDNA_tumour","TWIST1:chr7:19117123:CCGGCT:-","TWIST1",NA,NA,NA,"chr7:19117123","CCGGCT:-","1","Shared",3,"AM015a-X3-Cell2, AM015b-X2-Cell, AM015b_gDNA_tumour"
"1157","PD53343i","AM015b_gDNA_tumour","ADAMTS8:chr11:130405892:A:T","ADAMTS8",NA,NA,NA,"chr11:130405892","A:T","1","Private",1,"AM015b_gDNA_tumour"
"1158","PD53343i","AM015b_gDNA_tumour","ERCC6L2:chr9:96012909:G:T","ERCC6L2",NA,NA,NA,"chr9:96012909","G:T","1","Private",1,"AM015b_gDNA_tumour"
"1159","PD53343i","AM015b_gDNA_tumour","PHGDH:chr1:119727036:G:T","PHGDH",NA,NA,NA,"chr1:119727036","G:T","1","Private",1,"AM015b_gDNA_tumour"
"1160","PD53343i","AM015b_gDNA_tumour","RPH3A:chr12:112894633:A:G","RPH3A",NA,NA,NA,"chr12:112894633","A:G","1","Private",1,"AM015b_gDNA_tumour"
"1161","PD53343c_hum","AM015b-X1_gDNA_tumour","ACAP2:chr3:195285825:C:T","ACAP2",NA,NA,NA,"chr3:195285825","C:T","1","Public",6,"AM015b-X3_gDNA_tumour, AM015b-X2_gDNA_tumour, AM015a-X3-Cell2, AM015b-X2-Cell, AM015b_gDNA_tumour, AM015b-X1_gDNA_tumour"
"1162","PD53343c_hum","AM015b-X1_gDNA_tumour","ADAMTSL4:chr1:150557520:A:C","ADAMTSL4",NA,NA,NA,"chr1:150557520","A:C","1","Public",6,"AM015b-X3_gDNA_tumour, AM015b-X2_gDNA_tumour, AM015a-X3-Cell2, AM015b-X2-Cell, AM015b_gDNA_tumour, AM015b-X1_gDNA_tumour"
"1163","PD53343c_hum","AM015b-X1_gDNA_tumour","AJUBA:chr14:22981951:G:A","AJUBA",NA,NA,NA,"chr14:22981951","G:A","1","Public",6,"AM015b-X3_gDNA_tumour, AM015b-X2_gDNA_tumour, AM015a-X3-Cell2, AM015b-X2-Cell, AM015b_gDNA_tumour, AM015b-X1_gDNA_tumour"
"1164","PD53343c_hum","AM015b-X1_gDNA_tumour","AQP11:chr11:77590288:A:G","AQP11",NA,NA,NA,"chr11:77590288","A:G","1","Public",6,"AM015b-X3_gDNA_tumour, AM015b-X2_gDNA_tumour, AM015a-X3-Cell2, AM015b-X2-Cell, AM015b_gDNA_tumour, AM015b-X1_gDNA_tumour"
"1165","PD53343c_hum","AM015b-X1_gDNA_tumour","ARHGEF12:chr11:120473097:G:C","ARHGEF12","TSG, fusion","AML","","chr11:120473097","G:C","1","Public",6,"AM015b-X3_gDNA_tumour, AM015b-X2_gDNA_tumour, AM015a-X3-Cell2, AM015b-X2-Cell, AM015b_gDNA_tumour, AM015b-X1_gDNA_tumour"
"1166","PD53343c_hum","AM015b-X1_gDNA_tumour","AXIN2:chr17:65541496:T:C","AXIN2","TSG","colorectal carcinoma, stomach carcinoma, hepatocellular carcinoma","colorectal carcinoma","chr17:65541496","T:C","1","Public",6,"AM015b-X3_gDNA_tumour, AM015b-X2_gDNA_tumour, AM015a-X3-Cell2, AM015b-X2-Cell, AM015b_gDNA_tumour, AM015b-X1_gDNA_tumour"
"1167","PD53343c_hum","AM015b-X1_gDNA_tumour","BCL11B:chr14:99175069:G:A","BCL11B","oncogene, TSG, fusion","T-ALL","","chr14:99175069","G:A","1","Public",6,"AM015b-X3_gDNA_tumour, AM015b-X2_gDNA_tumour, AM015a-X3-Cell2, AM015b-X2-Cell, AM015b_gDNA_tumour, AM015b-X1_gDNA_tumour"
"1168","PD53343c_hum","AM015b-X1_gDNA_tumour","BLK:chr8:11563049:C:T","BLK",NA,NA,NA,"chr8:11563049","C:T","1","Public",6,"AM015b-X3_gDNA_tumour, AM015b-X2_gDNA_tumour, AM015a-X3-Cell2, AM015b-X2-Cell, AM015b_gDNA_tumour, AM015b-X1_gDNA_tumour"
"1169","PD53343c_hum","AM015b-X1_gDNA_tumour","BRWD1:chr21:39270325:T:C","BRWD1",NA,NA,NA,"chr21:39270325","T:C","1","Public",6,"AM015b-X3_gDNA_tumour, AM015b-X2_gDNA_tumour, AM015a-X3-Cell2, AM015b-X2-Cell, AM015b_gDNA_tumour, AM015b-X1_gDNA_tumour"
"1170","PD53343c_hum","AM015b-X1_gDNA_tumour","CCDC159:chr19:11352114:C:T","CCDC159",NA,NA,NA,"chr19:11352114","C:T","1","Public",6,"AM015b-X3_gDNA_tumour, AM015b-X2_gDNA_tumour, AM015a-X3-Cell2, AM015b-X2-Cell, AM015b_gDNA_tumour, AM015b-X1_gDNA_tumour"
"1171","PD53343c_hum","AM015b-X1_gDNA_tumour","CCT6A:chr7:56059641:G:C","CCT6A",NA,NA,NA,"chr7:56059641","G:C","1","Public",6,"AM015b-X3_gDNA_tumour, AM015b-X2_gDNA_tumour, AM015a-X3-Cell2, AM015b-X2-Cell, AM015b_gDNA_tumour, AM015b-X1_gDNA_tumour"
"1172","PD53343c_hum","AM015b-X1_gDNA_tumour","CD1C:chr1:158291245:G:T","CD1C",NA,NA,NA,"chr1:158291245","G:T","1","Public",6,"AM015b-X3_gDNA_tumour, AM015b-X2_gDNA_tumour, AM015a-X3-Cell2, AM015b-X2-Cell, AM015b_gDNA_tumour, AM015b-X1_gDNA_tumour"
"1173","PD53343c_hum","AM015b-X1_gDNA_tumour","CEACAM5:chr19:41715698:C:T","CEACAM5",NA,NA,NA,"chr19:41715698","C:T","1","Public",6,"AM015b-X3_gDNA_tumour, AM015b-X2_gDNA_tumour, AM015a-X3-Cell2, AM015b-X2-Cell, AM015b_gDNA_tumour, AM015b-X1_gDNA_tumour"
"1174","PD53343c_hum","AM015b-X1_gDNA_tumour","CEP170:chr1:243191056:A:C","CEP170",NA,NA,NA,"chr1:243191056","A:C","1","Public",6,"AM015b-X3_gDNA_tumour, AM015b-X2_gDNA_tumour, AM015a-X3-Cell2, AM015b-X2-Cell, AM015b_gDNA_tumour, AM015b-X1_gDNA_tumour"
"1175","PD53343c_hum","AM015b-X1_gDNA_tumour","CEP350:chr1:180020839:G:T","CEP350",NA,NA,NA,"chr1:180020839","G:T","1","Public",6,"AM015b-X3_gDNA_tumour, AM015b-X2_gDNA_tumour, AM015a-X3-Cell2, AM015b-X2-Cell, AM015b_gDNA_tumour, AM015b-X1_gDNA_tumour"
"1176","PD53343c_hum","AM015b-X1_gDNA_tumour","CORO7-PAM16:chr16:4364333:G:A","CORO7-PAM16",NA,NA,NA,"chr16:4364333","G:A","1","Public",6,"AM015b-X3_gDNA_tumour, AM015b-X2_gDNA_tumour, AM015a-X3-Cell2, AM015b-X2-Cell, AM015b_gDNA_tumour, AM015b-X1_gDNA_tumour"
"1177","PD53343c_hum","AM015b-X1_gDNA_tumour","CORO7:chr16:4364333:G:A","CORO7",NA,NA,NA,"chr16:4364333","G:A","1","Public",6,"AM015b-X3_gDNA_tumour, AM015b-X2_gDNA_tumour, AM015a-X3-Cell2, AM015b-X2-Cell, AM015b_gDNA_tumour, AM015b-X1_gDNA_tumour"
"1178","PD53343c_hum","AM015b-X1_gDNA_tumour","CTNNB1:chr3:41224645:T:C","CTNNB1","oncogene, fusion","colorectal, ovarian,  hepatoblastoma, pleomorphic salivary gland adenoma, other tumour types","","chr3:41224645","T:C","1","Public",6,"AM015b-X3_gDNA_tumour, AM015b-X2_gDNA_tumour, AM015a-X3-Cell2, AM015b-X2-Cell, AM015b_gDNA_tumour, AM015b-X1_gDNA_tumour"
"1179","PD53343c_hum","AM015b-X1_gDNA_tumour","DAP:chr5:10680756:G:A","DAP",NA,NA,NA,"chr5:10680756","G:A","1","Public",6,"AM015b-X3_gDNA_tumour, AM015b-X2_gDNA_tumour, AM015a-X3-Cell2, AM015b-X2-Cell, AM015b_gDNA_tumour, AM015b-X1_gDNA_tumour"
"1180","PD53343c_hum","AM015b-X1_gDNA_tumour","DAP:chr5:10680884:G:A","DAP",NA,NA,NA,"chr5:10680884","G:A","1","Public",6,"AM015b-X3_gDNA_tumour, AM015b-X2_gDNA_tumour, AM015a-X3-Cell2, AM015b-X2-Cell, AM015b_gDNA_tumour, AM015b-X1_gDNA_tumour"
"1181","PD53343c_hum","AM015b-X1_gDNA_tumour","DAP:chr5:10680924:G:A","DAP",NA,NA,NA,"chr5:10680924","G:A","1","Public",6,"AM015b-X3_gDNA_tumour, AM015b-X2_gDNA_tumour, AM015a-X3-Cell2, AM015b-X2-Cell, AM015b_gDNA_tumour, AM015b-X1_gDNA_tumour"
"1182","PD53343c_hum","AM015b-X1_gDNA_tumour","DAPK1:chr9:87646506:C:T","DAPK1",NA,NA,NA,"chr9:87646506","C:T","1","Public",6,"AM015b-X3_gDNA_tumour, AM015b-X2_gDNA_tumour, AM015a-X3-Cell2, AM015b-X2-Cell, AM015b_gDNA_tumour, AM015b-X1_gDNA_tumour"
"1183","PD53343c_hum","AM015b-X1_gDNA_tumour","DENND5A:chr11:9141965:G:A","DENND5A",NA,NA,NA,"chr11:9141965","G:A","1","Public",6,"AM015b-X3_gDNA_tumour, AM015b-X2_gDNA_tumour, AM015a-X3-Cell2, AM015b-X2-Cell, AM015b_gDNA_tumour, AM015b-X1_gDNA_tumour"
"1184","PD53343c_hum","AM015b-X1_gDNA_tumour","DNAH10:chr12:123853275:G:A","DNAH10",NA,NA,NA,"chr12:123853275","G:A","1","Public",6,"AM015b-X3_gDNA_tumour, AM015b-X2_gDNA_tumour, AM015a-X3-Cell2, AM015b-X2-Cell, AM015b_gDNA_tumour, AM015b-X1_gDNA_tumour"
"1185","PD53343c_hum","AM015b-X1_gDNA_tumour","DSN1:chr20:36762471:C:T","DSN1",NA,NA,NA,"chr20:36762471","C:T","1","Public",6,"AM015b-X3_gDNA_tumour, AM015b-X2_gDNA_tumour, AM015a-X3-Cell2, AM015b-X2-Cell, AM015b_gDNA_tumour, AM015b-X1_gDNA_tumour"
"1186","PD53343c_hum","AM015b-X1_gDNA_tumour","DVL3:chr3:184170649:C:T","DVL3",NA,NA,NA,"chr3:184170649","C:T","1","Public",6,"AM015b-X3_gDNA_tumour, AM015b-X2_gDNA_tumour, AM015a-X3-Cell2, AM015b-X2-Cell, AM015b_gDNA_tumour, AM015b-X1_gDNA_tumour"
"1187","PD53343c_hum","AM015b-X1_gDNA_tumour","ELP2:chr18:36154909:C:A","ELP2",NA,NA,NA,"chr18:36154909","C:A","1","Public",6,"AM015b-X3_gDNA_tumour, AM015b-X2_gDNA_tumour, AM015a-X3-Cell2, AM015b-X2-Cell, AM015b_gDNA_tumour, AM015b-X1_gDNA_tumour"
"1188","PD53343c_hum","AM015b-X1_gDNA_tumour","FRY:chr13:32224240:C:T","FRY",NA,NA,NA,"chr13:32224240","C:T","1","Public",6,"AM015b-X3_gDNA_tumour, AM015b-X2_gDNA_tumour, AM015a-X3-Cell2, AM015b-X2-Cell, AM015b_gDNA_tumour, AM015b-X1_gDNA_tumour"
"1189","PD53343c_hum","AM015b-X1_gDNA_tumour","GABBR2:chr9:98306269:A:G","GABBR2",NA,NA,NA,"chr9:98306269","A:G","1","Public",6,"AM015b-X3_gDNA_tumour, AM015b-X2_gDNA_tumour, AM015a-X3-Cell2, AM015b-X2-Cell, AM015b_gDNA_tumour, AM015b-X1_gDNA_tumour"
"1190","PD53343c_hum","AM015b-X1_gDNA_tumour","GALNT18:chr11:11379185:G:A","GALNT18",NA,NA,NA,"chr11:11379185","G:A","1","Public",6,"AM015b-X3_gDNA_tumour, AM015b-X2_gDNA_tumour, AM015a-X3-Cell2, AM015b-X2-Cell, AM015b_gDNA_tumour, AM015b-X1_gDNA_tumour"
"1191","PD53343c_hum","AM015b-X1_gDNA_tumour","GAPVD1:chr9:125298952:C:T","GAPVD1",NA,NA,NA,"chr9:125298952","C:T","1","Public",6,"AM015b-X3_gDNA_tumour, AM015b-X2_gDNA_tumour, AM015a-X3-Cell2, AM015b-X2-Cell, AM015b_gDNA_tumour, AM015b-X1_gDNA_tumour"
"1192","PD53343c_hum","AM015b-X1_gDNA_tumour","GLT8D1:chr3:52697887:G:A","GLT8D1",NA,NA,NA,"chr3:52697887","G:A","1","Public",6,"AM015b-X3_gDNA_tumour, AM015b-X2_gDNA_tumour, AM015a-X3-Cell2, AM015b-X2-Cell, AM015b_gDNA_tumour, AM015b-X1_gDNA_tumour"
"1193","PD53343c_hum","AM015b-X1_gDNA_tumour","GNL1:chr6:30547403:-:A","GNL1",NA,NA,NA,"chr6:30547403","-:A","1","Public",6,"AM015b-X3_gDNA_tumour, AM015b-X2_gDNA_tumour, AM015a-X3-Cell2, AM015b-X2-Cell, AM015b_gDNA_tumour, AM015b-X1_gDNA_tumour"
"1194","PD53343c_hum","AM015b-X1_gDNA_tumour","GNL1:chr6:30547425:A:G","GNL1",NA,NA,NA,"chr6:30547425","A:G","1","Public",6,"AM015b-X3_gDNA_tumour, AM015b-X2_gDNA_tumour, AM015a-X3-Cell2, AM015b-X2-Cell, AM015b_gDNA_tumour, AM015b-X1_gDNA_tumour"
"1195","PD53343c_hum","AM015b-X1_gDNA_tumour","H2BC10:chr6:26273265:C:T","H2BC10",NA,NA,NA,"chr6:26273265","C:T","1","Public",6,"AM015b-X3_gDNA_tumour, AM015b-X2_gDNA_tumour, AM015a-X3-Cell2, AM015b-X2-Cell, AM015b_gDNA_tumour, AM015b-X1_gDNA_tumour"
"1196","PD53343c_hum","AM015b-X1_gDNA_tumour","HDLBP:chr2:241230890:C:T","HDLBP",NA,NA,NA,"chr2:241230890","C:T","1","Public",6,"AM015b-X3_gDNA_tumour, AM015b-X2_gDNA_tumour, AM015a-X3-Cell2, AM015b-X2-Cell, AM015b_gDNA_tumour, AM015b-X1_gDNA_tumour"
"1197","PD53343c_hum","AM015b-X1_gDNA_tumour","HEPHL1:chr11:94088916:C:T","HEPHL1",NA,NA,NA,"chr11:94088916","C:T","1","Public",6,"AM015b-X3_gDNA_tumour, AM015b-X2_gDNA_tumour, AM015a-X3-Cell2, AM015b-X2-Cell, AM015b_gDNA_tumour, AM015b-X1_gDNA_tumour"
"1198","PD53343c_hum","AM015b-X1_gDNA_tumour","IFIT2:chr10:89306959:C:T","IFIT2",NA,NA,NA,"chr10:89306959","C:T","1","Public",6,"AM015b-X3_gDNA_tumour, AM015b-X2_gDNA_tumour, AM015a-X3-Cell2, AM015b-X2-Cell, AM015b_gDNA_tumour, AM015b-X1_gDNA_tumour"
"1199","PD53343c_hum","AM015b-X1_gDNA_tumour","IRF2BPL:chr14:77025781:C:T","IRF2BPL",NA,NA,NA,"chr14:77025781","C:T","1","Public",6,"AM015b-X3_gDNA_tumour, AM015b-X2_gDNA_tumour, AM015a-X3-Cell2, AM015b-X2-Cell, AM015b_gDNA_tumour, AM015b-X1_gDNA_tumour"
"1200","PD53343c_hum","AM015b-X1_gDNA_tumour","ITGA3:chr17:50089140:C:T","ITGA3",NA,NA,NA,"chr17:50089140","C:T","1","Public",6,"AM015b-X3_gDNA_tumour, AM015b-X2_gDNA_tumour, AM015a-X3-Cell2, AM015b-X2-Cell, AM015b_gDNA_tumour, AM015b-X1_gDNA_tumour"
"1201","PD53343c_hum","AM015b-X1_gDNA_tumour","JAKMIP3:chr10:132104900:A:G","JAKMIP3",NA,NA,NA,"chr10:132104900","A:G","1","Public",6,"AM015b-X3_gDNA_tumour, AM015b-X2_gDNA_tumour, AM015a-X3-Cell2, AM015b-X2-Cell, AM015b_gDNA_tumour, AM015b-X1_gDNA_tumour"
"1202","PD53343c_hum","AM015b-X1_gDNA_tumour","KCNA5:chr12:5045933:T:C","KCNA5",NA,NA,NA,"chr12:5045933","T:C","1","Public",6,"AM015b-X3_gDNA_tumour, AM015b-X2_gDNA_tumour, AM015a-X3-Cell2, AM015b-X2-Cell, AM015b_gDNA_tumour, AM015b-X1_gDNA_tumour"
"1203","PD53343c_hum","AM015b-X1_gDNA_tumour","KCNK9:chr8:139618629:C:T","KCNK9",NA,NA,NA,"chr8:139618629","C:T","1","Public",6,"AM015b-X3_gDNA_tumour, AM015b-X2_gDNA_tumour, AM015a-X3-Cell2, AM015b-X2-Cell, AM015b_gDNA_tumour, AM015b-X1_gDNA_tumour"
"1204","PD53343c_hum","AM015b-X1_gDNA_tumour","KCTD3:chr1:215620302:C:T","KCTD3",NA,NA,NA,"chr1:215620302","C:T","1","Public",6,"AM015b-X3_gDNA_tumour, AM015b-X2_gDNA_tumour, AM015a-X3-Cell2, AM015b-X2-Cell, AM015b_gDNA_tumour, AM015b-X1_gDNA_tumour"
"1205","PD53343c_hum","AM015b-X1_gDNA_tumour","KIT:chr4:54727495:T:C","KIT","oncogene","GIST, AML, TGCT, mastocytosis, mucosal melanoma","GIST, epithelioma","chr4:54727495","T:C","1","Public",6,"AM015b-X3_gDNA_tumour, AM015b-X2_gDNA_tumour, AM015a-X3-Cell2, AM015b-X2-Cell, AM015b_gDNA_tumour, AM015b-X1_gDNA_tumour"
"1206","PD53343c_hum","AM015b-X1_gDNA_tumour","KRT27:chr17:40782224:G:T","KRT27",NA,NA,NA,"chr17:40782224","G:T","1","Public",6,"AM015b-X3_gDNA_tumour, AM015b-X2_gDNA_tumour, AM015a-X3-Cell2, AM015b-X2-Cell, AM015b_gDNA_tumour, AM015b-X1_gDNA_tumour"
"1207","PD53343c_hum","AM015b-X1_gDNA_tumour","LRTM1:chr3:54925004:C:A","LRTM1",NA,NA,NA,"chr3:54925004","C:A","1","Public",6,"AM015b-X3_gDNA_tumour, AM015b-X2_gDNA_tumour, AM015a-X3-Cell2, AM015b-X2-Cell, AM015b_gDNA_tumour, AM015b-X1_gDNA_tumour"
"1208","PD53343c_hum","AM015b-X1_gDNA_tumour","MAN1C1:chr1:25778154:T:C","MAN1C1",NA,NA,NA,"chr1:25778154","T:C","1","Public",6,"AM015b-X3_gDNA_tumour, AM015b-X2_gDNA_tumour, AM015a-X3-Cell2, AM015b-X2-Cell, AM015b_gDNA_tumour, AM015b-X1_gDNA_tumour"
"1209","PD53343c_hum","AM015b-X1_gDNA_tumour","MAPKAPK3:chr3:50617648:-:G","MAPKAPK3",NA,NA,NA,"chr3:50617648","-:G","1","Public",6,"AM015b-X3_gDNA_tumour, AM015b-X2_gDNA_tumour, AM015a-X3-Cell2, AM015b-X2-Cell, AM015b_gDNA_tumour, AM015b-X1_gDNA_tumour"
"1210","PD53343c_hum","AM015b-X1_gDNA_tumour","MGP:chr12:14884228:C:T","MGP",NA,NA,NA,"chr12:14884228","C:T","1","Public",6,"AM015b-X3_gDNA_tumour, AM015b-X2_gDNA_tumour, AM015a-X3-Cell2, AM015b-X2-Cell, AM015b_gDNA_tumour, AM015b-X1_gDNA_tumour"
"1211","PD53343c_hum","AM015b-X1_gDNA_tumour","MMP2:chr16:55484117:G:A","MMP2",NA,NA,NA,"chr16:55484117","G:A","1","Public",6,"AM015b-X3_gDNA_tumour, AM015b-X2_gDNA_tumour, AM015a-X3-Cell2, AM015b-X2-Cell, AM015b_gDNA_tumour, AM015b-X1_gDNA_tumour"
"1212","PD53343c_hum","AM015b-X1_gDNA_tumour","MYO10:chr5:16762044:C:G","MYO10",NA,NA,NA,"chr5:16762044","C:G","1","Public",6,"AM015b-X3_gDNA_tumour, AM015b-X2_gDNA_tumour, AM015a-X3-Cell2, AM015b-X2-Cell, AM015b_gDNA_tumour, AM015b-X1_gDNA_tumour"
"1213","PD53343c_hum","AM015b-X1_gDNA_tumour","MYO9B:chr19:17172763:T:C","MYO9B",NA,NA,NA,"chr19:17172763","T:C","1","Public",6,"AM015b-X3_gDNA_tumour, AM015b-X2_gDNA_tumour, AM015a-X3-Cell2, AM015b-X2-Cell, AM015b_gDNA_tumour, AM015b-X1_gDNA_tumour"
"1214","PD53343c_hum","AM015b-X1_gDNA_tumour","NXF3:chrX:103077648:G:A","NXF3",NA,NA,NA,"chrX:103077648","G:A","1","Public",6,"AM015b-X3_gDNA_tumour, AM015b-X2_gDNA_tumour, AM015a-X3-Cell2, AM015b-X2-Cell, AM015b_gDNA_tumour, AM015b-X1_gDNA_tumour"
"1215","PD53343c_hum","AM015b-X1_gDNA_tumour","OR52D1:chr11:5489629:T:A","OR52D1",NA,NA,NA,"chr11:5489629","T:A","1","Public",6,"AM015b-X3_gDNA_tumour, AM015b-X2_gDNA_tumour, AM015a-X3-Cell2, AM015b-X2-Cell, AM015b_gDNA_tumour, AM015b-X1_gDNA_tumour"
"1216","PD53343c_hum","AM015b-X1_gDNA_tumour","OR7E24:chr19:9251483:C:T","OR7E24",NA,NA,NA,"chr19:9251483","C:T","1","Public",6,"AM015b-X3_gDNA_tumour, AM015b-X2_gDNA_tumour, AM015a-X3-Cell2, AM015b-X2-Cell, AM015b_gDNA_tumour, AM015b-X1_gDNA_tumour"
"1217","PD53343c_hum","AM015b-X1_gDNA_tumour","PCLO:chr7:82953870:AA:-","PCLO",NA,NA,NA,"chr7:82953870","AA:-","1","Public",6,"AM015b-X3_gDNA_tumour, AM015b-X2_gDNA_tumour, AM015a-X3-Cell2, AM015b-X2-Cell, AM015b_gDNA_tumour, AM015b-X1_gDNA_tumour"
"1218","PD53343c_hum","AM015b-X1_gDNA_tumour","PHF20L1:chr8:132816943:A:T","PHF20L1",NA,NA,NA,"chr8:132816943","A:T","1","Public",6,"AM015b-X3_gDNA_tumour, AM015b-X2_gDNA_tumour, AM015a-X3-Cell2, AM015b-X2-Cell, AM015b_gDNA_tumour, AM015b-X1_gDNA_tumour"
"1219","PD53343c_hum","AM015b-X1_gDNA_tumour","PLEKHA6:chr1:204257862:T:C","PLEKHA6",NA,NA,NA,"chr1:204257862","T:C","1","Public",6,"AM015b-X3_gDNA_tumour, AM015b-X2_gDNA_tumour, AM015a-X3-Cell2, AM015b-X2-Cell, AM015b_gDNA_tumour, AM015b-X1_gDNA_tumour"
"1220","PD53343c_hum","AM015b-X1_gDNA_tumour","POM121L2:chr6:27309929:G:A","POM121L2",NA,NA,NA,"chr6:27309929","G:A","1","Public",6,"AM015b-X3_gDNA_tumour, AM015b-X2_gDNA_tumour, AM015a-X3-Cell2, AM015b-X2-Cell, AM015b_gDNA_tumour, AM015b-X1_gDNA_tumour"
"1221","PD53343c_hum","AM015b-X1_gDNA_tumour","PPP4R4:chr14:94265884:C:G","PPP4R4",NA,NA,NA,"chr14:94265884","C:G","1","Public",6,"AM015b-X3_gDNA_tumour, AM015b-X2_gDNA_tumour, AM015a-X3-Cell2, AM015b-X2-Cell, AM015b_gDNA_tumour, AM015b-X1_gDNA_tumour"
"1222","PD53343c_hum","AM015b-X1_gDNA_tumour","PTPN11:chr12:112489106:G:C","PTPN11","oncogene","JMML, AML, MDS","","chr12:112489106","G:C","1","Public",6,"AM015b-X3_gDNA_tumour, AM015b-X2_gDNA_tumour, AM015a-X3-Cell2, AM015b-X2-Cell, AM015b_gDNA_tumour, AM015b-X1_gDNA_tumour"
"1223","PD53343c_hum","AM015b-X1_gDNA_tumour","RADX:chrX:106639602:T:A","RADX",NA,NA,NA,"chrX:106639602","T:A","1","Public",6,"AM015b-X3_gDNA_tumour, AM015b-X2_gDNA_tumour, AM015a-X3-Cell2, AM015b-X2-Cell, AM015b_gDNA_tumour, AM015b-X1_gDNA_tumour"
"1224","PD53343c_hum","AM015b-X1_gDNA_tumour","RFC1:chr4:39303067:C:A","RFC1",NA,NA,NA,"chr4:39303067","C:A","1","Public",6,"AM015b-X3_gDNA_tumour, AM015b-X2_gDNA_tumour, AM015a-X3-Cell2, AM015b-X2-Cell, AM015b_gDNA_tumour, AM015b-X1_gDNA_tumour"
"1225","PD53343c_hum","AM015b-X1_gDNA_tumour","RNPC3:chr1:103546977:G:C","RNPC3",NA,NA,NA,"chr1:103546977","G:C","1","Public",6,"AM015b-X3_gDNA_tumour, AM015b-X2_gDNA_tumour, AM015a-X3-Cell2, AM015b-X2-Cell, AM015b_gDNA_tumour, AM015b-X1_gDNA_tumour"
"1226","PD53343c_hum","AM015b-X1_gDNA_tumour","ROBO3:chr11:124873041:C:T","ROBO3",NA,NA,NA,"chr11:124873041","C:T","1","Public",6,"AM015b-X3_gDNA_tumour, AM015b-X2_gDNA_tumour, AM015a-X3-Cell2, AM015b-X2-Cell, AM015b_gDNA_tumour, AM015b-X1_gDNA_tumour"
"1227","PD53343c_hum","AM015b-X1_gDNA_tumour","RP1:chr8:54622190:G:A","RP1",NA,NA,NA,"chr8:54622190","G:A","1","Public",6,"AM015b-X3_gDNA_tumour, AM015b-X2_gDNA_tumour, AM015a-X3-Cell2, AM015b-X2-Cell, AM015b_gDNA_tumour, AM015b-X1_gDNA_tumour"
"1228","PD53343c_hum","AM015b-X1_gDNA_tumour","SCN11A:chr3:38904075:G:A","SCN11A",NA,NA,NA,"chr3:38904075","G:A","1","Public",6,"AM015b-X3_gDNA_tumour, AM015b-X2_gDNA_tumour, AM015a-X3-Cell2, AM015b-X2-Cell, AM015b_gDNA_tumour, AM015b-X1_gDNA_tumour"
"1229","PD53343c_hum","AM015b-X1_gDNA_tumour","SEPTIN3:chr22:41989662:A:G","SEPTIN3",NA,NA,NA,"chr22:41989662","A:G","1","Public",6,"AM015b-X3_gDNA_tumour, AM015b-X2_gDNA_tumour, AM015a-X3-Cell2, AM015b-X2-Cell, AM015b_gDNA_tumour, AM015b-X1_gDNA_tumour"
"1230","PD53343c_hum","AM015b-X1_gDNA_tumour","SFTPA2:chr10:79559317:G:A","SFTPA2",NA,NA,NA,"chr10:79559317","G:A","1","Public",6,"AM015b-X3_gDNA_tumour, AM015b-X2_gDNA_tumour, AM015a-X3-Cell2, AM015b-X2-Cell, AM015b_gDNA_tumour, AM015b-X1_gDNA_tumour"
"1231","PD53343c_hum","AM015b-X1_gDNA_tumour","SGPP2:chr2:222558371:A:C","SGPP2",NA,NA,NA,"chr2:222558371","A:C","1","Public",6,"AM015b-X3_gDNA_tumour, AM015b-X2_gDNA_tumour, AM015a-X3-Cell2, AM015b-X2-Cell, AM015b_gDNA_tumour, AM015b-X1_gDNA_tumour"
"1232","PD53343c_hum","AM015b-X1_gDNA_tumour","SH3TC1:chr4:8205207:C:G","SH3TC1",NA,NA,NA,"chr4:8205207","C:G","1","Public",6,"AM015b-X3_gDNA_tumour, AM015b-X2_gDNA_tumour, AM015a-X3-Cell2, AM015b-X2-Cell, AM015b_gDNA_tumour, AM015b-X1_gDNA_tumour"
"1233","PD53343c_hum","AM015b-X1_gDNA_tumour","SLC16A14:chr2:230046345:C:T","SLC16A14",NA,NA,NA,"chr2:230046345","C:T","1","Public",6,"AM015b-X3_gDNA_tumour, AM015b-X2_gDNA_tumour, AM015a-X3-Cell2, AM015b-X2-Cell, AM015b_gDNA_tumour, AM015b-X1_gDNA_tumour"
"1234","PD53343c_hum","AM015b-X1_gDNA_tumour","SLC7A7:chr14:22780010:T:C","SLC7A7",NA,NA,NA,"chr14:22780010","T:C","1","Public",6,"AM015b-X3_gDNA_tumour, AM015b-X2_gDNA_tumour, AM015a-X3-Cell2, AM015b-X2-Cell, AM015b_gDNA_tumour, AM015b-X1_gDNA_tumour"
"1235","PD53343c_hum","AM015b-X1_gDNA_tumour","SLC9A3:chr5:488471:G:A","SLC9A3",NA,NA,NA,"chr5:488471","G:A","1","Public",6,"AM015b-X3_gDNA_tumour, AM015b-X2_gDNA_tumour, AM015a-X3-Cell2, AM015b-X2-Cell, AM015b_gDNA_tumour, AM015b-X1_gDNA_tumour"
"1236","PD53343c_hum","AM015b-X1_gDNA_tumour","SOWAHA:chr5:132813809:A:G","SOWAHA",NA,NA,NA,"chr5:132813809","A:G","1","Public",6,"AM015b-X3_gDNA_tumour, AM015b-X2_gDNA_tumour, AM015a-X3-Cell2, AM015b-X2-Cell, AM015b_gDNA_tumour, AM015b-X1_gDNA_tumour"
"1237","PD53343c_hum","AM015b-X1_gDNA_tumour","SPANXB1:chrX:141003529:G:A","SPANXB1",NA,NA,NA,"chrX:141003529","G:A","1","Public",6,"AM015b-X3_gDNA_tumour, AM015b-X2_gDNA_tumour, AM015a-X3-Cell2, AM015b-X2-Cell, AM015b_gDNA_tumour, AM015b-X1_gDNA_tumour"
"1238","PD53343c_hum","AM015b-X1_gDNA_tumour","SPATS1:chr6:44368496:C:T","SPATS1",NA,NA,NA,"chr6:44368496","C:T","1","Public",6,"AM015b-X3_gDNA_tumour, AM015b-X2_gDNA_tumour, AM015a-X3-Cell2, AM015b-X2-Cell, AM015b_gDNA_tumour, AM015b-X1_gDNA_tumour"
"1239","PD53343c_hum","AM015b-X1_gDNA_tumour","SUCLA2:chr13:47996858:T:C","SUCLA2",NA,NA,NA,"chr13:47996858","T:C","1","Public",6,"AM015b-X3_gDNA_tumour, AM015b-X2_gDNA_tumour, AM015a-X3-Cell2, AM015b-X2-Cell, AM015b_gDNA_tumour, AM015b-X1_gDNA_tumour"
"1240","PD53343c_hum","AM015b-X1_gDNA_tumour","SYNGAP1:chr6:33441241:A:C","SYNGAP1",NA,NA,NA,"chr6:33441241","A:C","1","Public",6,"AM015b-X3_gDNA_tumour, AM015b-X2_gDNA_tumour, AM015a-X3-Cell2, AM015b-X2-Cell, AM015b_gDNA_tumour, AM015b-X1_gDNA_tumour"
"1241","PD53343c_hum","AM015b-X1_gDNA_tumour","TAS2R46:chr12:11062229:A:T","TAS2R46",NA,NA,NA,"chr12:11062229","A:T","1","Public",6,"AM015b-X3_gDNA_tumour, AM015b-X2_gDNA_tumour, AM015a-X3-Cell2, AM015b-X2-Cell, AM015b_gDNA_tumour, AM015b-X1_gDNA_tumour"
"1242","PD53343c_hum","AM015b-X1_gDNA_tumour","TCTEX1D1:chr1:66777309:T:C","TCTEX1D1",NA,NA,NA,"chr1:66777309","T:C","1","Public",6,"AM015b-X3_gDNA_tumour, AM015b-X2_gDNA_tumour, AM015a-X3-Cell2, AM015b-X2-Cell, AM015b_gDNA_tumour, AM015b-X1_gDNA_tumour"
"1243","PD53343c_hum","AM015b-X1_gDNA_tumour","TMC6:chr17:78126310:G:T","TMC6",NA,NA,NA,"chr17:78126310","G:T","1","Public",6,"AM015b-X3_gDNA_tumour, AM015b-X2_gDNA_tumour, AM015a-X3-Cell2, AM015b-X2-Cell, AM015b_gDNA_tumour, AM015b-X1_gDNA_tumour"
"1244","PD53343c_hum","AM015b-X1_gDNA_tumour","TNRC18:chr7:5374287:G:A","TNRC18",NA,NA,NA,"chr7:5374287","G:A","1","Public",6,"AM015b-X3_gDNA_tumour, AM015b-X2_gDNA_tumour, AM015a-X3-Cell2, AM015b-X2-Cell, AM015b_gDNA_tumour, AM015b-X1_gDNA_tumour"
"1245","PD53343c_hum","AM015b-X1_gDNA_tumour","TTN:chr2:178620579:C:T","TTN",NA,NA,NA,"chr2:178620579","C:T","1","Public",6,"AM015b-X3_gDNA_tumour, AM015b-X2_gDNA_tumour, AM015a-X3-Cell2, AM015b-X2-Cell, AM015b_gDNA_tumour, AM015b-X1_gDNA_tumour"
"1246","PD53343c_hum","AM015b-X1_gDNA_tumour","TUBGCP5:chr15:23022100:C:T","TUBGCP5",NA,NA,NA,"chr15:23022100","C:T","1","Public",6,"AM015b-X3_gDNA_tumour, AM015b-X2_gDNA_tumour, AM015a-X3-Cell2, AM015b-X2-Cell, AM015b_gDNA_tumour, AM015b-X1_gDNA_tumour"
"1247","PD53343c_hum","AM015b-X1_gDNA_tumour","TUT4:chr1:52446376:G:A","TUT4",NA,NA,NA,"chr1:52446376","G:A","1","Public",6,"AM015b-X3_gDNA_tumour, AM015b-X2_gDNA_tumour, AM015a-X3-Cell2, AM015b-X2-Cell, AM015b_gDNA_tumour, AM015b-X1_gDNA_tumour"
"1248","PD53343c_hum","AM015b-X1_gDNA_tumour","TWNK:chr10:100989136:G:A","TWNK",NA,NA,NA,"chr10:100989136","G:A","1","Public",6,"AM015b-X3_gDNA_tumour, AM015b-X2_gDNA_tumour, AM015a-X3-Cell2, AM015b-X2-Cell, AM015b_gDNA_tumour, AM015b-X1_gDNA_tumour"
"1249","PD53343c_hum","AM015b-X1_gDNA_tumour","TYK2:chr19:10359256:C:A","TYK2",NA,NA,NA,"chr19:10359256","C:A","1","Public",6,"AM015b-X3_gDNA_tumour, AM015b-X2_gDNA_tumour, AM015a-X3-Cell2, AM015b-X2-Cell, AM015b_gDNA_tumour, AM015b-X1_gDNA_tumour"
"1250","PD53343c_hum","AM015b-X1_gDNA_tumour","UBE2V2:chr8:48049980:T:A","UBE2V2",NA,NA,NA,"chr8:48049980","T:A","1","Public",6,"AM015b-X3_gDNA_tumour, AM015b-X2_gDNA_tumour, AM015a-X3-Cell2, AM015b-X2-Cell, AM015b_gDNA_tumour, AM015b-X1_gDNA_tumour"
"1251","PD53343c_hum","AM015b-X1_gDNA_tumour","VCAM1:chr1:100731334:G:A","VCAM1",NA,NA,NA,"chr1:100731334","G:A","1","Public",6,"AM015b-X3_gDNA_tumour, AM015b-X2_gDNA_tumour, AM015a-X3-Cell2, AM015b-X2-Cell, AM015b_gDNA_tumour, AM015b-X1_gDNA_tumour"
"1252","PD53343c_hum","AM015b-X1_gDNA_tumour","WIPI2:chr7:5217986:G:T","WIPI2",NA,NA,NA,"chr7:5217986","G:T","1","Public",6,"AM015b-X3_gDNA_tumour, AM015b-X2_gDNA_tumour, AM015a-X3-Cell2, AM015b-X2-Cell, AM015b_gDNA_tumour, AM015b-X1_gDNA_tumour"
"1253","PD53343c_hum","AM015b-X1_gDNA_tumour","ZNF225:chr19:44132440:C:T","ZNF225",NA,NA,NA,"chr19:44132440","C:T","1","Public",6,"AM015b-X3_gDNA_tumour, AM015b-X2_gDNA_tumour, AM015a-X3-Cell2, AM015b-X2-Cell, AM015b_gDNA_tumour, AM015b-X1_gDNA_tumour"
"1254","PD53343c_hum","AM015b-X1_gDNA_tumour","ZNF510:chr9:96776040:A:T","ZNF510",NA,NA,NA,"chr9:96776040","A:T","1","Public",6,"AM015b-X3_gDNA_tumour, AM015b-X2_gDNA_tumour, AM015a-X3-Cell2, AM015b-X2-Cell, AM015b_gDNA_tumour, AM015b-X1_gDNA_tumour"
"1255","PD53343c_hum","AM015b-X1_gDNA_tumour","ZUP1:chr6:116651659:-:C","ZUP1",NA,NA,NA,"chr6:116651659","-:C","1","Public",6,"AM015b-X3_gDNA_tumour, AM015b-X2_gDNA_tumour, AM015a-X3-Cell2, AM015b-X2-Cell, AM015b_gDNA_tumour, AM015b-X1_gDNA_tumour"
"1256","PD53343c_hum","AM015b-X1_gDNA_tumour","ZZEF1:chr17:4056226:T:A","ZZEF1",NA,NA,NA,"chr17:4056226","T:A","1","Public",6,"AM015b-X3_gDNA_tumour, AM015b-X2_gDNA_tumour, AM015a-X3-Cell2, AM015b-X2-Cell, AM015b_gDNA_tumour, AM015b-X1_gDNA_tumour"
"1257","PD53343c_hum","AM015b-X1_gDNA_tumour","MZT1:chr13:72719065:C:T","MZT1",NA,NA,NA,"chr13:72719065","C:T","1","Shared",5,"AM015b-X3_gDNA_tumour, AM015b-X2_gDNA_tumour, AM015a-X3-Cell2, AM015b-X2-Cell, AM015b-X1_gDNA_tumour"
"1258","PD53343c_hum","AM015b-X1_gDNA_tumour","TNKS:chr8:9555964:C:T","TNKS",NA,NA,NA,"chr8:9555964","C:T","1","Shared",5,"AM015b-X3_gDNA_tumour, AM015b-X2_gDNA_tumour, AM015a-X3-Cell2, AM015b_gDNA_tumour, AM015b-X1_gDNA_tumour"
"1259","PD53343c_hum","AM015b-X1_gDNA_tumour","WNK1:chr12:885847:A:G","WNK1",NA,NA,NA,"chr12:885847","A:G","1","Shared",5,"AM015b-X3_gDNA_tumour, AM015b-X2_gDNA_tumour, AM015a-X3-Cell2, AM015b_gDNA_tumour, AM015b-X1_gDNA_tumour"
"1260","PD53343c_hum","AM015b-X1_gDNA_tumour","XDH:chr2:31366033:C:G","XDH",NA,NA,NA,"chr2:31366033","C:G","1","Shared",5,"AM015b-X3_gDNA_tumour, AM015b-X2_gDNA_tumour, AM015a-X3-Cell2, AM015b_gDNA_tumour, AM015b-X1_gDNA_tumour"
"1261","PD53343c_hum","AM015b-X1_gDNA_tumour","ALKBH8:chr11:107504818:C:T","ALKBH8",NA,NA,NA,"chr11:107504818","C:T","1","Shared",4,"AM015b-X3_gDNA_tumour, AM015b-X2_gDNA_tumour, AM015a-X3-Cell2, AM015b-X1_gDNA_tumour"
"1262","PD53343c_hum","AM015b-X1_gDNA_tumour","CREBBP:chr16:3792089:G:-","CREBBP","oncogene, TSG, fusion","ALL, AML, DLBCL, B-NHL","","chr16:3792089","G:-","1","Shared",5,"AM015b-X3_gDNA_tumour, AM015b-X2_gDNA_tumour, AM015b-X2-Cell, AM015b_gDNA_tumour, AM015b-X1_gDNA_tumour"
"1263","PD53343c_hum","AM015b-X1_gDNA_tumour","LAMA1:chr18:7042215:A:G","LAMA1",NA,NA,NA,"chr18:7042215","A:G","1","Shared",5,"AM015b-X3_gDNA_tumour, AM015b-X2_gDNA_tumour, AM015b-X2-Cell, AM015b_gDNA_tumour, AM015b-X1_gDNA_tumour"
"1264","PD53343c_hum","AM015b-X1_gDNA_tumour","MEOX2:chr7:15686359:G:A","MEOX2",NA,NA,NA,"chr7:15686359","G:A","1","Shared",5,"AM015b-X3_gDNA_tumour, AM015b-X2_gDNA_tumour, AM015b-X2-Cell, AM015b_gDNA_tumour, AM015b-X1_gDNA_tumour"
"1265","PD53343c_hum","AM015b-X1_gDNA_tumour","PLXNB2:chr22:50276628:C:G","PLXNB2",NA,NA,NA,"chr22:50276628","C:G","1","Shared",5,"AM015b-X3_gDNA_tumour, AM015b-X2_gDNA_tumour, AM015b-X2-Cell, AM015b_gDNA_tumour, AM015b-X1_gDNA_tumour"
"1266","PD53343c_hum","AM015b-X1_gDNA_tumour","SLC5A3:chr21:34095572:A:G","SLC5A3",NA,NA,NA,"chr21:34095572","A:G","1","Shared",5,"AM015b-X3_gDNA_tumour, AM015b-X2_gDNA_tumour, AM015b-X2-Cell, AM015b_gDNA_tumour, AM015b-X1_gDNA_tumour"
"1267","PD53343c_hum","AM015b-X1_gDNA_tumour","TSPAN15:chr10:69451662:C:T","TSPAN15",NA,NA,NA,"chr10:69451662","C:T","1","Shared",5,"AM015b-X3_gDNA_tumour, AM015b-X2_gDNA_tumour, AM015b-X2-Cell, AM015b_gDNA_tumour, AM015b-X1_gDNA_tumour"
"1268","PD53343c_hum","AM015b-X1_gDNA_tumour","URGCP:chr7:43878107:C:T","URGCP",NA,NA,NA,"chr7:43878107","C:T","1","Shared",5,"AM015b-X3_gDNA_tumour, AM015b-X2_gDNA_tumour, AM015b-X2-Cell, AM015b_gDNA_tumour, AM015b-X1_gDNA_tumour"
"1269","PD53343c_hum","AM015b-X1_gDNA_tumour","USP54:chr10:73504920:C:T","USP54",NA,NA,NA,"chr10:73504920","C:T","1","Shared",5,"AM015b-X3_gDNA_tumour, AM015b-X2_gDNA_tumour, AM015b-X2-Cell, AM015b_gDNA_tumour, AM015b-X1_gDNA_tumour"
"1270","PD53343c_hum","AM015b-X1_gDNA_tumour","WNK4:chr17:42785347:C:T","WNK4",NA,NA,NA,"chr17:42785347","C:T","1","Shared",5,"AM015b-X3_gDNA_tumour, AM015b-X2_gDNA_tumour, AM015b-X2-Cell, AM015b_gDNA_tumour, AM015b-X1_gDNA_tumour"
"1271","PD53343c_hum","AM015b-X1_gDNA_tumour","ZNF449:chrX:135347165:G:C","ZNF449",NA,NA,NA,"chrX:135347165","G:C","1","Shared",5,"AM015b-X3_gDNA_tumour, AM015b-X2_gDNA_tumour, AM015b-X2-Cell, AM015b_gDNA_tumour, AM015b-X1_gDNA_tumour"
"1272","PD53343c_hum","AM015b-X1_gDNA_tumour","DAP:chr5:10680908:G:A","DAP",NA,NA,NA,"chr5:10680908","G:A","1","Shared",4,"AM015b-X3_gDNA_tumour, AM015b-X2_gDNA_tumour, AM015b-X2-Cell, AM015b-X1_gDNA_tumour"
"1273","PD53343c_hum","AM015b-X1_gDNA_tumour","PRDM5:chr4:120798414:G:C","PRDM5",NA,NA,NA,"chr4:120798414","G:C","1","Shared",4,"AM015b-X3_gDNA_tumour, AM015b-X2_gDNA_tumour, AM015b-X2-Cell, AM015b-X1_gDNA_tumour"
"1276","PD53343c_hum","AM015b-X1_gDNA_tumour","ARHGAP5:chr14:32090812:A:C","ARHGAP5","oncogene","colon cancer, glioma","","chr14:32090812","A:C","1","Shared",3,"AM015b-X3_gDNA_tumour, AM015b-X2_gDNA_tumour, AM015b-X1_gDNA_tumour"
"1277","PD53343c_hum","AM015b-X1_gDNA_tumour","MGAM2:chr7:142166153:G:T","MGAM2",NA,NA,NA,"chr7:142166153","G:T","1","Shared",3,"AM015b-X3_gDNA_tumour, AM015b-X2_gDNA_tumour, AM015b-X1_gDNA_tumour"
"1278","PD53343c_hum","AM015b-X1_gDNA_tumour","SPEN:chr1:15932157:G:-","SPEN","TSG","SMZL, adenoid cystic carcinoma, DLBCL","","chr1:15932157","G:-","1","Shared",3,"AM015b-X3_gDNA_tumour, AM015b-X2_gDNA_tumour, AM015b-X1_gDNA_tumour"
"1279","PD53343c_hum","AM015b-X1_gDNA_tumour","YTHDF2:chr1:28742741:T:C","YTHDF2",NA,NA,NA,"chr1:28742741","T:C","1","Shared",3,"AM015b-X3_gDNA_tumour, AM015b-X2_gDNA_tumour, AM015b-X1_gDNA_tumour"
"1295","PD53343c_hum","AM015b-X1_gDNA_tumour","SLC14A1:chr18:45730309:G:A","SLC14A1",NA,NA,NA,"chr18:45730309","G:A","1","Shared",5,"AM015b-X3_gDNA_tumour, AM015a-X3-Cell2, AM015b-X2-Cell, AM015b_gDNA_tumour, AM015b-X1_gDNA_tumour"
"1312","PD53343c_hum","AM015b-X1_gDNA_tumour","TNRC18:chr7:5374266:G:A","TNRC18",NA,NA,NA,"chr7:5374266","G:A","1","Shared",5,"AM015b-X2_gDNA_tumour, AM015a-X3-Cell2, AM015b-X2-Cell, AM015b_gDNA_tumour, AM015b-X1_gDNA_tumour"
"1313","PD53343c_hum","AM015b-X1_gDNA_tumour","AL031178.2:chr6:53065619:G:A","AL031178.2",NA,NA,NA,"chr6:53065619","G:A","1","Shared",4,"AM015b-X2_gDNA_tumour, AM015b-X2-Cell, AM015b_gDNA_tumour, AM015b-X1_gDNA_tumour"
"1314","PD53343c_hum","AM015b-X1_gDNA_tumour","DNAH6:chr2:84594057:G:T","DNAH6",NA,NA,NA,"chr2:84594057","G:T","1","Shared",4,"AM015b-X2_gDNA_tumour, AM015b-X2-Cell, AM015b_gDNA_tumour, AM015b-X1_gDNA_tumour"
"1327","PD53343c_hum","AM015b-X1_gDNA_tumour","ASAP1:chr8:130128021:-:GCACTCT","ASAP1",NA,NA,NA,"chr8:130128021","-:GCACTCT","1","Shared",4,"AM015a-X3-Cell2, AM015b-X2-Cell, AM015b_gDNA_tumour, AM015b-X1_gDNA_tumour"
"1369","PD53343c_hum","AM015b-X1_gDNA_tumour","INTS2:chr17:61921809:C:A","INTS2",NA,NA,NA,"chr17:61921809","C:A","1","Shared",2,"AM015b-X2-Cell, AM015b-X1_gDNA_tumour"
