sample,event,gene,cosmic_cgc_role_in_cancer,cosmic_cgc_tumour_types_somatic,cosmic_cgc_tumour_types_germline,location,mutation,mutation_status_in_sample,mutation_type,n_samples_mutation_is_present,sample_ids_mutation_is_present
AM015b-X3,ACAP2:chr3:195285825:C:T,ACAP2,NA,NA,NA,chr3:195285825,C:T,1,Public,6,AM015b-X3/AM015b-X2/AM015b-X2-Cell/AM015b-X2-Cell2/AM015b/AM015b-X1
AM015b-X3,ADAMTSL4:chr1:150557520:A:C,ADAMTSL4,NA,NA,NA,chr1:150557520,A:C,1,Public,6,AM015b-X3/AM015b-X2/AM015b-X2-Cell/AM015b-X2-Cell2/AM015b/AM015b-X1
AM015b-X3,AJUBA:chr14:22981951:G:A,AJUBA,NA,NA,NA,chr14:22981951,G:A,1,Public,6,AM015b-X3/AM015b-X2/AM015b-X2-Cell/AM015b-X2-Cell2/AM015b/AM015b-X1
AM015b-X3,AQP11:chr11:77590288:A:G,AQP11,NA,NA,NA,chr11:77590288,A:G,1,Public,6,AM015b-X3/AM015b-X2/AM015b-X2-Cell/AM015b-X2-Cell2/AM015b/AM015b-X1
AM015b-X3,ARHGEF12:chr11:120473097:G:C,ARHGEF12,"TSG, fusion",AML,,chr11:120473097,G:C,1,Public,6,AM015b-X3/AM015b-X2/AM015b-X2-Cell/AM015b-X2-Cell2/AM015b/AM015b-X1
AM015b-X3,AXIN2:chr17:65541496:T:C,AXIN2,TSG,colorectal carcinoma/stomach carcinoma/hepatocellular carcinoma,colorectal carcinoma,chr17:65541496,T:C,1,Public,6,AM015b-X3/AM015b-X2/AM015b-X2-Cell/AM015b-X2-Cell2/AM015b/AM015b-X1
AM015b-X3,BCL11B:chr14:99175069:G:A,BCL11B,"oncogene, TSG, fusion",T-ALL,,chr14:99175069,G:A,1,Public,6,AM015b-X3/AM015b-X2/AM015b-X2-Cell/AM015b-X2-Cell2/AM015b/AM015b-X1
AM015b-X3,BLK:chr8:11563049:C:T,BLK,NA,NA,NA,chr8:11563049,C:T,1,Public,6,AM015b-X3/AM015b-X2/AM015b-X2-Cell/AM015b-X2-Cell2/AM015b/AM015b-X1
AM015b-X3,BRWD1:chr21:39270325:T:C,BRWD1,NA,NA,NA,chr21:39270325,T:C,1,Public,6,AM015b-X3/AM015b-X2/AM015b-X2-Cell/AM015b-X2-Cell2/AM015b/AM015b-X1
AM015b-X3,CCDC159:chr19:11352114:C:T,CCDC159,NA,NA,NA,chr19:11352114,C:T,1,Public,6,AM015b-X3/AM015b-X2/AM015b-X2-Cell/AM015b-X2-Cell2/AM015b/AM015b-X1
AM015b-X3,CCT6A:chr7:56059641:G:C,CCT6A,NA,NA,NA,chr7:56059641,G:C,1,Public,6,AM015b-X3/AM015b-X2/AM015b-X2-Cell/AM015b-X2-Cell2/AM015b/AM015b-X1
AM015b-X3,CD1C:chr1:158291245:G:T,CD1C,NA,NA,NA,chr1:158291245,G:T,1,Public,6,AM015b-X3/AM015b-X2/AM015b-X2-Cell/AM015b-X2-Cell2/AM015b/AM015b-X1
AM015b-X3,CEACAM5:chr19:41715698:C:T,CEACAM5,NA,NA,NA,chr19:41715698,C:T,1,Public,6,AM015b-X3/AM015b-X2/AM015b-X2-Cell/AM015b-X2-Cell2/AM015b/AM015b-X1
AM015b-X3,CEP170:chr1:243191056:A:C,CEP170,NA,NA,NA,chr1:243191056,A:C,1,Public,6,AM015b-X3/AM015b-X2/AM015b-X2-Cell/AM015b-X2-Cell2/AM015b/AM015b-X1
AM015b-X3,CEP350:chr1:180020839:G:T,CEP350,NA,NA,NA,chr1:180020839,G:T,1,Public,6,AM015b-X3/AM015b-X2/AM015b-X2-Cell/AM015b-X2-Cell2/AM015b/AM015b-X1
AM015b-X3,CORO7-PAM16:chr16:4364333:G:A,CORO7-PAM16,NA,NA,NA,chr16:4364333,G:A,1,Public,6,AM015b-X3/AM015b-X2/AM015b-X2-Cell/AM015b-X2-Cell2/AM015b/AM015b-X1
AM015b-X3,CORO7:chr16:4364333:G:A,CORO7,NA,NA,NA,chr16:4364333,G:A,1,Public,6,AM015b-X3/AM015b-X2/AM015b-X2-Cell/AM015b-X2-Cell2/AM015b/AM015b-X1
AM015b-X3,CREBBP:chr16:3792089:G:-,CREBBP,"oncogene, TSG, fusion",ALL/AML/DLBCL/B-NHL,,chr16:3792089,G:-,1,Public,6,AM015b-X3/AM015b-X2/AM015b-X2-Cell/AM015b-X2-Cell2/AM015b/AM015b-X1
AM015b-X3,CTNNB1:chr3:41224645:T:C,CTNNB1,"oncogene, fusion",colorectal/ovarian/ hepatoblastoma/pleomorphic salivary gland adenoma/other tumour types,,chr3:41224645,T:C,1,Public,6,AM015b-X3/AM015b-X2/AM015b-X2-Cell/AM015b-X2-Cell2/AM015b/AM015b-X1
AM015b-X3,DAP:chr5:10680756:G:A,DAP,NA,NA,NA,chr5:10680756,G:A,1,Public,6,AM015b-X3/AM015b-X2/AM015b-X2-Cell/AM015b-X2-Cell2/AM015b/AM015b-X1
AM015b-X3,DAP:chr5:10680884:G:A,DAP,NA,NA,NA,chr5:10680884,G:A,1,Public,6,AM015b-X3/AM015b-X2/AM015b-X2-Cell/AM015b-X2-Cell2/AM015b/AM015b-X1
AM015b-X3,DAP:chr5:10680924:G:A,DAP,NA,NA,NA,chr5:10680924,G:A,1,Public,6,AM015b-X3/AM015b-X2/AM015b-X2-Cell/AM015b-X2-Cell2/AM015b/AM015b-X1
AM015b-X3,DAPK1:chr9:87646506:C:T,DAPK1,NA,NA,NA,chr9:87646506,C:T,1,Public,6,AM015b-X3/AM015b-X2/AM015b-X2-Cell/AM015b-X2-Cell2/AM015b/AM015b-X1
AM015b-X3,DENND5A:chr11:9141965:G:A,DENND5A,NA,NA,NA,chr11:9141965,G:A,1,Public,6,AM015b-X3/AM015b-X2/AM015b-X2-Cell/AM015b-X2-Cell2/AM015b/AM015b-X1
AM015b-X3,DNAH10:chr12:123853275:G:A,DNAH10,NA,NA,NA,chr12:123853275,G:A,1,Public,6,AM015b-X3/AM015b-X2/AM015b-X2-Cell/AM015b-X2-Cell2/AM015b/AM015b-X1
AM015b-X3,DSN1:chr20:36762471:C:T,DSN1,NA,NA,NA,chr20:36762471,C:T,1,Public,6,AM015b-X3/AM015b-X2/AM015b-X2-Cell/AM015b-X2-Cell2/AM015b/AM015b-X1
AM015b-X3,DVL3:chr3:184170649:C:T,DVL3,NA,NA,NA,chr3:184170649,C:T,1,Public,6,AM015b-X3/AM015b-X2/AM015b-X2-Cell/AM015b-X2-Cell2/AM015b/AM015b-X1
AM015b-X3,ELP2:chr18:36154909:C:A,ELP2,NA,NA,NA,chr18:36154909,C:A,1,Public,6,AM015b-X3/AM015b-X2/AM015b-X2-Cell/AM015b-X2-Cell2/AM015b/AM015b-X1
AM015b-X3,FRY:chr13:32224240:C:T,FRY,NA,NA,NA,chr13:32224240,C:T,1,Public,6,AM015b-X3/AM015b-X2/AM015b-X2-Cell/AM015b-X2-Cell2/AM015b/AM015b-X1
AM015b-X3,GABBR2:chr9:98306269:A:G,GABBR2,NA,NA,NA,chr9:98306269,A:G,1,Public,6,AM015b-X3/AM015b-X2/AM015b-X2-Cell/AM015b-X2-Cell2/AM015b/AM015b-X1
AM015b-X3,GALNT18:chr11:11379185:G:A,GALNT18,NA,NA,NA,chr11:11379185,G:A,1,Public,6,AM015b-X3/AM015b-X2/AM015b-X2-Cell/AM015b-X2-Cell2/AM015b/AM015b-X1
AM015b-X3,GAPVD1:chr9:125298952:C:T,GAPVD1,NA,NA,NA,chr9:125298952,C:T,1,Public,6,AM015b-X3/AM015b-X2/AM015b-X2-Cell/AM015b-X2-Cell2/AM015b/AM015b-X1
AM015b-X3,GLT8D1:chr3:52697887:G:A,GLT8D1,NA,NA,NA,chr3:52697887,G:A,1,Public,6,AM015b-X3/AM015b-X2/AM015b-X2-Cell/AM015b-X2-Cell2/AM015b/AM015b-X1
AM015b-X3,GNL1:chr6:30547403:-:A,GNL1,NA,NA,NA,chr6:30547403,-:A,1,Public,6,AM015b-X3/AM015b-X2/AM015b-X2-Cell/AM015b-X2-Cell2/AM015b/AM015b-X1
AM015b-X3,GNL1:chr6:30547425:A:G,GNL1,NA,NA,NA,chr6:30547425,A:G,1,Public,6,AM015b-X3/AM015b-X2/AM015b-X2-Cell/AM015b-X2-Cell2/AM015b/AM015b-X1
AM015b-X3,H2BC10:chr6:26273265:C:T,H2BC10,NA,NA,NA,chr6:26273265,C:T,1,Public,6,AM015b-X3/AM015b-X2/AM015b-X2-Cell/AM015b-X2-Cell2/AM015b/AM015b-X1
AM015b-X3,HDLBP:chr2:241230890:C:T,HDLBP,NA,NA,NA,chr2:241230890,C:T,1,Public,6,AM015b-X3/AM015b-X2/AM015b-X2-Cell/AM015b-X2-Cell2/AM015b/AM015b-X1
AM015b-X3,HEPHL1:chr11:94088916:C:T,HEPHL1,NA,NA,NA,chr11:94088916,C:T,1,Public,6,AM015b-X3/AM015b-X2/AM015b-X2-Cell/AM015b-X2-Cell2/AM015b/AM015b-X1
AM015b-X3,IFIT2:chr10:89306959:C:T,IFIT2,NA,NA,NA,chr10:89306959,C:T,1,Public,6,AM015b-X3/AM015b-X2/AM015b-X2-Cell/AM015b-X2-Cell2/AM015b/AM015b-X1
AM015b-X3,IRF2BPL:chr14:77025781:C:T,IRF2BPL,NA,NA,NA,chr14:77025781,C:T,1,Public,6,AM015b-X3/AM015b-X2/AM015b-X2-Cell/AM015b-X2-Cell2/AM015b/AM015b-X1
AM015b-X3,ITGA3:chr17:50089140:C:T,ITGA3,NA,NA,NA,chr17:50089140,C:T,1,Public,6,AM015b-X3/AM015b-X2/AM015b-X2-Cell/AM015b-X2-Cell2/AM015b/AM015b-X1
AM015b-X3,JAKMIP3:chr10:132104900:A:G,JAKMIP3,NA,NA,NA,chr10:132104900,A:G,1,Public,6,AM015b-X3/AM015b-X2/AM015b-X2-Cell/AM015b-X2-Cell2/AM015b/AM015b-X1
AM015b-X3,KCNA5:chr12:5045933:T:C,KCNA5,NA,NA,NA,chr12:5045933,T:C,1,Public,6,AM015b-X3/AM015b-X2/AM015b-X2-Cell/AM015b-X2-Cell2/AM015b/AM015b-X1
AM015b-X3,KCNK9:chr8:139618629:C:T,KCNK9,NA,NA,NA,chr8:139618629,C:T,1,Public,6,AM015b-X3/AM015b-X2/AM015b-X2-Cell/AM015b-X2-Cell2/AM015b/AM015b-X1
AM015b-X3,KCTD3:chr1:215620302:C:T,KCTD3,NA,NA,NA,chr1:215620302,C:T,1,Public,6,AM015b-X3/AM015b-X2/AM015b-X2-Cell/AM015b-X2-Cell2/AM015b/AM015b-X1
AM015b-X3,KIT:chr4:54727495:T:C,KIT,oncogene,GIST/AML/TGCT/mastocytosis/mucosal melanoma,GIST/epithelioma,chr4:54727495,T:C,1,Public,6,AM015b-X3/AM015b-X2/AM015b-X2-Cell/AM015b-X2-Cell2/AM015b/AM015b-X1
AM015b-X3,KRT27:chr17:40782224:G:T,KRT27,NA,NA,NA,chr17:40782224,G:T,1,Public,6,AM015b-X3/AM015b-X2/AM015b-X2-Cell/AM015b-X2-Cell2/AM015b/AM015b-X1
AM015b-X3,LAMA1:chr18:7042215:A:G,LAMA1,NA,NA,NA,chr18:7042215,A:G,1,Public,6,AM015b-X3/AM015b-X2/AM015b-X2-Cell/AM015b-X2-Cell2/AM015b/AM015b-X1
AM015b-X3,LRTM1:chr3:54925004:C:A,LRTM1,NA,NA,NA,chr3:54925004,C:A,1,Public,6,AM015b-X3/AM015b-X2/AM015b-X2-Cell/AM015b-X2-Cell2/AM015b/AM015b-X1
AM015b-X3,MAN1C1:chr1:25778154:T:C,MAN1C1,NA,NA,NA,chr1:25778154,T:C,1,Public,6,AM015b-X3/AM015b-X2/AM015b-X2-Cell/AM015b-X2-Cell2/AM015b/AM015b-X1
AM015b-X3,MAPKAPK3:chr3:50617648:-:G,MAPKAPK3,NA,NA,NA,chr3:50617648,-:G,1,Public,6,AM015b-X3/AM015b-X2/AM015b-X2-Cell/AM015b-X2-Cell2/AM015b/AM015b-X1
AM015b-X3,MEOX2:chr7:15686359:G:A,MEOX2,NA,NA,NA,chr7:15686359,G:A,1,Public,6,AM015b-X3/AM015b-X2/AM015b-X2-Cell/AM015b-X2-Cell2/AM015b/AM015b-X1
AM015b-X3,MGP:chr12:14884228:C:T,MGP,NA,NA,NA,chr12:14884228,C:T,1,Public,6,AM015b-X3/AM015b-X2/AM015b-X2-Cell/AM015b-X2-Cell2/AM015b/AM015b-X1
AM015b-X3,MMP2:chr16:55484117:G:A,MMP2,NA,NA,NA,chr16:55484117,G:A,1,Public,6,AM015b-X3/AM015b-X2/AM015b-X2-Cell/AM015b-X2-Cell2/AM015b/AM015b-X1
AM015b-X3,MYO10:chr5:16762044:C:G,MYO10,NA,NA,NA,chr5:16762044,C:G,1,Public,6,AM015b-X3/AM015b-X2/AM015b-X2-Cell/AM015b-X2-Cell2/AM015b/AM015b-X1
AM015b-X3,MYO9B:chr19:17172763:T:C,MYO9B,NA,NA,NA,chr19:17172763,T:C,1,Public,6,AM015b-X3/AM015b-X2/AM015b-X2-Cell/AM015b-X2-Cell2/AM015b/AM015b-X1
AM015b-X3,NXF3:chrX:103077648:G:A,NXF3,NA,NA,NA,chrX:103077648,G:A,1,Public,6,AM015b-X3/AM015b-X2/AM015b-X2-Cell/AM015b-X2-Cell2/AM015b/AM015b-X1
AM015b-X3,OR52D1:chr11:5489629:T:A,OR52D1,NA,NA,NA,chr11:5489629,T:A,1,Public,6,AM015b-X3/AM015b-X2/AM015b-X2-Cell/AM015b-X2-Cell2/AM015b/AM015b-X1
AM015b-X3,OR7E24:chr19:9251483:C:T,OR7E24,NA,NA,NA,chr19:9251483,C:T,1,Public,6,AM015b-X3/AM015b-X2/AM015b-X2-Cell/AM015b-X2-Cell2/AM015b/AM015b-X1
AM015b-X3,PCLO:chr7:82953870:AA:-,PCLO,NA,NA,NA,chr7:82953870,AA:-,1,Public,6,AM015b-X3/AM015b-X2/AM015b-X2-Cell/AM015b-X2-Cell2/AM015b/AM015b-X1
AM015b-X3,PHF20L1:chr8:132816943:A:T,PHF20L1,NA,NA,NA,chr8:132816943,A:T,1,Public,6,AM015b-X3/AM015b-X2/AM015b-X2-Cell/AM015b-X2-Cell2/AM015b/AM015b-X1
AM015b-X3,PLEKHA6:chr1:204257862:T:C,PLEKHA6,NA,NA,NA,chr1:204257862,T:C,1,Public,6,AM015b-X3/AM015b-X2/AM015b-X2-Cell/AM015b-X2-Cell2/AM015b/AM015b-X1
AM015b-X3,PLXNB2:chr22:50276628:C:G,PLXNB2,NA,NA,NA,chr22:50276628,C:G,1,Public,6,AM015b-X3/AM015b-X2/AM015b-X2-Cell/AM015b-X2-Cell2/AM015b/AM015b-X1
AM015b-X3,POM121L2:chr6:27309929:G:A,POM121L2,NA,NA,NA,chr6:27309929,G:A,1,Public,6,AM015b-X3/AM015b-X2/AM015b-X2-Cell/AM015b-X2-Cell2/AM015b/AM015b-X1
AM015b-X3,PPP4R4:chr14:94265884:C:G,PPP4R4,NA,NA,NA,chr14:94265884,C:G,1,Public,6,AM015b-X3/AM015b-X2/AM015b-X2-Cell/AM015b-X2-Cell2/AM015b/AM015b-X1
AM015b-X3,PTPN11:chr12:112489106:G:C,PTPN11,oncogene,JMML/AML/MDS,,chr12:112489106,G:C,1,Public,6,AM015b-X3/AM015b-X2/AM015b-X2-Cell/AM015b-X2-Cell2/AM015b/AM015b-X1
AM015b-X3,RADX:chrX:106639602:T:A,RADX,NA,NA,NA,chrX:106639602,T:A,1,Public,6,AM015b-X3/AM015b-X2/AM015b-X2-Cell/AM015b-X2-Cell2/AM015b/AM015b-X1
AM015b-X3,RFC1:chr4:39303067:C:A,RFC1,NA,NA,NA,chr4:39303067,C:A,1,Public,6,AM015b-X3/AM015b-X2/AM015b-X2-Cell/AM015b-X2-Cell2/AM015b/AM015b-X1
AM015b-X3,RNPC3:chr1:103546977:G:C,RNPC3,NA,NA,NA,chr1:103546977,G:C,1,Public,6,AM015b-X3/AM015b-X2/AM015b-X2-Cell/AM015b-X2-Cell2/AM015b/AM015b-X1
AM015b-X3,ROBO3:chr11:124873041:C:T,ROBO3,NA,NA,NA,chr11:124873041,C:T,1,Public,6,AM015b-X3/AM015b-X2/AM015b-X2-Cell/AM015b-X2-Cell2/AM015b/AM015b-X1
AM015b-X3,RP1:chr8:54622190:G:A,RP1,NA,NA,NA,chr8:54622190,G:A,1,Public,6,AM015b-X3/AM015b-X2/AM015b-X2-Cell/AM015b-X2-Cell2/AM015b/AM015b-X1
AM015b-X3,SCN11A:chr3:38904075:G:A,SCN11A,NA,NA,NA,chr3:38904075,G:A,1,Public,6,AM015b-X3/AM015b-X2/AM015b-X2-Cell/AM015b-X2-Cell2/AM015b/AM015b-X1
AM015b-X3,SEPTIN3:chr22:41989662:A:G,SEPTIN3,NA,NA,NA,chr22:41989662,A:G,1,Public,6,AM015b-X3/AM015b-X2/AM015b-X2-Cell/AM015b-X2-Cell2/AM015b/AM015b-X1
AM015b-X3,SFTPA2:chr10:79559317:G:A,SFTPA2,NA,NA,NA,chr10:79559317,G:A,1,Public,6,AM015b-X3/AM015b-X2/AM015b-X2-Cell/AM015b-X2-Cell2/AM015b/AM015b-X1
AM015b-X3,SGPP2:chr2:222558371:A:C,SGPP2,NA,NA,NA,chr2:222558371,A:C,1,Public,6,AM015b-X3/AM015b-X2/AM015b-X2-Cell/AM015b-X2-Cell2/AM015b/AM015b-X1
AM015b-X3,SH3TC1:chr4:8205207:C:G,SH3TC1,NA,NA,NA,chr4:8205207,C:G,1,Public,6,AM015b-X3/AM015b-X2/AM015b-X2-Cell/AM015b-X2-Cell2/AM015b/AM015b-X1
AM015b-X3,SLC16A14:chr2:230046345:C:T,SLC16A14,NA,NA,NA,chr2:230046345,C:T,1,Public,6,AM015b-X3/AM015b-X2/AM015b-X2-Cell/AM015b-X2-Cell2/AM015b/AM015b-X1
AM015b-X3,SLC5A3:chr21:34095572:A:G,SLC5A3,NA,NA,NA,chr21:34095572,A:G,1,Public,6,AM015b-X3/AM015b-X2/AM015b-X2-Cell/AM015b-X2-Cell2/AM015b/AM015b-X1
AM015b-X3,SLC7A7:chr14:22780010:T:C,SLC7A7,NA,NA,NA,chr14:22780010,T:C,1,Public,6,AM015b-X3/AM015b-X2/AM015b-X2-Cell/AM015b-X2-Cell2/AM015b/AM015b-X1
AM015b-X3,SLC9A3:chr5:488471:G:A,SLC9A3,NA,NA,NA,chr5:488471,G:A,1,Public,6,AM015b-X3/AM015b-X2/AM015b-X2-Cell/AM015b-X2-Cell2/AM015b/AM015b-X1
AM015b-X3,SOWAHA:chr5:132813809:A:G,SOWAHA,NA,NA,NA,chr5:132813809,A:G,1,Public,6,AM015b-X3/AM015b-X2/AM015b-X2-Cell/AM015b-X2-Cell2/AM015b/AM015b-X1
AM015b-X3,SPANXB1:chrX:141003529:G:A,SPANXB1,NA,NA,NA,chrX:141003529,G:A,1,Public,6,AM015b-X3/AM015b-X2/AM015b-X2-Cell/AM015b-X2-Cell2/AM015b/AM015b-X1
AM015b-X3,SPATS1:chr6:44368496:C:T,SPATS1,NA,NA,NA,chr6:44368496,C:T,1,Public,6,AM015b-X3/AM015b-X2/AM015b-X2-Cell/AM015b-X2-Cell2/AM015b/AM015b-X1
AM015b-X3,SUCLA2:chr13:47996858:T:C,SUCLA2,NA,NA,NA,chr13:47996858,T:C,1,Public,6,AM015b-X3/AM015b-X2/AM015b-X2-Cell/AM015b-X2-Cell2/AM015b/AM015b-X1
AM015b-X3,SYNGAP1:chr6:33441241:A:C,SYNGAP1,NA,NA,NA,chr6:33441241,A:C,1,Public,6,AM015b-X3/AM015b-X2/AM015b-X2-Cell/AM015b-X2-Cell2/AM015b/AM015b-X1
AM015b-X3,TAS2R46:chr12:11062229:A:T,TAS2R46,NA,NA,NA,chr12:11062229,A:T,1,Public,6,AM015b-X3/AM015b-X2/AM015b-X2-Cell/AM015b-X2-Cell2/AM015b/AM015b-X1
AM015b-X3,TCTEX1D1:chr1:66777309:T:C,TCTEX1D1,NA,NA,NA,chr1:66777309,T:C,1,Public,6,AM015b-X3/AM015b-X2/AM015b-X2-Cell/AM015b-X2-Cell2/AM015b/AM015b-X1
AM015b-X3,TMC6:chr17:78126310:G:T,TMC6,NA,NA,NA,chr17:78126310,G:T,1,Public,6,AM015b-X3/AM015b-X2/AM015b-X2-Cell/AM015b-X2-Cell2/AM015b/AM015b-X1
AM015b-X3,TNRC18:chr7:5374287:G:A,TNRC18,NA,NA,NA,chr7:5374287,G:A,1,Public,6,AM015b-X3/AM015b-X2/AM015b-X2-Cell/AM015b-X2-Cell2/AM015b/AM015b-X1
AM015b-X3,TSPAN15:chr10:69451662:C:T,TSPAN15,NA,NA,NA,chr10:69451662,C:T,1,Public,6,AM015b-X3/AM015b-X2/AM015b-X2-Cell/AM015b-X2-Cell2/AM015b/AM015b-X1
AM015b-X3,TTN:chr2:178620579:C:T,TTN,NA,NA,NA,chr2:178620579,C:T,1,Public,6,AM015b-X3/AM015b-X2/AM015b-X2-Cell/AM015b-X2-Cell2/AM015b/AM015b-X1
AM015b-X3,TUBGCP5:chr15:23022100:C:T,TUBGCP5,NA,NA,NA,chr15:23022100,C:T,1,Public,6,AM015b-X3/AM015b-X2/AM015b-X2-Cell/AM015b-X2-Cell2/AM015b/AM015b-X1
AM015b-X3,TUT4:chr1:52446376:G:A,TUT4,NA,NA,NA,chr1:52446376,G:A,1,Public,6,AM015b-X3/AM015b-X2/AM015b-X2-Cell/AM015b-X2-Cell2/AM015b/AM015b-X1
AM015b-X3,TWNK:chr10:100989136:G:A,TWNK,NA,NA,NA,chr10:100989136,G:A,1,Public,6,AM015b-X3/AM015b-X2/AM015b-X2-Cell/AM015b-X2-Cell2/AM015b/AM015b-X1
AM015b-X3,TYK2:chr19:10359256:C:A,TYK2,NA,NA,NA,chr19:10359256,C:A,1,Public,6,AM015b-X3/AM015b-X2/AM015b-X2-Cell/AM015b-X2-Cell2/AM015b/AM015b-X1
AM015b-X3,UBE2V2:chr8:48049980:T:A,UBE2V2,NA,NA,NA,chr8:48049980,T:A,1,Public,6,AM015b-X3/AM015b-X2/AM015b-X2-Cell/AM015b-X2-Cell2/AM015b/AM015b-X1
AM015b-X3,URGCP:chr7:43878107:C:T,URGCP,NA,NA,NA,chr7:43878107,C:T,1,Public,6,AM015b-X3/AM015b-X2/AM015b-X2-Cell/AM015b-X2-Cell2/AM015b/AM015b-X1
AM015b-X3,USP54:chr10:73504920:C:T,USP54,NA,NA,NA,chr10:73504920,C:T,1,Public,6,AM015b-X3/AM015b-X2/AM015b-X2-Cell/AM015b-X2-Cell2/AM015b/AM015b-X1
AM015b-X3,VCAM1:chr1:100731334:G:A,VCAM1,NA,NA,NA,chr1:100731334,G:A,1,Public,6,AM015b-X3/AM015b-X2/AM015b-X2-Cell/AM015b-X2-Cell2/AM015b/AM015b-X1
AM015b-X3,WIPI2:chr7:5217986:G:T,WIPI2,NA,NA,NA,chr7:5217986,G:T,1,Public,6,AM015b-X3/AM015b-X2/AM015b-X2-Cell/AM015b-X2-Cell2/AM015b/AM015b-X1
AM015b-X3,WNK4:chr17:42785347:C:T,WNK4,NA,NA,NA,chr17:42785347,C:T,1,Public,6,AM015b-X3/AM015b-X2/AM015b-X2-Cell/AM015b-X2-Cell2/AM015b/AM015b-X1
AM015b-X3,ZNF225:chr19:44132440:C:T,ZNF225,NA,NA,NA,chr19:44132440,C:T,1,Public,6,AM015b-X3/AM015b-X2/AM015b-X2-Cell/AM015b-X2-Cell2/AM015b/AM015b-X1
AM015b-X3,ZNF449:chrX:135347165:G:C,ZNF449,NA,NA,NA,chrX:135347165,G:C,1,Public,6,AM015b-X3/AM015b-X2/AM015b-X2-Cell/AM015b-X2-Cell2/AM015b/AM015b-X1
AM015b-X3,ZNF510:chr9:96776040:A:T,ZNF510,NA,NA,NA,chr9:96776040,A:T,1,Public,6,AM015b-X3/AM015b-X2/AM015b-X2-Cell/AM015b-X2-Cell2/AM015b/AM015b-X1
AM015b-X3,ZUP1:chr6:116651659:-:C,ZUP1,NA,NA,NA,chr6:116651659,-:C,1,Public,6,AM015b-X3/AM015b-X2/AM015b-X2-Cell/AM015b-X2-Cell2/AM015b/AM015b-X1
AM015b-X3,ZZEF1:chr17:4056226:T:A,ZZEF1,NA,NA,NA,chr17:4056226,T:A,1,Public,6,AM015b-X3/AM015b-X2/AM015b-X2-Cell/AM015b-X2-Cell2/AM015b/AM015b-X1
AM015b-X3,DAP:chr5:10680908:G:A,DAP,NA,NA,NA,chr5:10680908,G:A,1,Shared,5,AM015b-X3/AM015b-X2/AM015b-X2-Cell/AM015b-X2-Cell2/AM015b-X1
AM015b-X3,MZT1:chr13:72719065:C:T,MZT1,NA,NA,NA,chr13:72719065,C:T,1,Shared,5,AM015b-X3/AM015b-X2/AM015b-X2-Cell/AM015b-X2-Cell2/AM015b-X1
AM015b-X3,PRDM5:chr4:120798414:G:C,PRDM5,NA,NA,NA,chr4:120798414,G:C,1,Shared,5,AM015b-X3/AM015b-X2/AM015b-X2-Cell/AM015b-X2-Cell2/AM015b-X1
AM015b-X3,CELSR1:chr22:46536643:G:A,CELSR1,NA,NA,NA,chr22:46536643,G:A,1,Shared,3,AM015b-X3/AM015b-X2/AM015b-X2-Cell
AM015b-X3,TNKS:chr8:9555964:C:T,TNKS,NA,NA,NA,chr8:9555964,C:T,1,Shared,4,AM015b-X3/AM015b-X2/AM015b/AM015b-X1
AM015b-X3,WNK1:chr12:885847:A:G,WNK1,NA,NA,NA,chr12:885847,A:G,1,Shared,4,AM015b-X3/AM015b-X2/AM015b/AM015b-X1
AM015b-X3,XDH:chr2:31366033:C:G,XDH,NA,NA,NA,chr2:31366033,C:G,1,Shared,4,AM015b-X3/AM015b-X2/AM015b/AM015b-X1
AM015b-X3,SFTPA1:chr10:79611992:C:T,SFTPA1,NA,NA,NA,chr10:79611992,C:T,1,Shared,3,AM015b-X3/AM015b-X2/AM015b
AM015b-X3,ALKBH8:chr11:107504818:C:T,ALKBH8,NA,NA,NA,chr11:107504818,C:T,1,Shared,3,AM015b-X3/AM015b-X2/AM015b-X1
AM015b-X3,ARHGAP5:chr14:32090812:A:C,ARHGAP5,oncogene,colon cancer/glioma,,chr14:32090812,A:C,1,Shared,3,AM015b-X3/AM015b-X2/AM015b-X1
AM015b-X3,MGAM2:chr7:142166153:G:T,MGAM2,NA,NA,NA,chr7:142166153,G:T,1,Shared,3,AM015b-X3/AM015b-X2/AM015b-X1
AM015b-X3,SPEN:chr1:15932157:G:-,SPEN,TSG,SMZL/adenoid cystic carcinoma/DLBCL,,chr1:15932157,G:-,1,Shared,3,AM015b-X3/AM015b-X2/AM015b-X1
AM015b-X3,YTHDF2:chr1:28742741:T:C,YTHDF2,NA,NA,NA,chr1:28742741,T:C,1,Shared,3,AM015b-X3/AM015b-X2/AM015b-X1
AM015b-X3,PPP1CC:chr12:110722539:A:G,PPP1CC,NA,NA,NA,chr12:110722539,A:G,1,Shared,2,AM015b-X3/AM015b-X2
AM015b-X3,PPP1CC:chr12:110722648:G:T,PPP1CC,NA,NA,NA,chr12:110722648,G:T,1,Shared,2,AM015b-X3/AM015b-X2
AM015b-X3,PPP2R5A:chr1:212329231:G:T,PPP2R5A,NA,NA,NA,chr1:212329231,G:T,1,Shared,2,AM015b-X3/AM015b-X2
AM015b-X3,PUM1:chr1:31059390:C:T,PUM1,NA,NA,NA,chr1:31059390,C:T,1,Shared,2,AM015b-X3/AM015b-X2
AM015b-X3,UBE2N:chr12:93411132:G:T,UBE2N,NA,NA,NA,chr12:93411132,G:T,1,Shared,2,AM015b-X3/AM015b-X2
AM015b-X3,UBE2N:chr12:93411204:A:G,UBE2N,NA,NA,NA,chr12:93411204,A:G,1,Shared,2,AM015b-X3/AM015b-X2
AM015b-X3,UBE2N:chr12:93411255:G:T,UBE2N,NA,NA,NA,chr12:93411255,G:T,1,Shared,2,AM015b-X3/AM015b-X2
AM015b-X3,UBE2N:chr12:93411261:G:A,UBE2N,NA,NA,NA,chr12:93411261,G:A,1,Shared,2,AM015b-X3/AM015b-X2
AM015b-X3,YTHDF2:chr1:28742642:C:T,YTHDF2,NA,NA,NA,chr1:28742642,C:T,1,Shared,2,AM015b-X3/AM015b-X2
AM015b-X3,YTHDF2:chr1:28742705:G:A,YTHDF2,NA,NA,NA,chr1:28742705,G:A,1,Shared,2,AM015b-X3/AM015b-X2
AM015b-X3,YTHDF2:chr1:28742729:T:C,YTHDF2,NA,NA,NA,chr1:28742729,T:C,1,Shared,2,AM015b-X3/AM015b-X2
AM015b-X3,YTHDF2:chr1:28742804:G:A,YTHDF2,NA,NA,NA,chr1:28742804,G:A,1,Shared,2,AM015b-X3/AM015b-X2
AM015b-X3,YTHDF2:chr1:28743764:G:A,YTHDF2,NA,NA,NA,chr1:28743764,G:A,1,Shared,2,AM015b-X3/AM015b-X2
AM015b-X3,YTHDF2:chr1:28743812:C:T,YTHDF2,NA,NA,NA,chr1:28743812,C:T,1,Shared,2,AM015b-X3/AM015b-X2
AM015b-X3,YTHDF2:chr1:28743878:G:A,YTHDF2,NA,NA,NA,chr1:28743878,G:A,1,Shared,2,AM015b-X3/AM015b-X2
AM015b-X3,SLC14A1:chr18:45730309:G:A,SLC14A1,NA,NA,NA,chr18:45730309,G:A,1,Shared,5,AM015b-X3/AM015b-X2-Cell/AM015b-X2-Cell2/AM015b/AM015b-X1
AM015b-X3,AC093246.1:chr5:171420096:GCG:-,AC093246.1,NA,NA,NA,chr5:171420096,GCG:-,1,Private,1,AM015b-X3
AM015b-X3,ANO5:chr11:22257710:C:T,ANO5,NA,NA,NA,chr11:22257710,C:T,1,Private,1,AM015b-X3
AM015b-X3,DMD:chrX:32346054:T:A,DMD,NA,NA,NA,chrX:32346054,T:A,1,Private,1,AM015b-X3
AM015b-X3,FNBP4:chr11:47723193:A:C,FNBP4,NA,NA,NA,chr11:47723193,A:C,1,Private,1,AM015b-X3
AM015b-X3,ITLN1:chr1:160881206:G:A,ITLN1,NA,NA,NA,chr1:160881206,G:A,1,Private,1,AM015b-X3
AM015b-X3,ONECUT2:chr18:57435823:C:T,ONECUT2,NA,NA,NA,chr18:57435823,C:T,1,Private,1,AM015b-X3
AM015b-X3,PCDH10:chr4:133150838:C:G,PCDH10,NA,NA,NA,chr4:133150838,C:G,1,Private,1,AM015b-X3
AM015b-X3,PUM1:chr1:31059420:T:C,PUM1,NA,NA,NA,chr1:31059420,T:C,1,Private,1,AM015b-X3
AM015b-X3,YTHDF2:chr1:28742666:A:T,YTHDF2,NA,NA,NA,chr1:28742666,A:T,1,Private,1,AM015b-X3
AM015b-X3,YTHDF2:chr1:28743317:C:T,YTHDF2,NA,NA,NA,chr1:28743317,C:T,1,Private,1,AM015b-X3
AM015b-X3,YTHDF2:chr1:28743398:T:G,YTHDF2,NA,NA,NA,chr1:28743398,T:G,1,Private,1,AM015b-X3
AM015b-X3,YTHDF2:chr1:28743470:C:T,YTHDF2,NA,NA,NA,chr1:28743470,C:T,1,Private,1,AM015b-X3
AM015b-X3,YTHDF2:chr1:28743479:T:C,YTHDF2,NA,NA,NA,chr1:28743479,T:C,1,Private,1,AM015b-X3
AM015b-X3,YTHDF2:chr1:28743539:T:C,YTHDF2,NA,NA,NA,chr1:28743539,T:C,1,Private,1,AM015b-X3
AM015b-X3,YTHDF2:chr1:28743755:T:C,YTHDF2,NA,NA,NA,chr1:28743755,T:C,1,Private,1,AM015b-X3
AM015b-X3,YTHDF2:chr1:28743899:T:C,YTHDF2,NA,NA,NA,chr1:28743899,T:C,1,Private,1,AM015b-X3
AM015b-X3,AL031178.2:chr6:53065619:G:A,AL031178.2,NA,NA,NA,chr6:53065619,G:A,0,NA,5,AM015b-X2/AM015b-X2-Cell/AM015b-X2-Cell2/AM015b/AM015b-X1
AM015b-X3,DNAH6:chr2:84594057:G:T,DNAH6,NA,NA,NA,chr2:84594057,G:T,0,NA,5,AM015b-X2/AM015b-X2-Cell/AM015b-X2-Cell2/AM015b/AM015b-X1
AM015b-X3,TNRC18:chr7:5374266:G:A,TNRC18,NA,NA,NA,chr7:5374266,G:A,0,NA,5,AM015b-X2/AM015b-X2-Cell/AM015b-X2-Cell2/AM015b/AM015b-X1
AM015b-X3,CASD1:chr7:94510201:C:G,CASD1,NA,NA,NA,chr7:94510201,C:G,0,NA,1,AM015b-X2
AM015b-X3,DMD:chrX:32614402:A:G,DMD,NA,NA,NA,chrX:32614402,A:G,0,NA,1,AM015b-X2
AM015b-X3,GOLGA2:chr9:128258539:A:C,GOLGA2,NA,NA,NA,chr9:128258539,A:C,0,NA,1,AM015b-X2
AM015b-X3,PRPF40A:chr2:152679083:T:C,PRPF40A,NA,NA,NA,chr2:152679083,T:C,0,NA,1,AM015b-X2
AM015b-X3,PUM1:chr1:31059363:A:G,PUM1,NA,NA,NA,chr1:31059363,A:G,0,NA,1,AM015b-X2
AM015b-X3,SAMD1:chr19:14090112:C:G,SAMD1,NA,NA,NA,chr19:14090112,C:G,0,NA,1,AM015b-X2
AM015b-X3,TAF4:chr20:62065663:C:G,TAF4,NA,NA,NA,chr20:62065663,C:G,0,NA,1,AM015b-X2
AM015b-X3,TAF4:chr20:62065724:C:G,TAF4,NA,NA,NA,chr20:62065724,C:G,0,NA,1,AM015b-X2
AM015b-X3,TAF4:chr20:62065739:G:A,TAF4,NA,NA,NA,chr20:62065739,G:A,0,NA,1,AM015b-X2
AM015b-X3,WTAP:chr6:159748345:G:A,WTAP,NA,NA,NA,chr6:159748345,G:A,0,NA,1,AM015b-X2
AM015b-X3,YTHDF2:chr1:28742810:T:A,YTHDF2,NA,NA,NA,chr1:28742810,T:A,0,NA,1,AM015b-X2
AM015b-X3,ZNF257:chr19:22088980:C:G,ZNF257,NA,NA,NA,chr19:22088980,C:G,0,NA,1,AM015b-X2
AM015b-X3,ASAP1:chr8:130128021:-:GCACTCT,ASAP1,NA,NA,NA,chr8:130128021,-:GCACTCT,0,NA,4,AM015b-X2-Cell/AM015b-X2-Cell2/AM015b/AM015b-X1
AM015b-X3,KLHL11:chr17:41865332:-:GCC,KLHL11,NA,NA,NA,chr17:41865332,-:GCC,0,NA,3,AM015b-X2-Cell/AM015b-X2-Cell2/AM015b
AM015b-X3,TNRC18:chr7:5374203:G:A,TNRC18,NA,NA,NA,chr7:5374203,G:A,0,NA,3,AM015b-X2-Cell/AM015b-X2-Cell2/AM015b
AM015b-X3,TNRC18:chr7:5374214:G:A,TNRC18,NA,NA,NA,chr7:5374214,G:A,0,NA,3,AM015b-X2-Cell/AM015b-X2-Cell2/AM015b
AM015b-X3,TWIST1:chr7:19117120:T:A,TWIST1,NA,NA,NA,chr7:19117120,T:A,0,NA,3,AM015b-X2-Cell/AM015b-X2-Cell2/AM015b
AM015b-X3,TWIST1:chr7:19117123:CCGGCT:-,TWIST1,NA,NA,NA,chr7:19117123,CCGGCT:-,0,NA,3,AM015b-X2-Cell/AM015b-X2-Cell2/AM015b
AM015b-X3,PREPL:chr2:44323383:A:C,PREPL,NA,NA,NA,chr2:44323383,A:C,0,NA,2,AM015b-X2-Cell/AM015b-X2-Cell2
AM015b-X3,INTS2:chr17:61921809:C:A,INTS2,NA,NA,NA,chr17:61921809,C:A,0,NA,2,AM015b-X2-Cell/AM015b-X1
AM015b-X3,DEPDC1B:chr5:60642855:T:-,DEPDC1B,NA,NA,NA,chr5:60642855,T:-,0,NA,1,AM015b-X2-Cell
AM015b-X3,DNHD1:chr11:6520043:GAAAAT:AA,DNHD1,NA,NA,NA,chr11:6520043,GAAAAT:AA,0,NA,1,AM015b-X2-Cell
AM015b-X3,DNHD1:chr11:6520048:T:A,DNHD1,NA,NA,NA,chr11:6520048,T:A,0,NA,1,AM015b-X2-Cell
AM015b-X3,DPEP2:chr16:67991871:T:C,DPEP2,NA,NA,NA,chr16:67991871,T:C,0,NA,1,AM015b-X2-Cell
AM015b-X3,DUSP7:chr3:52054052:G:A,DUSP7,NA,NA,NA,chr3:52054052,G:A,0,NA,1,AM015b-X2-Cell
AM015b-X3,FAM120C:chrX:54157742:C:G,FAM120C,NA,NA,NA,chrX:54157742,C:G,0,NA,1,AM015b-X2-Cell
AM015b-X3,FUZ:chr19:49811380:C:A,FUZ,NA,NA,NA,chr19:49811380,C:A,0,NA,1,AM015b-X2-Cell
AM015b-X3,HELZ2:chr20:63568912:G:A,HELZ2,NA,NA,NA,chr20:63568912,G:A,0,NA,1,AM015b-X2-Cell
AM015b-X3,JARID2:chr6:15487415:G:A,JARID2,NA,NA,NA,chr6:15487415,G:A,0,NA,1,AM015b-X2-Cell
AM015b-X3,KCTD2:chr17:75047499:C:T,KCTD2,NA,NA,NA,chr17:75047499,C:T,0,NA,1,AM015b-X2-Cell
AM015b-X3,KRTAP26-1:chr21:30319887:G:A,KRTAP26-1,NA,NA,NA,chr21:30319887,G:A,0,NA,1,AM015b-X2-Cell
AM015b-X3,MYH1:chr17:10515971:G:A,MYH1,NA,NA,NA,chr17:10515971,G:A,0,NA,1,AM015b-X2-Cell
AM015b-X3,NAE1:chr16:66823281:T:C,NAE1,NA,NA,NA,chr16:66823281,T:C,0,NA,1,AM015b-X2-Cell
AM015b-X3,OVOL2:chr20:18056845:-:G,OVOL2,NA,NA,NA,chr20:18056845,-:G,0,NA,1,AM015b-X2-Cell
AM015b-X3,PHF8:chrX:54017807:A:G,PHF8,NA,NA,NA,chrX:54017807,A:G,0,NA,1,AM015b-X2-Cell
AM015b-X3,PTPRB:chr12:70540857:C:T,PTPRB,TSG,angiosarcoma,,chr12:70540857,C:T,0,NA,1,AM015b-X2-Cell
AM015b-X3,TMEM132E:chr17:34626950:C:G,TMEM132E,NA,NA,NA,chr17:34626950,C:G,0,NA,1,AM015b-X2-Cell
AM015b-X3,TTC5:chr14:20292058:C:G,TTC5,NA,NA,NA,chr14:20292058,C:G,0,NA,1,AM015b-X2-Cell
AM015b-X3,AVP:chr20:3083073:G:T,AVP,NA,NA,NA,chr20:3083073,G:T,0,NA,1,AM015b-X2-Cell2
AM015b-X3,CENPE:chr4:103109045:C:A,CENPE,NA,NA,NA,chr4:103109045,C:A,0,NA,1,AM015b-X2-Cell2
AM015b-X3,E2F2:chr1:23530577:G:A,E2F2,NA,NA,NA,chr1:23530577,G:A,0,NA,1,AM015b-X2-Cell2
AM015b-X3,HDC:chr15:50263337:C:T,HDC,NA,NA,NA,chr15:50263337,C:T,0,NA,1,AM015b-X2-Cell2
AM015b-X3,IRAK1BP1:chr6:78897844:A:G,IRAK1BP1,NA,NA,NA,chr6:78897844,A:G,0,NA,1,AM015b-X2-Cell2
AM015b-X3,MAP7D2:chrX:20063488:C:T,MAP7D2,NA,NA,NA,chrX:20063488,C:T,0,NA,1,AM015b-X2-Cell2
AM015b-X3,MKNK1:chr1:46583265:C:G,MKNK1,NA,NA,NA,chr1:46583265,C:G,0,NA,1,AM015b-X2-Cell2
AM015b-X3,NPHS2:chr1:179559745:-:A,NPHS2,NA,NA,NA,chr1:179559745,-:A,0,NA,1,AM015b-X2-Cell2
AM015b-X3,PNPLA5:chr22:43886354:G:T,PNPLA5,NA,NA,NA,chr22:43886354,G:T,0,NA,1,AM015b-X2-Cell2
AM015b-X3,TAPT1:chr4:16166726:C:T,TAPT1,NA,NA,NA,chr4:16166726,C:T,0,NA,1,AM015b-X2-Cell2
AM015b-X3,TTK:chr6:80007995:T:C,TTK,NA,NA,NA,chr6:80007995,T:C,0,NA,1,AM015b-X2-Cell2
AM015b-X3,USP53:chr4:119292726:C:A,USP53,NA,NA,NA,chr4:119292726,C:A,0,NA,1,AM015b-X2-Cell2
AM015b-X3,ADAMTS8:chr11:130405892:A:T,ADAMTS8,NA,NA,NA,chr11:130405892,A:T,0,NA,1,AM015b
AM015b-X3,ERCC6L2:chr9:96012909:G:T,ERCC6L2,NA,NA,NA,chr9:96012909,G:T,0,NA,1,AM015b
AM015b-X3,PHGDH:chr1:119727036:G:T,PHGDH,NA,NA,NA,chr1:119727036,G:T,0,NA,1,AM015b
AM015b-X3,RPH3A:chr12:112894633:A:G,RPH3A,NA,NA,NA,chr12:112894633,A:G,0,NA,1,AM015b
AM015b-X2,ACAP2:chr3:195285825:C:T,ACAP2,NA,NA,NA,chr3:195285825,C:T,1,Public,6,AM015b-X3/AM015b-X2/AM015b-X2-Cell/AM015b-X2-Cell2/AM015b/AM015b-X1
AM015b-X2,ADAMTSL4:chr1:150557520:A:C,ADAMTSL4,NA,NA,NA,chr1:150557520,A:C,1,Public,6,AM015b-X3/AM015b-X2/AM015b-X2-Cell/AM015b-X2-Cell2/AM015b/AM015b-X1
AM015b-X2,AJUBA:chr14:22981951:G:A,AJUBA,NA,NA,NA,chr14:22981951,G:A,1,Public,6,AM015b-X3/AM015b-X2/AM015b-X2-Cell/AM015b-X2-Cell2/AM015b/AM015b-X1
AM015b-X2,AQP11:chr11:77590288:A:G,AQP11,NA,NA,NA,chr11:77590288,A:G,1,Public,6,AM015b-X3/AM015b-X2/AM015b-X2-Cell/AM015b-X2-Cell2/AM015b/AM015b-X1
AM015b-X2,ARHGEF12:chr11:120473097:G:C,ARHGEF12,"TSG, fusion",AML,,chr11:120473097,G:C,1,Public,6,AM015b-X3/AM015b-X2/AM015b-X2-Cell/AM015b-X2-Cell2/AM015b/AM015b-X1
AM015b-X2,AXIN2:chr17:65541496:T:C,AXIN2,TSG,colorectal carcinoma/stomach carcinoma/hepatocellular carcinoma,colorectal carcinoma,chr17:65541496,T:C,1,Public,6,AM015b-X3/AM015b-X2/AM015b-X2-Cell/AM015b-X2-Cell2/AM015b/AM015b-X1
AM015b-X2,BCL11B:chr14:99175069:G:A,BCL11B,"oncogene, TSG, fusion",T-ALL,,chr14:99175069,G:A,1,Public,6,AM015b-X3/AM015b-X2/AM015b-X2-Cell/AM015b-X2-Cell2/AM015b/AM015b-X1
AM015b-X2,BLK:chr8:11563049:C:T,BLK,NA,NA,NA,chr8:11563049,C:T,1,Public,6,AM015b-X3/AM015b-X2/AM015b-X2-Cell/AM015b-X2-Cell2/AM015b/AM015b-X1
AM015b-X2,BRWD1:chr21:39270325:T:C,BRWD1,NA,NA,NA,chr21:39270325,T:C,1,Public,6,AM015b-X3/AM015b-X2/AM015b-X2-Cell/AM015b-X2-Cell2/AM015b/AM015b-X1
AM015b-X2,CCDC159:chr19:11352114:C:T,CCDC159,NA,NA,NA,chr19:11352114,C:T,1,Public,6,AM015b-X3/AM015b-X2/AM015b-X2-Cell/AM015b-X2-Cell2/AM015b/AM015b-X1
AM015b-X2,CCT6A:chr7:56059641:G:C,CCT6A,NA,NA,NA,chr7:56059641,G:C,1,Public,6,AM015b-X3/AM015b-X2/AM015b-X2-Cell/AM015b-X2-Cell2/AM015b/AM015b-X1
AM015b-X2,CD1C:chr1:158291245:G:T,CD1C,NA,NA,NA,chr1:158291245,G:T,1,Public,6,AM015b-X3/AM015b-X2/AM015b-X2-Cell/AM015b-X2-Cell2/AM015b/AM015b-X1
AM015b-X2,CEACAM5:chr19:41715698:C:T,CEACAM5,NA,NA,NA,chr19:41715698,C:T,1,Public,6,AM015b-X3/AM015b-X2/AM015b-X2-Cell/AM015b-X2-Cell2/AM015b/AM015b-X1
AM015b-X2,CEP170:chr1:243191056:A:C,CEP170,NA,NA,NA,chr1:243191056,A:C,1,Public,6,AM015b-X3/AM015b-X2/AM015b-X2-Cell/AM015b-X2-Cell2/AM015b/AM015b-X1
AM015b-X2,CEP350:chr1:180020839:G:T,CEP350,NA,NA,NA,chr1:180020839,G:T,1,Public,6,AM015b-X3/AM015b-X2/AM015b-X2-Cell/AM015b-X2-Cell2/AM015b/AM015b-X1
AM015b-X2,CORO7-PAM16:chr16:4364333:G:A,CORO7-PAM16,NA,NA,NA,chr16:4364333,G:A,1,Public,6,AM015b-X3/AM015b-X2/AM015b-X2-Cell/AM015b-X2-Cell2/AM015b/AM015b-X1
AM015b-X2,CORO7:chr16:4364333:G:A,CORO7,NA,NA,NA,chr16:4364333,G:A,1,Public,6,AM015b-X3/AM015b-X2/AM015b-X2-Cell/AM015b-X2-Cell2/AM015b/AM015b-X1
AM015b-X2,CREBBP:chr16:3792089:G:-,CREBBP,"oncogene, TSG, fusion",ALL/AML/DLBCL/B-NHL,,chr16:3792089,G:-,1,Public,6,AM015b-X3/AM015b-X2/AM015b-X2-Cell/AM015b-X2-Cell2/AM015b/AM015b-X1
AM015b-X2,CTNNB1:chr3:41224645:T:C,CTNNB1,"oncogene, fusion",colorectal/ovarian/ hepatoblastoma/pleomorphic salivary gland adenoma/other tumour types,,chr3:41224645,T:C,1,Public,6,AM015b-X3/AM015b-X2/AM015b-X2-Cell/AM015b-X2-Cell2/AM015b/AM015b-X1
AM015b-X2,DAP:chr5:10680756:G:A,DAP,NA,NA,NA,chr5:10680756,G:A,1,Public,6,AM015b-X3/AM015b-X2/AM015b-X2-Cell/AM015b-X2-Cell2/AM015b/AM015b-X1
AM015b-X2,DAP:chr5:10680884:G:A,DAP,NA,NA,NA,chr5:10680884,G:A,1,Public,6,AM015b-X3/AM015b-X2/AM015b-X2-Cell/AM015b-X2-Cell2/AM015b/AM015b-X1
AM015b-X2,DAP:chr5:10680924:G:A,DAP,NA,NA,NA,chr5:10680924,G:A,1,Public,6,AM015b-X3/AM015b-X2/AM015b-X2-Cell/AM015b-X2-Cell2/AM015b/AM015b-X1
AM015b-X2,DAPK1:chr9:87646506:C:T,DAPK1,NA,NA,NA,chr9:87646506,C:T,1,Public,6,AM015b-X3/AM015b-X2/AM015b-X2-Cell/AM015b-X2-Cell2/AM015b/AM015b-X1
AM015b-X2,DENND5A:chr11:9141965:G:A,DENND5A,NA,NA,NA,chr11:9141965,G:A,1,Public,6,AM015b-X3/AM015b-X2/AM015b-X2-Cell/AM015b-X2-Cell2/AM015b/AM015b-X1
AM015b-X2,DNAH10:chr12:123853275:G:A,DNAH10,NA,NA,NA,chr12:123853275,G:A,1,Public,6,AM015b-X3/AM015b-X2/AM015b-X2-Cell/AM015b-X2-Cell2/AM015b/AM015b-X1
AM015b-X2,DSN1:chr20:36762471:C:T,DSN1,NA,NA,NA,chr20:36762471,C:T,1,Public,6,AM015b-X3/AM015b-X2/AM015b-X2-Cell/AM015b-X2-Cell2/AM015b/AM015b-X1
AM015b-X2,DVL3:chr3:184170649:C:T,DVL3,NA,NA,NA,chr3:184170649,C:T,1,Public,6,AM015b-X3/AM015b-X2/AM015b-X2-Cell/AM015b-X2-Cell2/AM015b/AM015b-X1
AM015b-X2,ELP2:chr18:36154909:C:A,ELP2,NA,NA,NA,chr18:36154909,C:A,1,Public,6,AM015b-X3/AM015b-X2/AM015b-X2-Cell/AM015b-X2-Cell2/AM015b/AM015b-X1
AM015b-X2,FRY:chr13:32224240:C:T,FRY,NA,NA,NA,chr13:32224240,C:T,1,Public,6,AM015b-X3/AM015b-X2/AM015b-X2-Cell/AM015b-X2-Cell2/AM015b/AM015b-X1
AM015b-X2,GABBR2:chr9:98306269:A:G,GABBR2,NA,NA,NA,chr9:98306269,A:G,1,Public,6,AM015b-X3/AM015b-X2/AM015b-X2-Cell/AM015b-X2-Cell2/AM015b/AM015b-X1
AM015b-X2,GALNT18:chr11:11379185:G:A,GALNT18,NA,NA,NA,chr11:11379185,G:A,1,Public,6,AM015b-X3/AM015b-X2/AM015b-X2-Cell/AM015b-X2-Cell2/AM015b/AM015b-X1
AM015b-X2,GAPVD1:chr9:125298952:C:T,GAPVD1,NA,NA,NA,chr9:125298952,C:T,1,Public,6,AM015b-X3/AM015b-X2/AM015b-X2-Cell/AM015b-X2-Cell2/AM015b/AM015b-X1
AM015b-X2,GLT8D1:chr3:52697887:G:A,GLT8D1,NA,NA,NA,chr3:52697887,G:A,1,Public,6,AM015b-X3/AM015b-X2/AM015b-X2-Cell/AM015b-X2-Cell2/AM015b/AM015b-X1
AM015b-X2,GNL1:chr6:30547403:-:A,GNL1,NA,NA,NA,chr6:30547403,-:A,1,Public,6,AM015b-X3/AM015b-X2/AM015b-X2-Cell/AM015b-X2-Cell2/AM015b/AM015b-X1
AM015b-X2,GNL1:chr6:30547425:A:G,GNL1,NA,NA,NA,chr6:30547425,A:G,1,Public,6,AM015b-X3/AM015b-X2/AM015b-X2-Cell/AM015b-X2-Cell2/AM015b/AM015b-X1
AM015b-X2,H2BC10:chr6:26273265:C:T,H2BC10,NA,NA,NA,chr6:26273265,C:T,1,Public,6,AM015b-X3/AM015b-X2/AM015b-X2-Cell/AM015b-X2-Cell2/AM015b/AM015b-X1
AM015b-X2,HDLBP:chr2:241230890:C:T,HDLBP,NA,NA,NA,chr2:241230890,C:T,1,Public,6,AM015b-X3/AM015b-X2/AM015b-X2-Cell/AM015b-X2-Cell2/AM015b/AM015b-X1
AM015b-X2,HEPHL1:chr11:94088916:C:T,HEPHL1,NA,NA,NA,chr11:94088916,C:T,1,Public,6,AM015b-X3/AM015b-X2/AM015b-X2-Cell/AM015b-X2-Cell2/AM015b/AM015b-X1
AM015b-X2,IFIT2:chr10:89306959:C:T,IFIT2,NA,NA,NA,chr10:89306959,C:T,1,Public,6,AM015b-X3/AM015b-X2/AM015b-X2-Cell/AM015b-X2-Cell2/AM015b/AM015b-X1
AM015b-X2,IRF2BPL:chr14:77025781:C:T,IRF2BPL,NA,NA,NA,chr14:77025781,C:T,1,Public,6,AM015b-X3/AM015b-X2/AM015b-X2-Cell/AM015b-X2-Cell2/AM015b/AM015b-X1
AM015b-X2,ITGA3:chr17:50089140:C:T,ITGA3,NA,NA,NA,chr17:50089140,C:T,1,Public,6,AM015b-X3/AM015b-X2/AM015b-X2-Cell/AM015b-X2-Cell2/AM015b/AM015b-X1
AM015b-X2,JAKMIP3:chr10:132104900:A:G,JAKMIP3,NA,NA,NA,chr10:132104900,A:G,1,Public,6,AM015b-X3/AM015b-X2/AM015b-X2-Cell/AM015b-X2-Cell2/AM015b/AM015b-X1
AM015b-X2,KCNA5:chr12:5045933:T:C,KCNA5,NA,NA,NA,chr12:5045933,T:C,1,Public,6,AM015b-X3/AM015b-X2/AM015b-X2-Cell/AM015b-X2-Cell2/AM015b/AM015b-X1
AM015b-X2,KCNK9:chr8:139618629:C:T,KCNK9,NA,NA,NA,chr8:139618629,C:T,1,Public,6,AM015b-X3/AM015b-X2/AM015b-X2-Cell/AM015b-X2-Cell2/AM015b/AM015b-X1
AM015b-X2,KCTD3:chr1:215620302:C:T,KCTD3,NA,NA,NA,chr1:215620302,C:T,1,Public,6,AM015b-X3/AM015b-X2/AM015b-X2-Cell/AM015b-X2-Cell2/AM015b/AM015b-X1
AM015b-X2,KIT:chr4:54727495:T:C,KIT,oncogene,GIST/AML/TGCT/mastocytosis/mucosal melanoma,GIST/epithelioma,chr4:54727495,T:C,1,Public,6,AM015b-X3/AM015b-X2/AM015b-X2-Cell/AM015b-X2-Cell2/AM015b/AM015b-X1
AM015b-X2,KRT27:chr17:40782224:G:T,KRT27,NA,NA,NA,chr17:40782224,G:T,1,Public,6,AM015b-X3/AM015b-X2/AM015b-X2-Cell/AM015b-X2-Cell2/AM015b/AM015b-X1
AM015b-X2,LAMA1:chr18:7042215:A:G,LAMA1,NA,NA,NA,chr18:7042215,A:G,1,Public,6,AM015b-X3/AM015b-X2/AM015b-X2-Cell/AM015b-X2-Cell2/AM015b/AM015b-X1
AM015b-X2,LRTM1:chr3:54925004:C:A,LRTM1,NA,NA,NA,chr3:54925004,C:A,1,Public,6,AM015b-X3/AM015b-X2/AM015b-X2-Cell/AM015b-X2-Cell2/AM015b/AM015b-X1
AM015b-X2,MAN1C1:chr1:25778154:T:C,MAN1C1,NA,NA,NA,chr1:25778154,T:C,1,Public,6,AM015b-X3/AM015b-X2/AM015b-X2-Cell/AM015b-X2-Cell2/AM015b/AM015b-X1
AM015b-X2,MAPKAPK3:chr3:50617648:-:G,MAPKAPK3,NA,NA,NA,chr3:50617648,-:G,1,Public,6,AM015b-X3/AM015b-X2/AM015b-X2-Cell/AM015b-X2-Cell2/AM015b/AM015b-X1
AM015b-X2,MEOX2:chr7:15686359:G:A,MEOX2,NA,NA,NA,chr7:15686359,G:A,1,Public,6,AM015b-X3/AM015b-X2/AM015b-X2-Cell/AM015b-X2-Cell2/AM015b/AM015b-X1
AM015b-X2,MGP:chr12:14884228:C:T,MGP,NA,NA,NA,chr12:14884228,C:T,1,Public,6,AM015b-X3/AM015b-X2/AM015b-X2-Cell/AM015b-X2-Cell2/AM015b/AM015b-X1
AM015b-X2,MMP2:chr16:55484117:G:A,MMP2,NA,NA,NA,chr16:55484117,G:A,1,Public,6,AM015b-X3/AM015b-X2/AM015b-X2-Cell/AM015b-X2-Cell2/AM015b/AM015b-X1
AM015b-X2,MYO10:chr5:16762044:C:G,MYO10,NA,NA,NA,chr5:16762044,C:G,1,Public,6,AM015b-X3/AM015b-X2/AM015b-X2-Cell/AM015b-X2-Cell2/AM015b/AM015b-X1
AM015b-X2,MYO9B:chr19:17172763:T:C,MYO9B,NA,NA,NA,chr19:17172763,T:C,1,Public,6,AM015b-X3/AM015b-X2/AM015b-X2-Cell/AM015b-X2-Cell2/AM015b/AM015b-X1
AM015b-X2,NXF3:chrX:103077648:G:A,NXF3,NA,NA,NA,chrX:103077648,G:A,1,Public,6,AM015b-X3/AM015b-X2/AM015b-X2-Cell/AM015b-X2-Cell2/AM015b/AM015b-X1
AM015b-X2,OR52D1:chr11:5489629:T:A,OR52D1,NA,NA,NA,chr11:5489629,T:A,1,Public,6,AM015b-X3/AM015b-X2/AM015b-X2-Cell/AM015b-X2-Cell2/AM015b/AM015b-X1
AM015b-X2,OR7E24:chr19:9251483:C:T,OR7E24,NA,NA,NA,chr19:9251483,C:T,1,Public,6,AM015b-X3/AM015b-X2/AM015b-X2-Cell/AM015b-X2-Cell2/AM015b/AM015b-X1
AM015b-X2,PCLO:chr7:82953870:AA:-,PCLO,NA,NA,NA,chr7:82953870,AA:-,1,Public,6,AM015b-X3/AM015b-X2/AM015b-X2-Cell/AM015b-X2-Cell2/AM015b/AM015b-X1
AM015b-X2,PHF20L1:chr8:132816943:A:T,PHF20L1,NA,NA,NA,chr8:132816943,A:T,1,Public,6,AM015b-X3/AM015b-X2/AM015b-X2-Cell/AM015b-X2-Cell2/AM015b/AM015b-X1
AM015b-X2,PLEKHA6:chr1:204257862:T:C,PLEKHA6,NA,NA,NA,chr1:204257862,T:C,1,Public,6,AM015b-X3/AM015b-X2/AM015b-X2-Cell/AM015b-X2-Cell2/AM015b/AM015b-X1
AM015b-X2,PLXNB2:chr22:50276628:C:G,PLXNB2,NA,NA,NA,chr22:50276628,C:G,1,Public,6,AM015b-X3/AM015b-X2/AM015b-X2-Cell/AM015b-X2-Cell2/AM015b/AM015b-X1
AM015b-X2,POM121L2:chr6:27309929:G:A,POM121L2,NA,NA,NA,chr6:27309929,G:A,1,Public,6,AM015b-X3/AM015b-X2/AM015b-X2-Cell/AM015b-X2-Cell2/AM015b/AM015b-X1
AM015b-X2,PPP4R4:chr14:94265884:C:G,PPP4R4,NA,NA,NA,chr14:94265884,C:G,1,Public,6,AM015b-X3/AM015b-X2/AM015b-X2-Cell/AM015b-X2-Cell2/AM015b/AM015b-X1
AM015b-X2,PTPN11:chr12:112489106:G:C,PTPN11,oncogene,JMML/AML/MDS,,chr12:112489106,G:C,1,Public,6,AM015b-X3/AM015b-X2/AM015b-X2-Cell/AM015b-X2-Cell2/AM015b/AM015b-X1
AM015b-X2,RADX:chrX:106639602:T:A,RADX,NA,NA,NA,chrX:106639602,T:A,1,Public,6,AM015b-X3/AM015b-X2/AM015b-X2-Cell/AM015b-X2-Cell2/AM015b/AM015b-X1
AM015b-X2,RFC1:chr4:39303067:C:A,RFC1,NA,NA,NA,chr4:39303067,C:A,1,Public,6,AM015b-X3/AM015b-X2/AM015b-X2-Cell/AM015b-X2-Cell2/AM015b/AM015b-X1
AM015b-X2,RNPC3:chr1:103546977:G:C,RNPC3,NA,NA,NA,chr1:103546977,G:C,1,Public,6,AM015b-X3/AM015b-X2/AM015b-X2-Cell/AM015b-X2-Cell2/AM015b/AM015b-X1
AM015b-X2,ROBO3:chr11:124873041:C:T,ROBO3,NA,NA,NA,chr11:124873041,C:T,1,Public,6,AM015b-X3/AM015b-X2/AM015b-X2-Cell/AM015b-X2-Cell2/AM015b/AM015b-X1
AM015b-X2,RP1:chr8:54622190:G:A,RP1,NA,NA,NA,chr8:54622190,G:A,1,Public,6,AM015b-X3/AM015b-X2/AM015b-X2-Cell/AM015b-X2-Cell2/AM015b/AM015b-X1
AM015b-X2,SCN11A:chr3:38904075:G:A,SCN11A,NA,NA,NA,chr3:38904075,G:A,1,Public,6,AM015b-X3/AM015b-X2/AM015b-X2-Cell/AM015b-X2-Cell2/AM015b/AM015b-X1
AM015b-X2,SEPTIN3:chr22:41989662:A:G,SEPTIN3,NA,NA,NA,chr22:41989662,A:G,1,Public,6,AM015b-X3/AM015b-X2/AM015b-X2-Cell/AM015b-X2-Cell2/AM015b/AM015b-X1
AM015b-X2,SFTPA2:chr10:79559317:G:A,SFTPA2,NA,NA,NA,chr10:79559317,G:A,1,Public,6,AM015b-X3/AM015b-X2/AM015b-X2-Cell/AM015b-X2-Cell2/AM015b/AM015b-X1
AM015b-X2,SGPP2:chr2:222558371:A:C,SGPP2,NA,NA,NA,chr2:222558371,A:C,1,Public,6,AM015b-X3/AM015b-X2/AM015b-X2-Cell/AM015b-X2-Cell2/AM015b/AM015b-X1
AM015b-X2,SH3TC1:chr4:8205207:C:G,SH3TC1,NA,NA,NA,chr4:8205207,C:G,1,Public,6,AM015b-X3/AM015b-X2/AM015b-X2-Cell/AM015b-X2-Cell2/AM015b/AM015b-X1
AM015b-X2,SLC16A14:chr2:230046345:C:T,SLC16A14,NA,NA,NA,chr2:230046345,C:T,1,Public,6,AM015b-X3/AM015b-X2/AM015b-X2-Cell/AM015b-X2-Cell2/AM015b/AM015b-X1
AM015b-X2,SLC5A3:chr21:34095572:A:G,SLC5A3,NA,NA,NA,chr21:34095572,A:G,1,Public,6,AM015b-X3/AM015b-X2/AM015b-X2-Cell/AM015b-X2-Cell2/AM015b/AM015b-X1
AM015b-X2,SLC7A7:chr14:22780010:T:C,SLC7A7,NA,NA,NA,chr14:22780010,T:C,1,Public,6,AM015b-X3/AM015b-X2/AM015b-X2-Cell/AM015b-X2-Cell2/AM015b/AM015b-X1
AM015b-X2,SLC9A3:chr5:488471:G:A,SLC9A3,NA,NA,NA,chr5:488471,G:A,1,Public,6,AM015b-X3/AM015b-X2/AM015b-X2-Cell/AM015b-X2-Cell2/AM015b/AM015b-X1
AM015b-X2,SOWAHA:chr5:132813809:A:G,SOWAHA,NA,NA,NA,chr5:132813809,A:G,1,Public,6,AM015b-X3/AM015b-X2/AM015b-X2-Cell/AM015b-X2-Cell2/AM015b/AM015b-X1
AM015b-X2,SPANXB1:chrX:141003529:G:A,SPANXB1,NA,NA,NA,chrX:141003529,G:A,1,Public,6,AM015b-X3/AM015b-X2/AM015b-X2-Cell/AM015b-X2-Cell2/AM015b/AM015b-X1
AM015b-X2,SPATS1:chr6:44368496:C:T,SPATS1,NA,NA,NA,chr6:44368496,C:T,1,Public,6,AM015b-X3/AM015b-X2/AM015b-X2-Cell/AM015b-X2-Cell2/AM015b/AM015b-X1
AM015b-X2,SUCLA2:chr13:47996858:T:C,SUCLA2,NA,NA,NA,chr13:47996858,T:C,1,Public,6,AM015b-X3/AM015b-X2/AM015b-X2-Cell/AM015b-X2-Cell2/AM015b/AM015b-X1
AM015b-X2,SYNGAP1:chr6:33441241:A:C,SYNGAP1,NA,NA,NA,chr6:33441241,A:C,1,Public,6,AM015b-X3/AM015b-X2/AM015b-X2-Cell/AM015b-X2-Cell2/AM015b/AM015b-X1
AM015b-X2,TAS2R46:chr12:11062229:A:T,TAS2R46,NA,NA,NA,chr12:11062229,A:T,1,Public,6,AM015b-X3/AM015b-X2/AM015b-X2-Cell/AM015b-X2-Cell2/AM015b/AM015b-X1
AM015b-X2,TCTEX1D1:chr1:66777309:T:C,TCTEX1D1,NA,NA,NA,chr1:66777309,T:C,1,Public,6,AM015b-X3/AM015b-X2/AM015b-X2-Cell/AM015b-X2-Cell2/AM015b/AM015b-X1
AM015b-X2,TMC6:chr17:78126310:G:T,TMC6,NA,NA,NA,chr17:78126310,G:T,1,Public,6,AM015b-X3/AM015b-X2/AM015b-X2-Cell/AM015b-X2-Cell2/AM015b/AM015b-X1
AM015b-X2,TNRC18:chr7:5374287:G:A,TNRC18,NA,NA,NA,chr7:5374287,G:A,1,Public,6,AM015b-X3/AM015b-X2/AM015b-X2-Cell/AM015b-X2-Cell2/AM015b/AM015b-X1
AM015b-X2,TSPAN15:chr10:69451662:C:T,TSPAN15,NA,NA,NA,chr10:69451662,C:T,1,Public,6,AM015b-X3/AM015b-X2/AM015b-X2-Cell/AM015b-X2-Cell2/AM015b/AM015b-X1
AM015b-X2,TTN:chr2:178620579:C:T,TTN,NA,NA,NA,chr2:178620579,C:T,1,Public,6,AM015b-X3/AM015b-X2/AM015b-X2-Cell/AM015b-X2-Cell2/AM015b/AM015b-X1
AM015b-X2,TUBGCP5:chr15:23022100:C:T,TUBGCP5,NA,NA,NA,chr15:23022100,C:T,1,Public,6,AM015b-X3/AM015b-X2/AM015b-X2-Cell/AM015b-X2-Cell2/AM015b/AM015b-X1
AM015b-X2,TUT4:chr1:52446376:G:A,TUT4,NA,NA,NA,chr1:52446376,G:A,1,Public,6,AM015b-X3/AM015b-X2/AM015b-X2-Cell/AM015b-X2-Cell2/AM015b/AM015b-X1
AM015b-X2,TWNK:chr10:100989136:G:A,TWNK,NA,NA,NA,chr10:100989136,G:A,1,Public,6,AM015b-X3/AM015b-X2/AM015b-X2-Cell/AM015b-X2-Cell2/AM015b/AM015b-X1
AM015b-X2,TYK2:chr19:10359256:C:A,TYK2,NA,NA,NA,chr19:10359256,C:A,1,Public,6,AM015b-X3/AM015b-X2/AM015b-X2-Cell/AM015b-X2-Cell2/AM015b/AM015b-X1
AM015b-X2,UBE2V2:chr8:48049980:T:A,UBE2V2,NA,NA,NA,chr8:48049980,T:A,1,Public,6,AM015b-X3/AM015b-X2/AM015b-X2-Cell/AM015b-X2-Cell2/AM015b/AM015b-X1
AM015b-X2,URGCP:chr7:43878107:C:T,URGCP,NA,NA,NA,chr7:43878107,C:T,1,Public,6,AM015b-X3/AM015b-X2/AM015b-X2-Cell/AM015b-X2-Cell2/AM015b/AM015b-X1
AM015b-X2,USP54:chr10:73504920:C:T,USP54,NA,NA,NA,chr10:73504920,C:T,1,Public,6,AM015b-X3/AM015b-X2/AM015b-X2-Cell/AM015b-X2-Cell2/AM015b/AM015b-X1
AM015b-X2,VCAM1:chr1:100731334:G:A,VCAM1,NA,NA,NA,chr1:100731334,G:A,1,Public,6,AM015b-X3/AM015b-X2/AM015b-X2-Cell/AM015b-X2-Cell2/AM015b/AM015b-X1
AM015b-X2,WIPI2:chr7:5217986:G:T,WIPI2,NA,NA,NA,chr7:5217986,G:T,1,Public,6,AM015b-X3/AM015b-X2/AM015b-X2-Cell/AM015b-X2-Cell2/AM015b/AM015b-X1
AM015b-X2,WNK4:chr17:42785347:C:T,WNK4,NA,NA,NA,chr17:42785347,C:T,1,Public,6,AM015b-X3/AM015b-X2/AM015b-X2-Cell/AM015b-X2-Cell2/AM015b/AM015b-X1
AM015b-X2,ZNF225:chr19:44132440:C:T,ZNF225,NA,NA,NA,chr19:44132440,C:T,1,Public,6,AM015b-X3/AM015b-X2/AM015b-X2-Cell/AM015b-X2-Cell2/AM015b/AM015b-X1
AM015b-X2,ZNF449:chrX:135347165:G:C,ZNF449,NA,NA,NA,chrX:135347165,G:C,1,Public,6,AM015b-X3/AM015b-X2/AM015b-X2-Cell/AM015b-X2-Cell2/AM015b/AM015b-X1
AM015b-X2,ZNF510:chr9:96776040:A:T,ZNF510,NA,NA,NA,chr9:96776040,A:T,1,Public,6,AM015b-X3/AM015b-X2/AM015b-X2-Cell/AM015b-X2-Cell2/AM015b/AM015b-X1
AM015b-X2,ZUP1:chr6:116651659:-:C,ZUP1,NA,NA,NA,chr6:116651659,-:C,1,Public,6,AM015b-X3/AM015b-X2/AM015b-X2-Cell/AM015b-X2-Cell2/AM015b/AM015b-X1
AM015b-X2,ZZEF1:chr17:4056226:T:A,ZZEF1,NA,NA,NA,chr17:4056226,T:A,1,Public,6,AM015b-X3/AM015b-X2/AM015b-X2-Cell/AM015b-X2-Cell2/AM015b/AM015b-X1
AM015b-X2,DAP:chr5:10680908:G:A,DAP,NA,NA,NA,chr5:10680908,G:A,1,Shared,5,AM015b-X3/AM015b-X2/AM015b-X2-Cell/AM015b-X2-Cell2/AM015b-X1
AM015b-X2,MZT1:chr13:72719065:C:T,MZT1,NA,NA,NA,chr13:72719065,C:T,1,Shared,5,AM015b-X3/AM015b-X2/AM015b-X2-Cell/AM015b-X2-Cell2/AM015b-X1
AM015b-X2,PRDM5:chr4:120798414:G:C,PRDM5,NA,NA,NA,chr4:120798414,G:C,1,Shared,5,AM015b-X3/AM015b-X2/AM015b-X2-Cell/AM015b-X2-Cell2/AM015b-X1
AM015b-X2,CELSR1:chr22:46536643:G:A,CELSR1,NA,NA,NA,chr22:46536643,G:A,1,Shared,3,AM015b-X3/AM015b-X2/AM015b-X2-Cell
AM015b-X2,TNKS:chr8:9555964:C:T,TNKS,NA,NA,NA,chr8:9555964,C:T,1,Shared,4,AM015b-X3/AM015b-X2/AM015b/AM015b-X1
AM015b-X2,WNK1:chr12:885847:A:G,WNK1,NA,NA,NA,chr12:885847,A:G,1,Shared,4,AM015b-X3/AM015b-X2/AM015b/AM015b-X1
AM015b-X2,XDH:chr2:31366033:C:G,XDH,NA,NA,NA,chr2:31366033,C:G,1,Shared,4,AM015b-X3/AM015b-X2/AM015b/AM015b-X1
AM015b-X2,SFTPA1:chr10:79611992:C:T,SFTPA1,NA,NA,NA,chr10:79611992,C:T,1,Shared,3,AM015b-X3/AM015b-X2/AM015b
AM015b-X2,ALKBH8:chr11:107504818:C:T,ALKBH8,NA,NA,NA,chr11:107504818,C:T,1,Shared,3,AM015b-X3/AM015b-X2/AM015b-X1
AM015b-X2,ARHGAP5:chr14:32090812:A:C,ARHGAP5,oncogene,colon cancer/glioma,,chr14:32090812,A:C,1,Shared,3,AM015b-X3/AM015b-X2/AM015b-X1
AM015b-X2,MGAM2:chr7:142166153:G:T,MGAM2,NA,NA,NA,chr7:142166153,G:T,1,Shared,3,AM015b-X3/AM015b-X2/AM015b-X1
AM015b-X2,SPEN:chr1:15932157:G:-,SPEN,TSG,SMZL/adenoid cystic carcinoma/DLBCL,,chr1:15932157,G:-,1,Shared,3,AM015b-X3/AM015b-X2/AM015b-X1
AM015b-X2,YTHDF2:chr1:28742741:T:C,YTHDF2,NA,NA,NA,chr1:28742741,T:C,1,Shared,3,AM015b-X3/AM015b-X2/AM015b-X1
AM015b-X2,PPP1CC:chr12:110722539:A:G,PPP1CC,NA,NA,NA,chr12:110722539,A:G,1,Shared,2,AM015b-X3/AM015b-X2
AM015b-X2,PPP1CC:chr12:110722648:G:T,PPP1CC,NA,NA,NA,chr12:110722648,G:T,1,Shared,2,AM015b-X3/AM015b-X2
AM015b-X2,PPP2R5A:chr1:212329231:G:T,PPP2R5A,NA,NA,NA,chr1:212329231,G:T,1,Shared,2,AM015b-X3/AM015b-X2
AM015b-X2,PUM1:chr1:31059390:C:T,PUM1,NA,NA,NA,chr1:31059390,C:T,1,Shared,2,AM015b-X3/AM015b-X2
AM015b-X2,UBE2N:chr12:93411132:G:T,UBE2N,NA,NA,NA,chr12:93411132,G:T,1,Shared,2,AM015b-X3/AM015b-X2
AM015b-X2,UBE2N:chr12:93411204:A:G,UBE2N,NA,NA,NA,chr12:93411204,A:G,1,Shared,2,AM015b-X3/AM015b-X2
AM015b-X2,UBE2N:chr12:93411255:G:T,UBE2N,NA,NA,NA,chr12:93411255,G:T,1,Shared,2,AM015b-X3/AM015b-X2
AM015b-X2,UBE2N:chr12:93411261:G:A,UBE2N,NA,NA,NA,chr12:93411261,G:A,1,Shared,2,AM015b-X3/AM015b-X2
AM015b-X2,YTHDF2:chr1:28742642:C:T,YTHDF2,NA,NA,NA,chr1:28742642,C:T,1,Shared,2,AM015b-X3/AM015b-X2
AM015b-X2,YTHDF2:chr1:28742705:G:A,YTHDF2,NA,NA,NA,chr1:28742705,G:A,1,Shared,2,AM015b-X3/AM015b-X2
AM015b-X2,YTHDF2:chr1:28742729:T:C,YTHDF2,NA,NA,NA,chr1:28742729,T:C,1,Shared,2,AM015b-X3/AM015b-X2
AM015b-X2,YTHDF2:chr1:28742804:G:A,YTHDF2,NA,NA,NA,chr1:28742804,G:A,1,Shared,2,AM015b-X3/AM015b-X2
AM015b-X2,YTHDF2:chr1:28743764:G:A,YTHDF2,NA,NA,NA,chr1:28743764,G:A,1,Shared,2,AM015b-X3/AM015b-X2
AM015b-X2,YTHDF2:chr1:28743812:C:T,YTHDF2,NA,NA,NA,chr1:28743812,C:T,1,Shared,2,AM015b-X3/AM015b-X2
AM015b-X2,YTHDF2:chr1:28743878:G:A,YTHDF2,NA,NA,NA,chr1:28743878,G:A,1,Shared,2,AM015b-X3/AM015b-X2
AM015b-X2,SLC14A1:chr18:45730309:G:A,SLC14A1,NA,NA,NA,chr18:45730309,G:A,0,NA,5,AM015b-X3/AM015b-X2-Cell/AM015b-X2-Cell2/AM015b/AM015b-X1
AM015b-X2,AC093246.1:chr5:171420096:GCG:-,AC093246.1,NA,NA,NA,chr5:171420096,GCG:-,0,NA,1,AM015b-X3
AM015b-X2,ANO5:chr11:22257710:C:T,ANO5,NA,NA,NA,chr11:22257710,C:T,0,NA,1,AM015b-X3
AM015b-X2,DMD:chrX:32346054:T:A,DMD,NA,NA,NA,chrX:32346054,T:A,0,NA,1,AM015b-X3
AM015b-X2,FNBP4:chr11:47723193:A:C,FNBP4,NA,NA,NA,chr11:47723193,A:C,0,NA,1,AM015b-X3
AM015b-X2,ITLN1:chr1:160881206:G:A,ITLN1,NA,NA,NA,chr1:160881206,G:A,0,NA,1,AM015b-X3
AM015b-X2,ONECUT2:chr18:57435823:C:T,ONECUT2,NA,NA,NA,chr18:57435823,C:T,0,NA,1,AM015b-X3
AM015b-X2,PCDH10:chr4:133150838:C:G,PCDH10,NA,NA,NA,chr4:133150838,C:G,0,NA,1,AM015b-X3
AM015b-X2,PUM1:chr1:31059420:T:C,PUM1,NA,NA,NA,chr1:31059420,T:C,0,NA,1,AM015b-X3
AM015b-X2,YTHDF2:chr1:28742666:A:T,YTHDF2,NA,NA,NA,chr1:28742666,A:T,0,NA,1,AM015b-X3
AM015b-X2,YTHDF2:chr1:28743317:C:T,YTHDF2,NA,NA,NA,chr1:28743317,C:T,0,NA,1,AM015b-X3
AM015b-X2,YTHDF2:chr1:28743398:T:G,YTHDF2,NA,NA,NA,chr1:28743398,T:G,0,NA,1,AM015b-X3
AM015b-X2,YTHDF2:chr1:28743470:C:T,YTHDF2,NA,NA,NA,chr1:28743470,C:T,0,NA,1,AM015b-X3
AM015b-X2,YTHDF2:chr1:28743479:T:C,YTHDF2,NA,NA,NA,chr1:28743479,T:C,0,NA,1,AM015b-X3
AM015b-X2,YTHDF2:chr1:28743539:T:C,YTHDF2,NA,NA,NA,chr1:28743539,T:C,0,NA,1,AM015b-X3
AM015b-X2,YTHDF2:chr1:28743755:T:C,YTHDF2,NA,NA,NA,chr1:28743755,T:C,0,NA,1,AM015b-X3
AM015b-X2,YTHDF2:chr1:28743899:T:C,YTHDF2,NA,NA,NA,chr1:28743899,T:C,0,NA,1,AM015b-X3
AM015b-X2,AL031178.2:chr6:53065619:G:A,AL031178.2,NA,NA,NA,chr6:53065619,G:A,1,Shared,5,AM015b-X2/AM015b-X2-Cell/AM015b-X2-Cell2/AM015b/AM015b-X1
AM015b-X2,DNAH6:chr2:84594057:G:T,DNAH6,NA,NA,NA,chr2:84594057,G:T,1,Shared,5,AM015b-X2/AM015b-X2-Cell/AM015b-X2-Cell2/AM015b/AM015b-X1
AM015b-X2,TNRC18:chr7:5374266:G:A,TNRC18,NA,NA,NA,chr7:5374266,G:A,1,Shared,5,AM015b-X2/AM015b-X2-Cell/AM015b-X2-Cell2/AM015b/AM015b-X1
AM015b-X2,CASD1:chr7:94510201:C:G,CASD1,NA,NA,NA,chr7:94510201,C:G,1,Private,1,AM015b-X2
AM015b-X2,DMD:chrX:32614402:A:G,DMD,NA,NA,NA,chrX:32614402,A:G,1,Private,1,AM015b-X2
AM015b-X2,GOLGA2:chr9:128258539:A:C,GOLGA2,NA,NA,NA,chr9:128258539,A:C,1,Private,1,AM015b-X2
AM015b-X2,PRPF40A:chr2:152679083:T:C,PRPF40A,NA,NA,NA,chr2:152679083,T:C,1,Private,1,AM015b-X2
AM015b-X2,PUM1:chr1:31059363:A:G,PUM1,NA,NA,NA,chr1:31059363,A:G,1,Private,1,AM015b-X2
AM015b-X2,SAMD1:chr19:14090112:C:G,SAMD1,NA,NA,NA,chr19:14090112,C:G,1,Private,1,AM015b-X2
AM015b-X2,TAF4:chr20:62065663:C:G,TAF4,NA,NA,NA,chr20:62065663,C:G,1,Private,1,AM015b-X2
AM015b-X2,TAF4:chr20:62065724:C:G,TAF4,NA,NA,NA,chr20:62065724,C:G,1,Private,1,AM015b-X2
AM015b-X2,TAF4:chr20:62065739:G:A,TAF4,NA,NA,NA,chr20:62065739,G:A,1,Private,1,AM015b-X2
AM015b-X2,WTAP:chr6:159748345:G:A,WTAP,NA,NA,NA,chr6:159748345,G:A,1,Private,1,AM015b-X2
AM015b-X2,YTHDF2:chr1:28742810:T:A,YTHDF2,NA,NA,NA,chr1:28742810,T:A,1,Private,1,AM015b-X2
AM015b-X2,ZNF257:chr19:22088980:C:G,ZNF257,NA,NA,NA,chr19:22088980,C:G,1,Private,1,AM015b-X2
AM015b-X2,ASAP1:chr8:130128021:-:GCACTCT,ASAP1,NA,NA,NA,chr8:130128021,-:GCACTCT,0,NA,4,AM015b-X2-Cell/AM015b-X2-Cell2/AM015b/AM015b-X1
AM015b-X2,KLHL11:chr17:41865332:-:GCC,KLHL11,NA,NA,NA,chr17:41865332,-:GCC,0,NA,3,AM015b-X2-Cell/AM015b-X2-Cell2/AM015b
AM015b-X2,TNRC18:chr7:5374203:G:A,TNRC18,NA,NA,NA,chr7:5374203,G:A,0,NA,3,AM015b-X2-Cell/AM015b-X2-Cell2/AM015b
AM015b-X2,TNRC18:chr7:5374214:G:A,TNRC18,NA,NA,NA,chr7:5374214,G:A,0,NA,3,AM015b-X2-Cell/AM015b-X2-Cell2/AM015b
AM015b-X2,TWIST1:chr7:19117120:T:A,TWIST1,NA,NA,NA,chr7:19117120,T:A,0,NA,3,AM015b-X2-Cell/AM015b-X2-Cell2/AM015b
AM015b-X2,TWIST1:chr7:19117123:CCGGCT:-,TWIST1,NA,NA,NA,chr7:19117123,CCGGCT:-,0,NA,3,AM015b-X2-Cell/AM015b-X2-Cell2/AM015b
AM015b-X2,PREPL:chr2:44323383:A:C,PREPL,NA,NA,NA,chr2:44323383,A:C,0,NA,2,AM015b-X2-Cell/AM015b-X2-Cell2
AM015b-X2,INTS2:chr17:61921809:C:A,INTS2,NA,NA,NA,chr17:61921809,C:A,0,NA,2,AM015b-X2-Cell/AM015b-X1
AM015b-X2,DEPDC1B:chr5:60642855:T:-,DEPDC1B,NA,NA,NA,chr5:60642855,T:-,0,NA,1,AM015b-X2-Cell
AM015b-X2,DNHD1:chr11:6520043:GAAAAT:AA,DNHD1,NA,NA,NA,chr11:6520043,GAAAAT:AA,0,NA,1,AM015b-X2-Cell
AM015b-X2,DNHD1:chr11:6520048:T:A,DNHD1,NA,NA,NA,chr11:6520048,T:A,0,NA,1,AM015b-X2-Cell
AM015b-X2,DPEP2:chr16:67991871:T:C,DPEP2,NA,NA,NA,chr16:67991871,T:C,0,NA,1,AM015b-X2-Cell
AM015b-X2,DUSP7:chr3:52054052:G:A,DUSP7,NA,NA,NA,chr3:52054052,G:A,0,NA,1,AM015b-X2-Cell
AM015b-X2,FAM120C:chrX:54157742:C:G,FAM120C,NA,NA,NA,chrX:54157742,C:G,0,NA,1,AM015b-X2-Cell
AM015b-X2,FUZ:chr19:49811380:C:A,FUZ,NA,NA,NA,chr19:49811380,C:A,0,NA,1,AM015b-X2-Cell
AM015b-X2,HELZ2:chr20:63568912:G:A,HELZ2,NA,NA,NA,chr20:63568912,G:A,0,NA,1,AM015b-X2-Cell
AM015b-X2,JARID2:chr6:15487415:G:A,JARID2,NA,NA,NA,chr6:15487415,G:A,0,NA,1,AM015b-X2-Cell
AM015b-X2,KCTD2:chr17:75047499:C:T,KCTD2,NA,NA,NA,chr17:75047499,C:T,0,NA,1,AM015b-X2-Cell
AM015b-X2,KRTAP26-1:chr21:30319887:G:A,KRTAP26-1,NA,NA,NA,chr21:30319887,G:A,0,NA,1,AM015b-X2-Cell
AM015b-X2,MYH1:chr17:10515971:G:A,MYH1,NA,NA,NA,chr17:10515971,G:A,0,NA,1,AM015b-X2-Cell
AM015b-X2,NAE1:chr16:66823281:T:C,NAE1,NA,NA,NA,chr16:66823281,T:C,0,NA,1,AM015b-X2-Cell
AM015b-X2,OVOL2:chr20:18056845:-:G,OVOL2,NA,NA,NA,chr20:18056845,-:G,0,NA,1,AM015b-X2-Cell
AM015b-X2,PHF8:chrX:54017807:A:G,PHF8,NA,NA,NA,chrX:54017807,A:G,0,NA,1,AM015b-X2-Cell
AM015b-X2,PTPRB:chr12:70540857:C:T,PTPRB,TSG,angiosarcoma,,chr12:70540857,C:T,0,NA,1,AM015b-X2-Cell
AM015b-X2,TMEM132E:chr17:34626950:C:G,TMEM132E,NA,NA,NA,chr17:34626950,C:G,0,NA,1,AM015b-X2-Cell
AM015b-X2,TTC5:chr14:20292058:C:G,TTC5,NA,NA,NA,chr14:20292058,C:G,0,NA,1,AM015b-X2-Cell
AM015b-X2,AVP:chr20:3083073:G:T,AVP,NA,NA,NA,chr20:3083073,G:T,0,NA,1,AM015b-X2-Cell2
AM015b-X2,CENPE:chr4:103109045:C:A,CENPE,NA,NA,NA,chr4:103109045,C:A,0,NA,1,AM015b-X2-Cell2
AM015b-X2,E2F2:chr1:23530577:G:A,E2F2,NA,NA,NA,chr1:23530577,G:A,0,NA,1,AM015b-X2-Cell2
AM015b-X2,HDC:chr15:50263337:C:T,HDC,NA,NA,NA,chr15:50263337,C:T,0,NA,1,AM015b-X2-Cell2
AM015b-X2,IRAK1BP1:chr6:78897844:A:G,IRAK1BP1,NA,NA,NA,chr6:78897844,A:G,0,NA,1,AM015b-X2-Cell2
AM015b-X2,MAP7D2:chrX:20063488:C:T,MAP7D2,NA,NA,NA,chrX:20063488,C:T,0,NA,1,AM015b-X2-Cell2
AM015b-X2,MKNK1:chr1:46583265:C:G,MKNK1,NA,NA,NA,chr1:46583265,C:G,0,NA,1,AM015b-X2-Cell2
AM015b-X2,NPHS2:chr1:179559745:-:A,NPHS2,NA,NA,NA,chr1:179559745,-:A,0,NA,1,AM015b-X2-Cell2
AM015b-X2,PNPLA5:chr22:43886354:G:T,PNPLA5,NA,NA,NA,chr22:43886354,G:T,0,NA,1,AM015b-X2-Cell2
AM015b-X2,TAPT1:chr4:16166726:C:T,TAPT1,NA,NA,NA,chr4:16166726,C:T,0,NA,1,AM015b-X2-Cell2
AM015b-X2,TTK:chr6:80007995:T:C,TTK,NA,NA,NA,chr6:80007995,T:C,0,NA,1,AM015b-X2-Cell2
AM015b-X2,USP53:chr4:119292726:C:A,USP53,NA,NA,NA,chr4:119292726,C:A,0,NA,1,AM015b-X2-Cell2
AM015b-X2,ADAMTS8:chr11:130405892:A:T,ADAMTS8,NA,NA,NA,chr11:130405892,A:T,0,NA,1,AM015b
AM015b-X2,ERCC6L2:chr9:96012909:G:T,ERCC6L2,NA,NA,NA,chr9:96012909,G:T,0,NA,1,AM015b
AM015b-X2,PHGDH:chr1:119727036:G:T,PHGDH,NA,NA,NA,chr1:119727036,G:T,0,NA,1,AM015b
AM015b-X2,RPH3A:chr12:112894633:A:G,RPH3A,NA,NA,NA,chr12:112894633,A:G,0,NA,1,AM015b
AM015b-X2-Cell,ACAP2:chr3:195285825:C:T,ACAP2,NA,NA,NA,chr3:195285825,C:T,1,Public,6,AM015b-X3/AM015b-X2/AM015b-X2-Cell/AM015b-X2-Cell2/AM015b/AM015b-X1
AM015b-X2-Cell,ADAMTSL4:chr1:150557520:A:C,ADAMTSL4,NA,NA,NA,chr1:150557520,A:C,1,Public,6,AM015b-X3/AM015b-X2/AM015b-X2-Cell/AM015b-X2-Cell2/AM015b/AM015b-X1
AM015b-X2-Cell,AJUBA:chr14:22981951:G:A,AJUBA,NA,NA,NA,chr14:22981951,G:A,1,Public,6,AM015b-X3/AM015b-X2/AM015b-X2-Cell/AM015b-X2-Cell2/AM015b/AM015b-X1
AM015b-X2-Cell,AQP11:chr11:77590288:A:G,AQP11,NA,NA,NA,chr11:77590288,A:G,1,Public,6,AM015b-X3/AM015b-X2/AM015b-X2-Cell/AM015b-X2-Cell2/AM015b/AM015b-X1
AM015b-X2-Cell,ARHGEF12:chr11:120473097:G:C,ARHGEF12,"TSG, fusion",AML,,chr11:120473097,G:C,1,Public,6,AM015b-X3/AM015b-X2/AM015b-X2-Cell/AM015b-X2-Cell2/AM015b/AM015b-X1
AM015b-X2-Cell,AXIN2:chr17:65541496:T:C,AXIN2,TSG,colorectal carcinoma/stomach carcinoma/hepatocellular carcinoma,colorectal carcinoma,chr17:65541496,T:C,1,Public,6,AM015b-X3/AM015b-X2/AM015b-X2-Cell/AM015b-X2-Cell2/AM015b/AM015b-X1
AM015b-X2-Cell,BCL11B:chr14:99175069:G:A,BCL11B,"oncogene, TSG, fusion",T-ALL,,chr14:99175069,G:A,1,Public,6,AM015b-X3/AM015b-X2/AM015b-X2-Cell/AM015b-X2-Cell2/AM015b/AM015b-X1
AM015b-X2-Cell,BLK:chr8:11563049:C:T,BLK,NA,NA,NA,chr8:11563049,C:T,1,Public,6,AM015b-X3/AM015b-X2/AM015b-X2-Cell/AM015b-X2-Cell2/AM015b/AM015b-X1
AM015b-X2-Cell,BRWD1:chr21:39270325:T:C,BRWD1,NA,NA,NA,chr21:39270325,T:C,1,Public,6,AM015b-X3/AM015b-X2/AM015b-X2-Cell/AM015b-X2-Cell2/AM015b/AM015b-X1
AM015b-X2-Cell,CCDC159:chr19:11352114:C:T,CCDC159,NA,NA,NA,chr19:11352114,C:T,1,Public,6,AM015b-X3/AM015b-X2/AM015b-X2-Cell/AM015b-X2-Cell2/AM015b/AM015b-X1
AM015b-X2-Cell,CCT6A:chr7:56059641:G:C,CCT6A,NA,NA,NA,chr7:56059641,G:C,1,Public,6,AM015b-X3/AM015b-X2/AM015b-X2-Cell/AM015b-X2-Cell2/AM015b/AM015b-X1
AM015b-X2-Cell,CD1C:chr1:158291245:G:T,CD1C,NA,NA,NA,chr1:158291245,G:T,1,Public,6,AM015b-X3/AM015b-X2/AM015b-X2-Cell/AM015b-X2-Cell2/AM015b/AM015b-X1
AM015b-X2-Cell,CEACAM5:chr19:41715698:C:T,CEACAM5,NA,NA,NA,chr19:41715698,C:T,1,Public,6,AM015b-X3/AM015b-X2/AM015b-X2-Cell/AM015b-X2-Cell2/AM015b/AM015b-X1
AM015b-X2-Cell,CEP170:chr1:243191056:A:C,CEP170,NA,NA,NA,chr1:243191056,A:C,1,Public,6,AM015b-X3/AM015b-X2/AM015b-X2-Cell/AM015b-X2-Cell2/AM015b/AM015b-X1
AM015b-X2-Cell,CEP350:chr1:180020839:G:T,CEP350,NA,NA,NA,chr1:180020839,G:T,1,Public,6,AM015b-X3/AM015b-X2/AM015b-X2-Cell/AM015b-X2-Cell2/AM015b/AM015b-X1
AM015b-X2-Cell,CORO7-PAM16:chr16:4364333:G:A,CORO7-PAM16,NA,NA,NA,chr16:4364333,G:A,1,Public,6,AM015b-X3/AM015b-X2/AM015b-X2-Cell/AM015b-X2-Cell2/AM015b/AM015b-X1
AM015b-X2-Cell,CORO7:chr16:4364333:G:A,CORO7,NA,NA,NA,chr16:4364333,G:A,1,Public,6,AM015b-X3/AM015b-X2/AM015b-X2-Cell/AM015b-X2-Cell2/AM015b/AM015b-X1
AM015b-X2-Cell,CREBBP:chr16:3792089:G:-,CREBBP,"oncogene, TSG, fusion",ALL/AML/DLBCL/B-NHL,,chr16:3792089,G:-,1,Public,6,AM015b-X3/AM015b-X2/AM015b-X2-Cell/AM015b-X2-Cell2/AM015b/AM015b-X1
AM015b-X2-Cell,CTNNB1:chr3:41224645:T:C,CTNNB1,"oncogene, fusion",colorectal/ovarian/ hepatoblastoma/pleomorphic salivary gland adenoma/other tumour types,,chr3:41224645,T:C,1,Public,6,AM015b-X3/AM015b-X2/AM015b-X2-Cell/AM015b-X2-Cell2/AM015b/AM015b-X1
AM015b-X2-Cell,DAP:chr5:10680756:G:A,DAP,NA,NA,NA,chr5:10680756,G:A,1,Public,6,AM015b-X3/AM015b-X2/AM015b-X2-Cell/AM015b-X2-Cell2/AM015b/AM015b-X1
AM015b-X2-Cell,DAP:chr5:10680884:G:A,DAP,NA,NA,NA,chr5:10680884,G:A,1,Public,6,AM015b-X3/AM015b-X2/AM015b-X2-Cell/AM015b-X2-Cell2/AM015b/AM015b-X1
AM015b-X2-Cell,DAP:chr5:10680924:G:A,DAP,NA,NA,NA,chr5:10680924,G:A,1,Public,6,AM015b-X3/AM015b-X2/AM015b-X2-Cell/AM015b-X2-Cell2/AM015b/AM015b-X1
AM015b-X2-Cell,DAPK1:chr9:87646506:C:T,DAPK1,NA,NA,NA,chr9:87646506,C:T,1,Public,6,AM015b-X3/AM015b-X2/AM015b-X2-Cell/AM015b-X2-Cell2/AM015b/AM015b-X1
AM015b-X2-Cell,DENND5A:chr11:9141965:G:A,DENND5A,NA,NA,NA,chr11:9141965,G:A,1,Public,6,AM015b-X3/AM015b-X2/AM015b-X2-Cell/AM015b-X2-Cell2/AM015b/AM015b-X1
AM015b-X2-Cell,DNAH10:chr12:123853275:G:A,DNAH10,NA,NA,NA,chr12:123853275,G:A,1,Public,6,AM015b-X3/AM015b-X2/AM015b-X2-Cell/AM015b-X2-Cell2/AM015b/AM015b-X1
AM015b-X2-Cell,DSN1:chr20:36762471:C:T,DSN1,NA,NA,NA,chr20:36762471,C:T,1,Public,6,AM015b-X3/AM015b-X2/AM015b-X2-Cell/AM015b-X2-Cell2/AM015b/AM015b-X1
AM015b-X2-Cell,DVL3:chr3:184170649:C:T,DVL3,NA,NA,NA,chr3:184170649,C:T,1,Public,6,AM015b-X3/AM015b-X2/AM015b-X2-Cell/AM015b-X2-Cell2/AM015b/AM015b-X1
AM015b-X2-Cell,ELP2:chr18:36154909:C:A,ELP2,NA,NA,NA,chr18:36154909,C:A,1,Public,6,AM015b-X3/AM015b-X2/AM015b-X2-Cell/AM015b-X2-Cell2/AM015b/AM015b-X1
AM015b-X2-Cell,FRY:chr13:32224240:C:T,FRY,NA,NA,NA,chr13:32224240,C:T,1,Public,6,AM015b-X3/AM015b-X2/AM015b-X2-Cell/AM015b-X2-Cell2/AM015b/AM015b-X1
AM015b-X2-Cell,GABBR2:chr9:98306269:A:G,GABBR2,NA,NA,NA,chr9:98306269,A:G,1,Public,6,AM015b-X3/AM015b-X2/AM015b-X2-Cell/AM015b-X2-Cell2/AM015b/AM015b-X1
AM015b-X2-Cell,GALNT18:chr11:11379185:G:A,GALNT18,NA,NA,NA,chr11:11379185,G:A,1,Public,6,AM015b-X3/AM015b-X2/AM015b-X2-Cell/AM015b-X2-Cell2/AM015b/AM015b-X1
AM015b-X2-Cell,GAPVD1:chr9:125298952:C:T,GAPVD1,NA,NA,NA,chr9:125298952,C:T,1,Public,6,AM015b-X3/AM015b-X2/AM015b-X2-Cell/AM015b-X2-Cell2/AM015b/AM015b-X1
AM015b-X2-Cell,GLT8D1:chr3:52697887:G:A,GLT8D1,NA,NA,NA,chr3:52697887,G:A,1,Public,6,AM015b-X3/AM015b-X2/AM015b-X2-Cell/AM015b-X2-Cell2/AM015b/AM015b-X1
AM015b-X2-Cell,GNL1:chr6:30547403:-:A,GNL1,NA,NA,NA,chr6:30547403,-:A,1,Public,6,AM015b-X3/AM015b-X2/AM015b-X2-Cell/AM015b-X2-Cell2/AM015b/AM015b-X1
AM015b-X2-Cell,GNL1:chr6:30547425:A:G,GNL1,NA,NA,NA,chr6:30547425,A:G,1,Public,6,AM015b-X3/AM015b-X2/AM015b-X2-Cell/AM015b-X2-Cell2/AM015b/AM015b-X1
AM015b-X2-Cell,H2BC10:chr6:26273265:C:T,H2BC10,NA,NA,NA,chr6:26273265,C:T,1,Public,6,AM015b-X3/AM015b-X2/AM015b-X2-Cell/AM015b-X2-Cell2/AM015b/AM015b-X1
AM015b-X2-Cell,HDLBP:chr2:241230890:C:T,HDLBP,NA,NA,NA,chr2:241230890,C:T,1,Public,6,AM015b-X3/AM015b-X2/AM015b-X2-Cell/AM015b-X2-Cell2/AM015b/AM015b-X1
AM015b-X2-Cell,HEPHL1:chr11:94088916:C:T,HEPHL1,NA,NA,NA,chr11:94088916,C:T,1,Public,6,AM015b-X3/AM015b-X2/AM015b-X2-Cell/AM015b-X2-Cell2/AM015b/AM015b-X1
AM015b-X2-Cell,IFIT2:chr10:89306959:C:T,IFIT2,NA,NA,NA,chr10:89306959,C:T,1,Public,6,AM015b-X3/AM015b-X2/AM015b-X2-Cell/AM015b-X2-Cell2/AM015b/AM015b-X1
AM015b-X2-Cell,IRF2BPL:chr14:77025781:C:T,IRF2BPL,NA,NA,NA,chr14:77025781,C:T,1,Public,6,AM015b-X3/AM015b-X2/AM015b-X2-Cell/AM015b-X2-Cell2/AM015b/AM015b-X1
AM015b-X2-Cell,ITGA3:chr17:50089140:C:T,ITGA3,NA,NA,NA,chr17:50089140,C:T,1,Public,6,AM015b-X3/AM015b-X2/AM015b-X2-Cell/AM015b-X2-Cell2/AM015b/AM015b-X1
AM015b-X2-Cell,JAKMIP3:chr10:132104900:A:G,JAKMIP3,NA,NA,NA,chr10:132104900,A:G,1,Public,6,AM015b-X3/AM015b-X2/AM015b-X2-Cell/AM015b-X2-Cell2/AM015b/AM015b-X1
AM015b-X2-Cell,KCNA5:chr12:5045933:T:C,KCNA5,NA,NA,NA,chr12:5045933,T:C,1,Public,6,AM015b-X3/AM015b-X2/AM015b-X2-Cell/AM015b-X2-Cell2/AM015b/AM015b-X1
AM015b-X2-Cell,KCNK9:chr8:139618629:C:T,KCNK9,NA,NA,NA,chr8:139618629,C:T,1,Public,6,AM015b-X3/AM015b-X2/AM015b-X2-Cell/AM015b-X2-Cell2/AM015b/AM015b-X1
AM015b-X2-Cell,KCTD3:chr1:215620302:C:T,KCTD3,NA,NA,NA,chr1:215620302,C:T,1,Public,6,AM015b-X3/AM015b-X2/AM015b-X2-Cell/AM015b-X2-Cell2/AM015b/AM015b-X1
AM015b-X2-Cell,KIT:chr4:54727495:T:C,KIT,oncogene,GIST/AML/TGCT/mastocytosis/mucosal melanoma,GIST/epithelioma,chr4:54727495,T:C,1,Public,6,AM015b-X3/AM015b-X2/AM015b-X2-Cell/AM015b-X2-Cell2/AM015b/AM015b-X1
AM015b-X2-Cell,KRT27:chr17:40782224:G:T,KRT27,NA,NA,NA,chr17:40782224,G:T,1,Public,6,AM015b-X3/AM015b-X2/AM015b-X2-Cell/AM015b-X2-Cell2/AM015b/AM015b-X1
AM015b-X2-Cell,LAMA1:chr18:7042215:A:G,LAMA1,NA,NA,NA,chr18:7042215,A:G,1,Public,6,AM015b-X3/AM015b-X2/AM015b-X2-Cell/AM015b-X2-Cell2/AM015b/AM015b-X1
AM015b-X2-Cell,LRTM1:chr3:54925004:C:A,LRTM1,NA,NA,NA,chr3:54925004,C:A,1,Public,6,AM015b-X3/AM015b-X2/AM015b-X2-Cell/AM015b-X2-Cell2/AM015b/AM015b-X1
AM015b-X2-Cell,MAN1C1:chr1:25778154:T:C,MAN1C1,NA,NA,NA,chr1:25778154,T:C,1,Public,6,AM015b-X3/AM015b-X2/AM015b-X2-Cell/AM015b-X2-Cell2/AM015b/AM015b-X1
AM015b-X2-Cell,MAPKAPK3:chr3:50617648:-:G,MAPKAPK3,NA,NA,NA,chr3:50617648,-:G,1,Public,6,AM015b-X3/AM015b-X2/AM015b-X2-Cell/AM015b-X2-Cell2/AM015b/AM015b-X1
AM015b-X2-Cell,MEOX2:chr7:15686359:G:A,MEOX2,NA,NA,NA,chr7:15686359,G:A,1,Public,6,AM015b-X3/AM015b-X2/AM015b-X2-Cell/AM015b-X2-Cell2/AM015b/AM015b-X1
AM015b-X2-Cell,MGP:chr12:14884228:C:T,MGP,NA,NA,NA,chr12:14884228,C:T,1,Public,6,AM015b-X3/AM015b-X2/AM015b-X2-Cell/AM015b-X2-Cell2/AM015b/AM015b-X1
AM015b-X2-Cell,MMP2:chr16:55484117:G:A,MMP2,NA,NA,NA,chr16:55484117,G:A,1,Public,6,AM015b-X3/AM015b-X2/AM015b-X2-Cell/AM015b-X2-Cell2/AM015b/AM015b-X1
AM015b-X2-Cell,MYO10:chr5:16762044:C:G,MYO10,NA,NA,NA,chr5:16762044,C:G,1,Public,6,AM015b-X3/AM015b-X2/AM015b-X2-Cell/AM015b-X2-Cell2/AM015b/AM015b-X1
AM015b-X2-Cell,MYO9B:chr19:17172763:T:C,MYO9B,NA,NA,NA,chr19:17172763,T:C,1,Public,6,AM015b-X3/AM015b-X2/AM015b-X2-Cell/AM015b-X2-Cell2/AM015b/AM015b-X1
AM015b-X2-Cell,NXF3:chrX:103077648:G:A,NXF3,NA,NA,NA,chrX:103077648,G:A,1,Public,6,AM015b-X3/AM015b-X2/AM015b-X2-Cell/AM015b-X2-Cell2/AM015b/AM015b-X1
AM015b-X2-Cell,OR52D1:chr11:5489629:T:A,OR52D1,NA,NA,NA,chr11:5489629,T:A,1,Public,6,AM015b-X3/AM015b-X2/AM015b-X2-Cell/AM015b-X2-Cell2/AM015b/AM015b-X1
AM015b-X2-Cell,OR7E24:chr19:9251483:C:T,OR7E24,NA,NA,NA,chr19:9251483,C:T,1,Public,6,AM015b-X3/AM015b-X2/AM015b-X2-Cell/AM015b-X2-Cell2/AM015b/AM015b-X1
AM015b-X2-Cell,PCLO:chr7:82953870:AA:-,PCLO,NA,NA,NA,chr7:82953870,AA:-,1,Public,6,AM015b-X3/AM015b-X2/AM015b-X2-Cell/AM015b-X2-Cell2/AM015b/AM015b-X1
AM015b-X2-Cell,PHF20L1:chr8:132816943:A:T,PHF20L1,NA,NA,NA,chr8:132816943,A:T,1,Public,6,AM015b-X3/AM015b-X2/AM015b-X2-Cell/AM015b-X2-Cell2/AM015b/AM015b-X1
AM015b-X2-Cell,PLEKHA6:chr1:204257862:T:C,PLEKHA6,NA,NA,NA,chr1:204257862,T:C,1,Public,6,AM015b-X3/AM015b-X2/AM015b-X2-Cell/AM015b-X2-Cell2/AM015b/AM015b-X1
AM015b-X2-Cell,PLXNB2:chr22:50276628:C:G,PLXNB2,NA,NA,NA,chr22:50276628,C:G,1,Public,6,AM015b-X3/AM015b-X2/AM015b-X2-Cell/AM015b-X2-Cell2/AM015b/AM015b-X1
AM015b-X2-Cell,POM121L2:chr6:27309929:G:A,POM121L2,NA,NA,NA,chr6:27309929,G:A,1,Public,6,AM015b-X3/AM015b-X2/AM015b-X2-Cell/AM015b-X2-Cell2/AM015b/AM015b-X1
AM015b-X2-Cell,PPP4R4:chr14:94265884:C:G,PPP4R4,NA,NA,NA,chr14:94265884,C:G,1,Public,6,AM015b-X3/AM015b-X2/AM015b-X2-Cell/AM015b-X2-Cell2/AM015b/AM015b-X1
AM015b-X2-Cell,PTPN11:chr12:112489106:G:C,PTPN11,oncogene,JMML/AML/MDS,,chr12:112489106,G:C,1,Public,6,AM015b-X3/AM015b-X2/AM015b-X2-Cell/AM015b-X2-Cell2/AM015b/AM015b-X1
AM015b-X2-Cell,RADX:chrX:106639602:T:A,RADX,NA,NA,NA,chrX:106639602,T:A,1,Public,6,AM015b-X3/AM015b-X2/AM015b-X2-Cell/AM015b-X2-Cell2/AM015b/AM015b-X1
AM015b-X2-Cell,RFC1:chr4:39303067:C:A,RFC1,NA,NA,NA,chr4:39303067,C:A,1,Public,6,AM015b-X3/AM015b-X2/AM015b-X2-Cell/AM015b-X2-Cell2/AM015b/AM015b-X1
AM015b-X2-Cell,RNPC3:chr1:103546977:G:C,RNPC3,NA,NA,NA,chr1:103546977,G:C,1,Public,6,AM015b-X3/AM015b-X2/AM015b-X2-Cell/AM015b-X2-Cell2/AM015b/AM015b-X1
AM015b-X2-Cell,ROBO3:chr11:124873041:C:T,ROBO3,NA,NA,NA,chr11:124873041,C:T,1,Public,6,AM015b-X3/AM015b-X2/AM015b-X2-Cell/AM015b-X2-Cell2/AM015b/AM015b-X1
AM015b-X2-Cell,RP1:chr8:54622190:G:A,RP1,NA,NA,NA,chr8:54622190,G:A,1,Public,6,AM015b-X3/AM015b-X2/AM015b-X2-Cell/AM015b-X2-Cell2/AM015b/AM015b-X1
AM015b-X2-Cell,SCN11A:chr3:38904075:G:A,SCN11A,NA,NA,NA,chr3:38904075,G:A,1,Public,6,AM015b-X3/AM015b-X2/AM015b-X2-Cell/AM015b-X2-Cell2/AM015b/AM015b-X1
AM015b-X2-Cell,SEPTIN3:chr22:41989662:A:G,SEPTIN3,NA,NA,NA,chr22:41989662,A:G,1,Public,6,AM015b-X3/AM015b-X2/AM015b-X2-Cell/AM015b-X2-Cell2/AM015b/AM015b-X1
AM015b-X2-Cell,SFTPA2:chr10:79559317:G:A,SFTPA2,NA,NA,NA,chr10:79559317,G:A,1,Public,6,AM015b-X3/AM015b-X2/AM015b-X2-Cell/AM015b-X2-Cell2/AM015b/AM015b-X1
AM015b-X2-Cell,SGPP2:chr2:222558371:A:C,SGPP2,NA,NA,NA,chr2:222558371,A:C,1,Public,6,AM015b-X3/AM015b-X2/AM015b-X2-Cell/AM015b-X2-Cell2/AM015b/AM015b-X1
AM015b-X2-Cell,SH3TC1:chr4:8205207:C:G,SH3TC1,NA,NA,NA,chr4:8205207,C:G,1,Public,6,AM015b-X3/AM015b-X2/AM015b-X2-Cell/AM015b-X2-Cell2/AM015b/AM015b-X1
AM015b-X2-Cell,SLC16A14:chr2:230046345:C:T,SLC16A14,NA,NA,NA,chr2:230046345,C:T,1,Public,6,AM015b-X3/AM015b-X2/AM015b-X2-Cell/AM015b-X2-Cell2/AM015b/AM015b-X1
AM015b-X2-Cell,SLC5A3:chr21:34095572:A:G,SLC5A3,NA,NA,NA,chr21:34095572,A:G,1,Public,6,AM015b-X3/AM015b-X2/AM015b-X2-Cell/AM015b-X2-Cell2/AM015b/AM015b-X1
AM015b-X2-Cell,SLC7A7:chr14:22780010:T:C,SLC7A7,NA,NA,NA,chr14:22780010,T:C,1,Public,6,AM015b-X3/AM015b-X2/AM015b-X2-Cell/AM015b-X2-Cell2/AM015b/AM015b-X1
AM015b-X2-Cell,SLC9A3:chr5:488471:G:A,SLC9A3,NA,NA,NA,chr5:488471,G:A,1,Public,6,AM015b-X3/AM015b-X2/AM015b-X2-Cell/AM015b-X2-Cell2/AM015b/AM015b-X1
AM015b-X2-Cell,SOWAHA:chr5:132813809:A:G,SOWAHA,NA,NA,NA,chr5:132813809,A:G,1,Public,6,AM015b-X3/AM015b-X2/AM015b-X2-Cell/AM015b-X2-Cell2/AM015b/AM015b-X1
AM015b-X2-Cell,SPANXB1:chrX:141003529:G:A,SPANXB1,NA,NA,NA,chrX:141003529,G:A,1,Public,6,AM015b-X3/AM015b-X2/AM015b-X2-Cell/AM015b-X2-Cell2/AM015b/AM015b-X1
AM015b-X2-Cell,SPATS1:chr6:44368496:C:T,SPATS1,NA,NA,NA,chr6:44368496,C:T,1,Public,6,AM015b-X3/AM015b-X2/AM015b-X2-Cell/AM015b-X2-Cell2/AM015b/AM015b-X1
AM015b-X2-Cell,SUCLA2:chr13:47996858:T:C,SUCLA2,NA,NA,NA,chr13:47996858,T:C,1,Public,6,AM015b-X3/AM015b-X2/AM015b-X2-Cell/AM015b-X2-Cell2/AM015b/AM015b-X1
AM015b-X2-Cell,SYNGAP1:chr6:33441241:A:C,SYNGAP1,NA,NA,NA,chr6:33441241,A:C,1,Public,6,AM015b-X3/AM015b-X2/AM015b-X2-Cell/AM015b-X2-Cell2/AM015b/AM015b-X1
AM015b-X2-Cell,TAS2R46:chr12:11062229:A:T,TAS2R46,NA,NA,NA,chr12:11062229,A:T,1,Public,6,AM015b-X3/AM015b-X2/AM015b-X2-Cell/AM015b-X2-Cell2/AM015b/AM015b-X1
AM015b-X2-Cell,TCTEX1D1:chr1:66777309:T:C,TCTEX1D1,NA,NA,NA,chr1:66777309,T:C,1,Public,6,AM015b-X3/AM015b-X2/AM015b-X2-Cell/AM015b-X2-Cell2/AM015b/AM015b-X1
AM015b-X2-Cell,TMC6:chr17:78126310:G:T,TMC6,NA,NA,NA,chr17:78126310,G:T,1,Public,6,AM015b-X3/AM015b-X2/AM015b-X2-Cell/AM015b-X2-Cell2/AM015b/AM015b-X1
AM015b-X2-Cell,TNRC18:chr7:5374287:G:A,TNRC18,NA,NA,NA,chr7:5374287,G:A,1,Public,6,AM015b-X3/AM015b-X2/AM015b-X2-Cell/AM015b-X2-Cell2/AM015b/AM015b-X1
AM015b-X2-Cell,TSPAN15:chr10:69451662:C:T,TSPAN15,NA,NA,NA,chr10:69451662,C:T,1,Public,6,AM015b-X3/AM015b-X2/AM015b-X2-Cell/AM015b-X2-Cell2/AM015b/AM015b-X1
AM015b-X2-Cell,TTN:chr2:178620579:C:T,TTN,NA,NA,NA,chr2:178620579,C:T,1,Public,6,AM015b-X3/AM015b-X2/AM015b-X2-Cell/AM015b-X2-Cell2/AM015b/AM015b-X1
AM015b-X2-Cell,TUBGCP5:chr15:23022100:C:T,TUBGCP5,NA,NA,NA,chr15:23022100,C:T,1,Public,6,AM015b-X3/AM015b-X2/AM015b-X2-Cell/AM015b-X2-Cell2/AM015b/AM015b-X1
AM015b-X2-Cell,TUT4:chr1:52446376:G:A,TUT4,NA,NA,NA,chr1:52446376,G:A,1,Public,6,AM015b-X3/AM015b-X2/AM015b-X2-Cell/AM015b-X2-Cell2/AM015b/AM015b-X1
AM015b-X2-Cell,TWNK:chr10:100989136:G:A,TWNK,NA,NA,NA,chr10:100989136,G:A,1,Public,6,AM015b-X3/AM015b-X2/AM015b-X2-Cell/AM015b-X2-Cell2/AM015b/AM015b-X1
AM015b-X2-Cell,TYK2:chr19:10359256:C:A,TYK2,NA,NA,NA,chr19:10359256,C:A,1,Public,6,AM015b-X3/AM015b-X2/AM015b-X2-Cell/AM015b-X2-Cell2/AM015b/AM015b-X1
AM015b-X2-Cell,UBE2V2:chr8:48049980:T:A,UBE2V2,NA,NA,NA,chr8:48049980,T:A,1,Public,6,AM015b-X3/AM015b-X2/AM015b-X2-Cell/AM015b-X2-Cell2/AM015b/AM015b-X1
AM015b-X2-Cell,URGCP:chr7:43878107:C:T,URGCP,NA,NA,NA,chr7:43878107,C:T,1,Public,6,AM015b-X3/AM015b-X2/AM015b-X2-Cell/AM015b-X2-Cell2/AM015b/AM015b-X1
AM015b-X2-Cell,USP54:chr10:73504920:C:T,USP54,NA,NA,NA,chr10:73504920,C:T,1,Public,6,AM015b-X3/AM015b-X2/AM015b-X2-Cell/AM015b-X2-Cell2/AM015b/AM015b-X1
AM015b-X2-Cell,VCAM1:chr1:100731334:G:A,VCAM1,NA,NA,NA,chr1:100731334,G:A,1,Public,6,AM015b-X3/AM015b-X2/AM015b-X2-Cell/AM015b-X2-Cell2/AM015b/AM015b-X1
AM015b-X2-Cell,WIPI2:chr7:5217986:G:T,WIPI2,NA,NA,NA,chr7:5217986,G:T,1,Public,6,AM015b-X3/AM015b-X2/AM015b-X2-Cell/AM015b-X2-Cell2/AM015b/AM015b-X1
AM015b-X2-Cell,WNK4:chr17:42785347:C:T,WNK4,NA,NA,NA,chr17:42785347,C:T,1,Public,6,AM015b-X3/AM015b-X2/AM015b-X2-Cell/AM015b-X2-Cell2/AM015b/AM015b-X1
AM015b-X2-Cell,ZNF225:chr19:44132440:C:T,ZNF225,NA,NA,NA,chr19:44132440,C:T,1,Public,6,AM015b-X3/AM015b-X2/AM015b-X2-Cell/AM015b-X2-Cell2/AM015b/AM015b-X1
AM015b-X2-Cell,ZNF449:chrX:135347165:G:C,ZNF449,NA,NA,NA,chrX:135347165,G:C,1,Public,6,AM015b-X3/AM015b-X2/AM015b-X2-Cell/AM015b-X2-Cell2/AM015b/AM015b-X1
AM015b-X2-Cell,ZNF510:chr9:96776040:A:T,ZNF510,NA,NA,NA,chr9:96776040,A:T,1,Public,6,AM015b-X3/AM015b-X2/AM015b-X2-Cell/AM015b-X2-Cell2/AM015b/AM015b-X1
AM015b-X2-Cell,ZUP1:chr6:116651659:-:C,ZUP1,NA,NA,NA,chr6:116651659,-:C,1,Public,6,AM015b-X3/AM015b-X2/AM015b-X2-Cell/AM015b-X2-Cell2/AM015b/AM015b-X1
AM015b-X2-Cell,ZZEF1:chr17:4056226:T:A,ZZEF1,NA,NA,NA,chr17:4056226,T:A,1,Public,6,AM015b-X3/AM015b-X2/AM015b-X2-Cell/AM015b-X2-Cell2/AM015b/AM015b-X1
AM015b-X2-Cell,DAP:chr5:10680908:G:A,DAP,NA,NA,NA,chr5:10680908,G:A,1,Shared,5,AM015b-X3/AM015b-X2/AM015b-X2-Cell/AM015b-X2-Cell2/AM015b-X1
AM015b-X2-Cell,MZT1:chr13:72719065:C:T,MZT1,NA,NA,NA,chr13:72719065,C:T,1,Shared,5,AM015b-X3/AM015b-X2/AM015b-X2-Cell/AM015b-X2-Cell2/AM015b-X1
AM015b-X2-Cell,PRDM5:chr4:120798414:G:C,PRDM5,NA,NA,NA,chr4:120798414,G:C,1,Shared,5,AM015b-X3/AM015b-X2/AM015b-X2-Cell/AM015b-X2-Cell2/AM015b-X1
AM015b-X2-Cell,CELSR1:chr22:46536643:G:A,CELSR1,NA,NA,NA,chr22:46536643,G:A,1,Shared,3,AM015b-X3/AM015b-X2/AM015b-X2-Cell
AM015b-X2-Cell,TNKS:chr8:9555964:C:T,TNKS,NA,NA,NA,chr8:9555964,C:T,0,NA,4,AM015b-X3/AM015b-X2/AM015b/AM015b-X1
AM015b-X2-Cell,WNK1:chr12:885847:A:G,WNK1,NA,NA,NA,chr12:885847,A:G,0,NA,4,AM015b-X3/AM015b-X2/AM015b/AM015b-X1
AM015b-X2-Cell,XDH:chr2:31366033:C:G,XDH,NA,NA,NA,chr2:31366033,C:G,0,NA,4,AM015b-X3/AM015b-X2/AM015b/AM015b-X1
AM015b-X2-Cell,SFTPA1:chr10:79611992:C:T,SFTPA1,NA,NA,NA,chr10:79611992,C:T,0,NA,3,AM015b-X3/AM015b-X2/AM015b
AM015b-X2-Cell,ALKBH8:chr11:107504818:C:T,ALKBH8,NA,NA,NA,chr11:107504818,C:T,0,NA,3,AM015b-X3/AM015b-X2/AM015b-X1
AM015b-X2-Cell,ARHGAP5:chr14:32090812:A:C,ARHGAP5,oncogene,colon cancer/glioma,,chr14:32090812,A:C,0,NA,3,AM015b-X3/AM015b-X2/AM015b-X1
AM015b-X2-Cell,MGAM2:chr7:142166153:G:T,MGAM2,NA,NA,NA,chr7:142166153,G:T,0,NA,3,AM015b-X3/AM015b-X2/AM015b-X1
AM015b-X2-Cell,SPEN:chr1:15932157:G:-,SPEN,TSG,SMZL/adenoid cystic carcinoma/DLBCL,,chr1:15932157,G:-,0,NA,3,AM015b-X3/AM015b-X2/AM015b-X1
AM015b-X2-Cell,YTHDF2:chr1:28742741:T:C,YTHDF2,NA,NA,NA,chr1:28742741,T:C,0,NA,3,AM015b-X3/AM015b-X2/AM015b-X1
AM015b-X2-Cell,PPP1CC:chr12:110722539:A:G,PPP1CC,NA,NA,NA,chr12:110722539,A:G,0,NA,2,AM015b-X3/AM015b-X2
AM015b-X2-Cell,PPP1CC:chr12:110722648:G:T,PPP1CC,NA,NA,NA,chr12:110722648,G:T,0,NA,2,AM015b-X3/AM015b-X2
AM015b-X2-Cell,PPP2R5A:chr1:212329231:G:T,PPP2R5A,NA,NA,NA,chr1:212329231,G:T,0,NA,2,AM015b-X3/AM015b-X2
AM015b-X2-Cell,PUM1:chr1:31059390:C:T,PUM1,NA,NA,NA,chr1:31059390,C:T,0,NA,2,AM015b-X3/AM015b-X2
AM015b-X2-Cell,UBE2N:chr12:93411132:G:T,UBE2N,NA,NA,NA,chr12:93411132,G:T,0,NA,2,AM015b-X3/AM015b-X2
AM015b-X2-Cell,UBE2N:chr12:93411204:A:G,UBE2N,NA,NA,NA,chr12:93411204,A:G,0,NA,2,AM015b-X3/AM015b-X2
AM015b-X2-Cell,UBE2N:chr12:93411255:G:T,UBE2N,NA,NA,NA,chr12:93411255,G:T,0,NA,2,AM015b-X3/AM015b-X2
AM015b-X2-Cell,UBE2N:chr12:93411261:G:A,UBE2N,NA,NA,NA,chr12:93411261,G:A,0,NA,2,AM015b-X3/AM015b-X2
AM015b-X2-Cell,YTHDF2:chr1:28742642:C:T,YTHDF2,NA,NA,NA,chr1:28742642,C:T,0,NA,2,AM015b-X3/AM015b-X2
AM015b-X2-Cell,YTHDF2:chr1:28742705:G:A,YTHDF2,NA,NA,NA,chr1:28742705,G:A,0,NA,2,AM015b-X3/AM015b-X2
AM015b-X2-Cell,YTHDF2:chr1:28742729:T:C,YTHDF2,NA,NA,NA,chr1:28742729,T:C,0,NA,2,AM015b-X3/AM015b-X2
AM015b-X2-Cell,YTHDF2:chr1:28742804:G:A,YTHDF2,NA,NA,NA,chr1:28742804,G:A,0,NA,2,AM015b-X3/AM015b-X2
AM015b-X2-Cell,YTHDF2:chr1:28743764:G:A,YTHDF2,NA,NA,NA,chr1:28743764,G:A,0,NA,2,AM015b-X3/AM015b-X2
AM015b-X2-Cell,YTHDF2:chr1:28743812:C:T,YTHDF2,NA,NA,NA,chr1:28743812,C:T,0,NA,2,AM015b-X3/AM015b-X2
AM015b-X2-Cell,YTHDF2:chr1:28743878:G:A,YTHDF2,NA,NA,NA,chr1:28743878,G:A,0,NA,2,AM015b-X3/AM015b-X2
AM015b-X2-Cell,SLC14A1:chr18:45730309:G:A,SLC14A1,NA,NA,NA,chr18:45730309,G:A,1,Shared,5,AM015b-X3/AM015b-X2-Cell/AM015b-X2-Cell2/AM015b/AM015b-X1
AM015b-X2-Cell,AC093246.1:chr5:171420096:GCG:-,AC093246.1,NA,NA,NA,chr5:171420096,GCG:-,0,NA,1,AM015b-X3
AM015b-X2-Cell,ANO5:chr11:22257710:C:T,ANO5,NA,NA,NA,chr11:22257710,C:T,0,NA,1,AM015b-X3
AM015b-X2-Cell,DMD:chrX:32346054:T:A,DMD,NA,NA,NA,chrX:32346054,T:A,0,NA,1,AM015b-X3
AM015b-X2-Cell,FNBP4:chr11:47723193:A:C,FNBP4,NA,NA,NA,chr11:47723193,A:C,0,NA,1,AM015b-X3
AM015b-X2-Cell,ITLN1:chr1:160881206:G:A,ITLN1,NA,NA,NA,chr1:160881206,G:A,0,NA,1,AM015b-X3
AM015b-X2-Cell,ONECUT2:chr18:57435823:C:T,ONECUT2,NA,NA,NA,chr18:57435823,C:T,0,NA,1,AM015b-X3
AM015b-X2-Cell,PCDH10:chr4:133150838:C:G,PCDH10,NA,NA,NA,chr4:133150838,C:G,0,NA,1,AM015b-X3
AM015b-X2-Cell,PUM1:chr1:31059420:T:C,PUM1,NA,NA,NA,chr1:31059420,T:C,0,NA,1,AM015b-X3
AM015b-X2-Cell,YTHDF2:chr1:28742666:A:T,YTHDF2,NA,NA,NA,chr1:28742666,A:T,0,NA,1,AM015b-X3
AM015b-X2-Cell,YTHDF2:chr1:28743317:C:T,YTHDF2,NA,NA,NA,chr1:28743317,C:T,0,NA,1,AM015b-X3
AM015b-X2-Cell,YTHDF2:chr1:28743398:T:G,YTHDF2,NA,NA,NA,chr1:28743398,T:G,0,NA,1,AM015b-X3
AM015b-X2-Cell,YTHDF2:chr1:28743470:C:T,YTHDF2,NA,NA,NA,chr1:28743470,C:T,0,NA,1,AM015b-X3
AM015b-X2-Cell,YTHDF2:chr1:28743479:T:C,YTHDF2,NA,NA,NA,chr1:28743479,T:C,0,NA,1,AM015b-X3
AM015b-X2-Cell,YTHDF2:chr1:28743539:T:C,YTHDF2,NA,NA,NA,chr1:28743539,T:C,0,NA,1,AM015b-X3
AM015b-X2-Cell,YTHDF2:chr1:28743755:T:C,YTHDF2,NA,NA,NA,chr1:28743755,T:C,0,NA,1,AM015b-X3
AM015b-X2-Cell,YTHDF2:chr1:28743899:T:C,YTHDF2,NA,NA,NA,chr1:28743899,T:C,0,NA,1,AM015b-X3
AM015b-X2-Cell,AL031178.2:chr6:53065619:G:A,AL031178.2,NA,NA,NA,chr6:53065619,G:A,1,Shared,5,AM015b-X2/AM015b-X2-Cell/AM015b-X2-Cell2/AM015b/AM015b-X1
AM015b-X2-Cell,DNAH6:chr2:84594057:G:T,DNAH6,NA,NA,NA,chr2:84594057,G:T,1,Shared,5,AM015b-X2/AM015b-X2-Cell/AM015b-X2-Cell2/AM015b/AM015b-X1
AM015b-X2-Cell,TNRC18:chr7:5374266:G:A,TNRC18,NA,NA,NA,chr7:5374266,G:A,1,Shared,5,AM015b-X2/AM015b-X2-Cell/AM015b-X2-Cell2/AM015b/AM015b-X1
AM015b-X2-Cell,CASD1:chr7:94510201:C:G,CASD1,NA,NA,NA,chr7:94510201,C:G,0,NA,1,AM015b-X2
AM015b-X2-Cell,DMD:chrX:32614402:A:G,DMD,NA,NA,NA,chrX:32614402,A:G,0,NA,1,AM015b-X2
AM015b-X2-Cell,GOLGA2:chr9:128258539:A:C,GOLGA2,NA,NA,NA,chr9:128258539,A:C,0,NA,1,AM015b-X2
AM015b-X2-Cell,PRPF40A:chr2:152679083:T:C,PRPF40A,NA,NA,NA,chr2:152679083,T:C,0,NA,1,AM015b-X2
AM015b-X2-Cell,PUM1:chr1:31059363:A:G,PUM1,NA,NA,NA,chr1:31059363,A:G,0,NA,1,AM015b-X2
AM015b-X2-Cell,SAMD1:chr19:14090112:C:G,SAMD1,NA,NA,NA,chr19:14090112,C:G,0,NA,1,AM015b-X2
AM015b-X2-Cell,TAF4:chr20:62065663:C:G,TAF4,NA,NA,NA,chr20:62065663,C:G,0,NA,1,AM015b-X2
AM015b-X2-Cell,TAF4:chr20:62065724:C:G,TAF4,NA,NA,NA,chr20:62065724,C:G,0,NA,1,AM015b-X2
AM015b-X2-Cell,TAF4:chr20:62065739:G:A,TAF4,NA,NA,NA,chr20:62065739,G:A,0,NA,1,AM015b-X2
AM015b-X2-Cell,WTAP:chr6:159748345:G:A,WTAP,NA,NA,NA,chr6:159748345,G:A,0,NA,1,AM015b-X2
AM015b-X2-Cell,YTHDF2:chr1:28742810:T:A,YTHDF2,NA,NA,NA,chr1:28742810,T:A,0,NA,1,AM015b-X2
AM015b-X2-Cell,ZNF257:chr19:22088980:C:G,ZNF257,NA,NA,NA,chr19:22088980,C:G,0,NA,1,AM015b-X2
AM015b-X2-Cell,ASAP1:chr8:130128021:-:GCACTCT,ASAP1,NA,NA,NA,chr8:130128021,-:GCACTCT,1,Shared,4,AM015b-X2-Cell/AM015b-X2-Cell2/AM015b/AM015b-X1
AM015b-X2-Cell,KLHL11:chr17:41865332:-:GCC,KLHL11,NA,NA,NA,chr17:41865332,-:GCC,1,Shared,3,AM015b-X2-Cell/AM015b-X2-Cell2/AM015b
AM015b-X2-Cell,TNRC18:chr7:5374203:G:A,TNRC18,NA,NA,NA,chr7:5374203,G:A,1,Shared,3,AM015b-X2-Cell/AM015b-X2-Cell2/AM015b
AM015b-X2-Cell,TNRC18:chr7:5374214:G:A,TNRC18,NA,NA,NA,chr7:5374214,G:A,1,Shared,3,AM015b-X2-Cell/AM015b-X2-Cell2/AM015b
AM015b-X2-Cell,TWIST1:chr7:19117120:T:A,TWIST1,NA,NA,NA,chr7:19117120,T:A,1,Shared,3,AM015b-X2-Cell/AM015b-X2-Cell2/AM015b
AM015b-X2-Cell,TWIST1:chr7:19117123:CCGGCT:-,TWIST1,NA,NA,NA,chr7:19117123,CCGGCT:-,1,Shared,3,AM015b-X2-Cell/AM015b-X2-Cell2/AM015b
AM015b-X2-Cell,PREPL:chr2:44323383:A:C,PREPL,NA,NA,NA,chr2:44323383,A:C,1,Shared,2,AM015b-X2-Cell/AM015b-X2-Cell2
AM015b-X2-Cell,INTS2:chr17:61921809:C:A,INTS2,NA,NA,NA,chr17:61921809,C:A,1,Shared,2,AM015b-X2-Cell/AM015b-X1
AM015b-X2-Cell,DEPDC1B:chr5:60642855:T:-,DEPDC1B,NA,NA,NA,chr5:60642855,T:-,1,Private,1,AM015b-X2-Cell
AM015b-X2-Cell,DNHD1:chr11:6520043:GAAAAT:AA,DNHD1,NA,NA,NA,chr11:6520043,GAAAAT:AA,1,Private,1,AM015b-X2-Cell
AM015b-X2-Cell,DNHD1:chr11:6520048:T:A,DNHD1,NA,NA,NA,chr11:6520048,T:A,1,Private,1,AM015b-X2-Cell
AM015b-X2-Cell,DPEP2:chr16:67991871:T:C,DPEP2,NA,NA,NA,chr16:67991871,T:C,1,Private,1,AM015b-X2-Cell
AM015b-X2-Cell,DUSP7:chr3:52054052:G:A,DUSP7,NA,NA,NA,chr3:52054052,G:A,1,Private,1,AM015b-X2-Cell
AM015b-X2-Cell,FAM120C:chrX:54157742:C:G,FAM120C,NA,NA,NA,chrX:54157742,C:G,1,Private,1,AM015b-X2-Cell
AM015b-X2-Cell,FUZ:chr19:49811380:C:A,FUZ,NA,NA,NA,chr19:49811380,C:A,1,Private,1,AM015b-X2-Cell
AM015b-X2-Cell,HELZ2:chr20:63568912:G:A,HELZ2,NA,NA,NA,chr20:63568912,G:A,1,Private,1,AM015b-X2-Cell
AM015b-X2-Cell,JARID2:chr6:15487415:G:A,JARID2,NA,NA,NA,chr6:15487415,G:A,1,Private,1,AM015b-X2-Cell
AM015b-X2-Cell,KCTD2:chr17:75047499:C:T,KCTD2,NA,NA,NA,chr17:75047499,C:T,1,Private,1,AM015b-X2-Cell
AM015b-X2-Cell,KRTAP26-1:chr21:30319887:G:A,KRTAP26-1,NA,NA,NA,chr21:30319887,G:A,1,Private,1,AM015b-X2-Cell
AM015b-X2-Cell,MYH1:chr17:10515971:G:A,MYH1,NA,NA,NA,chr17:10515971,G:A,1,Private,1,AM015b-X2-Cell
AM015b-X2-Cell,NAE1:chr16:66823281:T:C,NAE1,NA,NA,NA,chr16:66823281,T:C,1,Private,1,AM015b-X2-Cell
AM015b-X2-Cell,OVOL2:chr20:18056845:-:G,OVOL2,NA,NA,NA,chr20:18056845,-:G,1,Private,1,AM015b-X2-Cell
AM015b-X2-Cell,PHF8:chrX:54017807:A:G,PHF8,NA,NA,NA,chrX:54017807,A:G,1,Private,1,AM015b-X2-Cell
AM015b-X2-Cell,PTPRB:chr12:70540857:C:T,PTPRB,TSG,angiosarcoma,,chr12:70540857,C:T,1,Private,1,AM015b-X2-Cell
AM015b-X2-Cell,TMEM132E:chr17:34626950:C:G,TMEM132E,NA,NA,NA,chr17:34626950,C:G,1,Private,1,AM015b-X2-Cell
AM015b-X2-Cell,TTC5:chr14:20292058:C:G,TTC5,NA,NA,NA,chr14:20292058,C:G,1,Private,1,AM015b-X2-Cell
AM015b-X2-Cell,AVP:chr20:3083073:G:T,AVP,NA,NA,NA,chr20:3083073,G:T,0,NA,1,AM015b-X2-Cell2
AM015b-X2-Cell,CENPE:chr4:103109045:C:A,CENPE,NA,NA,NA,chr4:103109045,C:A,0,NA,1,AM015b-X2-Cell2
AM015b-X2-Cell,E2F2:chr1:23530577:G:A,E2F2,NA,NA,NA,chr1:23530577,G:A,0,NA,1,AM015b-X2-Cell2
AM015b-X2-Cell,HDC:chr15:50263337:C:T,HDC,NA,NA,NA,chr15:50263337,C:T,0,NA,1,AM015b-X2-Cell2
AM015b-X2-Cell,IRAK1BP1:chr6:78897844:A:G,IRAK1BP1,NA,NA,NA,chr6:78897844,A:G,0,NA,1,AM015b-X2-Cell2
AM015b-X2-Cell,MAP7D2:chrX:20063488:C:T,MAP7D2,NA,NA,NA,chrX:20063488,C:T,0,NA,1,AM015b-X2-Cell2
AM015b-X2-Cell,MKNK1:chr1:46583265:C:G,MKNK1,NA,NA,NA,chr1:46583265,C:G,0,NA,1,AM015b-X2-Cell2
AM015b-X2-Cell,NPHS2:chr1:179559745:-:A,NPHS2,NA,NA,NA,chr1:179559745,-:A,0,NA,1,AM015b-X2-Cell2
AM015b-X2-Cell,PNPLA5:chr22:43886354:G:T,PNPLA5,NA,NA,NA,chr22:43886354,G:T,0,NA,1,AM015b-X2-Cell2
AM015b-X2-Cell,TAPT1:chr4:16166726:C:T,TAPT1,NA,NA,NA,chr4:16166726,C:T,0,NA,1,AM015b-X2-Cell2
AM015b-X2-Cell,TTK:chr6:80007995:T:C,TTK,NA,NA,NA,chr6:80007995,T:C,0,NA,1,AM015b-X2-Cell2
AM015b-X2-Cell,USP53:chr4:119292726:C:A,USP53,NA,NA,NA,chr4:119292726,C:A,0,NA,1,AM015b-X2-Cell2
AM015b-X2-Cell,ADAMTS8:chr11:130405892:A:T,ADAMTS8,NA,NA,NA,chr11:130405892,A:T,0,NA,1,AM015b
AM015b-X2-Cell,ERCC6L2:chr9:96012909:G:T,ERCC6L2,NA,NA,NA,chr9:96012909,G:T,0,NA,1,AM015b
AM015b-X2-Cell,PHGDH:chr1:119727036:G:T,PHGDH,NA,NA,NA,chr1:119727036,G:T,0,NA,1,AM015b
AM015b-X2-Cell,RPH3A:chr12:112894633:A:G,RPH3A,NA,NA,NA,chr12:112894633,A:G,0,NA,1,AM015b
AM015b-X2-Cell2,ACAP2:chr3:195285825:C:T,ACAP2,NA,NA,NA,chr3:195285825,C:T,1,Public,6,AM015b-X3/AM015b-X2/AM015b-X2-Cell/AM015b-X2-Cell2/AM015b/AM015b-X1
AM015b-X2-Cell2,ADAMTSL4:chr1:150557520:A:C,ADAMTSL4,NA,NA,NA,chr1:150557520,A:C,1,Public,6,AM015b-X3/AM015b-X2/AM015b-X2-Cell/AM015b-X2-Cell2/AM015b/AM015b-X1
AM015b-X2-Cell2,AJUBA:chr14:22981951:G:A,AJUBA,NA,NA,NA,chr14:22981951,G:A,1,Public,6,AM015b-X3/AM015b-X2/AM015b-X2-Cell/AM015b-X2-Cell2/AM015b/AM015b-X1
AM015b-X2-Cell2,AQP11:chr11:77590288:A:G,AQP11,NA,NA,NA,chr11:77590288,A:G,1,Public,6,AM015b-X3/AM015b-X2/AM015b-X2-Cell/AM015b-X2-Cell2/AM015b/AM015b-X1
AM015b-X2-Cell2,ARHGEF12:chr11:120473097:G:C,ARHGEF12,"TSG, fusion",AML,,chr11:120473097,G:C,1,Public,6,AM015b-X3/AM015b-X2/AM015b-X2-Cell/AM015b-X2-Cell2/AM015b/AM015b-X1
AM015b-X2-Cell2,AXIN2:chr17:65541496:T:C,AXIN2,TSG,colorectal carcinoma/stomach carcinoma/hepatocellular carcinoma,colorectal carcinoma,chr17:65541496,T:C,1,Public,6,AM015b-X3/AM015b-X2/AM015b-X2-Cell/AM015b-X2-Cell2/AM015b/AM015b-X1
AM015b-X2-Cell2,BCL11B:chr14:99175069:G:A,BCL11B,"oncogene, TSG, fusion",T-ALL,,chr14:99175069,G:A,1,Public,6,AM015b-X3/AM015b-X2/AM015b-X2-Cell/AM015b-X2-Cell2/AM015b/AM015b-X1
AM015b-X2-Cell2,BLK:chr8:11563049:C:T,BLK,NA,NA,NA,chr8:11563049,C:T,1,Public,6,AM015b-X3/AM015b-X2/AM015b-X2-Cell/AM015b-X2-Cell2/AM015b/AM015b-X1
AM015b-X2-Cell2,BRWD1:chr21:39270325:T:C,BRWD1,NA,NA,NA,chr21:39270325,T:C,1,Public,6,AM015b-X3/AM015b-X2/AM015b-X2-Cell/AM015b-X2-Cell2/AM015b/AM015b-X1
AM015b-X2-Cell2,CCDC159:chr19:11352114:C:T,CCDC159,NA,NA,NA,chr19:11352114,C:T,1,Public,6,AM015b-X3/AM015b-X2/AM015b-X2-Cell/AM015b-X2-Cell2/AM015b/AM015b-X1
AM015b-X2-Cell2,CCT6A:chr7:56059641:G:C,CCT6A,NA,NA,NA,chr7:56059641,G:C,1,Public,6,AM015b-X3/AM015b-X2/AM015b-X2-Cell/AM015b-X2-Cell2/AM015b/AM015b-X1
AM015b-X2-Cell2,CD1C:chr1:158291245:G:T,CD1C,NA,NA,NA,chr1:158291245,G:T,1,Public,6,AM015b-X3/AM015b-X2/AM015b-X2-Cell/AM015b-X2-Cell2/AM015b/AM015b-X1
AM015b-X2-Cell2,CEACAM5:chr19:41715698:C:T,CEACAM5,NA,NA,NA,chr19:41715698,C:T,1,Public,6,AM015b-X3/AM015b-X2/AM015b-X2-Cell/AM015b-X2-Cell2/AM015b/AM015b-X1
AM015b-X2-Cell2,CEP170:chr1:243191056:A:C,CEP170,NA,NA,NA,chr1:243191056,A:C,1,Public,6,AM015b-X3/AM015b-X2/AM015b-X2-Cell/AM015b-X2-Cell2/AM015b/AM015b-X1
AM015b-X2-Cell2,CEP350:chr1:180020839:G:T,CEP350,NA,NA,NA,chr1:180020839,G:T,1,Public,6,AM015b-X3/AM015b-X2/AM015b-X2-Cell/AM015b-X2-Cell2/AM015b/AM015b-X1
AM015b-X2-Cell2,CORO7-PAM16:chr16:4364333:G:A,CORO7-PAM16,NA,NA,NA,chr16:4364333,G:A,1,Public,6,AM015b-X3/AM015b-X2/AM015b-X2-Cell/AM015b-X2-Cell2/AM015b/AM015b-X1
AM015b-X2-Cell2,CORO7:chr16:4364333:G:A,CORO7,NA,NA,NA,chr16:4364333,G:A,1,Public,6,AM015b-X3/AM015b-X2/AM015b-X2-Cell/AM015b-X2-Cell2/AM015b/AM015b-X1
AM015b-X2-Cell2,CREBBP:chr16:3792089:G:-,CREBBP,"oncogene, TSG, fusion",ALL/AML/DLBCL/B-NHL,,chr16:3792089,G:-,1,Public,6,AM015b-X3/AM015b-X2/AM015b-X2-Cell/AM015b-X2-Cell2/AM015b/AM015b-X1
AM015b-X2-Cell2,CTNNB1:chr3:41224645:T:C,CTNNB1,"oncogene, fusion",colorectal/ovarian/ hepatoblastoma/pleomorphic salivary gland adenoma/other tumour types,,chr3:41224645,T:C,1,Public,6,AM015b-X3/AM015b-X2/AM015b-X2-Cell/AM015b-X2-Cell2/AM015b/AM015b-X1
AM015b-X2-Cell2,DAP:chr5:10680756:G:A,DAP,NA,NA,NA,chr5:10680756,G:A,1,Public,6,AM015b-X3/AM015b-X2/AM015b-X2-Cell/AM015b-X2-Cell2/AM015b/AM015b-X1
AM015b-X2-Cell2,DAP:chr5:10680884:G:A,DAP,NA,NA,NA,chr5:10680884,G:A,1,Public,6,AM015b-X3/AM015b-X2/AM015b-X2-Cell/AM015b-X2-Cell2/AM015b/AM015b-X1
AM015b-X2-Cell2,DAP:chr5:10680924:G:A,DAP,NA,NA,NA,chr5:10680924,G:A,1,Public,6,AM015b-X3/AM015b-X2/AM015b-X2-Cell/AM015b-X2-Cell2/AM015b/AM015b-X1
AM015b-X2-Cell2,DAPK1:chr9:87646506:C:T,DAPK1,NA,NA,NA,chr9:87646506,C:T,1,Public,6,AM015b-X3/AM015b-X2/AM015b-X2-Cell/AM015b-X2-Cell2/AM015b/AM015b-X1
AM015b-X2-Cell2,DENND5A:chr11:9141965:G:A,DENND5A,NA,NA,NA,chr11:9141965,G:A,1,Public,6,AM015b-X3/AM015b-X2/AM015b-X2-Cell/AM015b-X2-Cell2/AM015b/AM015b-X1
AM015b-X2-Cell2,DNAH10:chr12:123853275:G:A,DNAH10,NA,NA,NA,chr12:123853275,G:A,1,Public,6,AM015b-X3/AM015b-X2/AM015b-X2-Cell/AM015b-X2-Cell2/AM015b/AM015b-X1
AM015b-X2-Cell2,DSN1:chr20:36762471:C:T,DSN1,NA,NA,NA,chr20:36762471,C:T,1,Public,6,AM015b-X3/AM015b-X2/AM015b-X2-Cell/AM015b-X2-Cell2/AM015b/AM015b-X1
AM015b-X2-Cell2,DVL3:chr3:184170649:C:T,DVL3,NA,NA,NA,chr3:184170649,C:T,1,Public,6,AM015b-X3/AM015b-X2/AM015b-X2-Cell/AM015b-X2-Cell2/AM015b/AM015b-X1
AM015b-X2-Cell2,ELP2:chr18:36154909:C:A,ELP2,NA,NA,NA,chr18:36154909,C:A,1,Public,6,AM015b-X3/AM015b-X2/AM015b-X2-Cell/AM015b-X2-Cell2/AM015b/AM015b-X1
AM015b-X2-Cell2,FRY:chr13:32224240:C:T,FRY,NA,NA,NA,chr13:32224240,C:T,1,Public,6,AM015b-X3/AM015b-X2/AM015b-X2-Cell/AM015b-X2-Cell2/AM015b/AM015b-X1
AM015b-X2-Cell2,GABBR2:chr9:98306269:A:G,GABBR2,NA,NA,NA,chr9:98306269,A:G,1,Public,6,AM015b-X3/AM015b-X2/AM015b-X2-Cell/AM015b-X2-Cell2/AM015b/AM015b-X1
AM015b-X2-Cell2,GALNT18:chr11:11379185:G:A,GALNT18,NA,NA,NA,chr11:11379185,G:A,1,Public,6,AM015b-X3/AM015b-X2/AM015b-X2-Cell/AM015b-X2-Cell2/AM015b/AM015b-X1
AM015b-X2-Cell2,GAPVD1:chr9:125298952:C:T,GAPVD1,NA,NA,NA,chr9:125298952,C:T,1,Public,6,AM015b-X3/AM015b-X2/AM015b-X2-Cell/AM015b-X2-Cell2/AM015b/AM015b-X1
AM015b-X2-Cell2,GLT8D1:chr3:52697887:G:A,GLT8D1,NA,NA,NA,chr3:52697887,G:A,1,Public,6,AM015b-X3/AM015b-X2/AM015b-X2-Cell/AM015b-X2-Cell2/AM015b/AM015b-X1
AM015b-X2-Cell2,GNL1:chr6:30547403:-:A,GNL1,NA,NA,NA,chr6:30547403,-:A,1,Public,6,AM015b-X3/AM015b-X2/AM015b-X2-Cell/AM015b-X2-Cell2/AM015b/AM015b-X1
AM015b-X2-Cell2,GNL1:chr6:30547425:A:G,GNL1,NA,NA,NA,chr6:30547425,A:G,1,Public,6,AM015b-X3/AM015b-X2/AM015b-X2-Cell/AM015b-X2-Cell2/AM015b/AM015b-X1
AM015b-X2-Cell2,H2BC10:chr6:26273265:C:T,H2BC10,NA,NA,NA,chr6:26273265,C:T,1,Public,6,AM015b-X3/AM015b-X2/AM015b-X2-Cell/AM015b-X2-Cell2/AM015b/AM015b-X1
AM015b-X2-Cell2,HDLBP:chr2:241230890:C:T,HDLBP,NA,NA,NA,chr2:241230890,C:T,1,Public,6,AM015b-X3/AM015b-X2/AM015b-X2-Cell/AM015b-X2-Cell2/AM015b/AM015b-X1
AM015b-X2-Cell2,HEPHL1:chr11:94088916:C:T,HEPHL1,NA,NA,NA,chr11:94088916,C:T,1,Public,6,AM015b-X3/AM015b-X2/AM015b-X2-Cell/AM015b-X2-Cell2/AM015b/AM015b-X1
AM015b-X2-Cell2,IFIT2:chr10:89306959:C:T,IFIT2,NA,NA,NA,chr10:89306959,C:T,1,Public,6,AM015b-X3/AM015b-X2/AM015b-X2-Cell/AM015b-X2-Cell2/AM015b/AM015b-X1
AM015b-X2-Cell2,IRF2BPL:chr14:77025781:C:T,IRF2BPL,NA,NA,NA,chr14:77025781,C:T,1,Public,6,AM015b-X3/AM015b-X2/AM015b-X2-Cell/AM015b-X2-Cell2/AM015b/AM015b-X1
AM015b-X2-Cell2,ITGA3:chr17:50089140:C:T,ITGA3,NA,NA,NA,chr17:50089140,C:T,1,Public,6,AM015b-X3/AM015b-X2/AM015b-X2-Cell/AM015b-X2-Cell2/AM015b/AM015b-X1
AM015b-X2-Cell2,JAKMIP3:chr10:132104900:A:G,JAKMIP3,NA,NA,NA,chr10:132104900,A:G,1,Public,6,AM015b-X3/AM015b-X2/AM015b-X2-Cell/AM015b-X2-Cell2/AM015b/AM015b-X1
AM015b-X2-Cell2,KCNA5:chr12:5045933:T:C,KCNA5,NA,NA,NA,chr12:5045933,T:C,1,Public,6,AM015b-X3/AM015b-X2/AM015b-X2-Cell/AM015b-X2-Cell2/AM015b/AM015b-X1
AM015b-X2-Cell2,KCNK9:chr8:139618629:C:T,KCNK9,NA,NA,NA,chr8:139618629,C:T,1,Public,6,AM015b-X3/AM015b-X2/AM015b-X2-Cell/AM015b-X2-Cell2/AM015b/AM015b-X1
AM015b-X2-Cell2,KCTD3:chr1:215620302:C:T,KCTD3,NA,NA,NA,chr1:215620302,C:T,1,Public,6,AM015b-X3/AM015b-X2/AM015b-X2-Cell/AM015b-X2-Cell2/AM015b/AM015b-X1
AM015b-X2-Cell2,KIT:chr4:54727495:T:C,KIT,oncogene,GIST/AML/TGCT/mastocytosis/mucosal melanoma,GIST/epithelioma,chr4:54727495,T:C,1,Public,6,AM015b-X3/AM015b-X2/AM015b-X2-Cell/AM015b-X2-Cell2/AM015b/AM015b-X1
AM015b-X2-Cell2,KRT27:chr17:40782224:G:T,KRT27,NA,NA,NA,chr17:40782224,G:T,1,Public,6,AM015b-X3/AM015b-X2/AM015b-X2-Cell/AM015b-X2-Cell2/AM015b/AM015b-X1
AM015b-X2-Cell2,LAMA1:chr18:7042215:A:G,LAMA1,NA,NA,NA,chr18:7042215,A:G,1,Public,6,AM015b-X3/AM015b-X2/AM015b-X2-Cell/AM015b-X2-Cell2/AM015b/AM015b-X1
AM015b-X2-Cell2,LRTM1:chr3:54925004:C:A,LRTM1,NA,NA,NA,chr3:54925004,C:A,1,Public,6,AM015b-X3/AM015b-X2/AM015b-X2-Cell/AM015b-X2-Cell2/AM015b/AM015b-X1
AM015b-X2-Cell2,MAN1C1:chr1:25778154:T:C,MAN1C1,NA,NA,NA,chr1:25778154,T:C,1,Public,6,AM015b-X3/AM015b-X2/AM015b-X2-Cell/AM015b-X2-Cell2/AM015b/AM015b-X1
AM015b-X2-Cell2,MAPKAPK3:chr3:50617648:-:G,MAPKAPK3,NA,NA,NA,chr3:50617648,-:G,1,Public,6,AM015b-X3/AM015b-X2/AM015b-X2-Cell/AM015b-X2-Cell2/AM015b/AM015b-X1
AM015b-X2-Cell2,MEOX2:chr7:15686359:G:A,MEOX2,NA,NA,NA,chr7:15686359,G:A,1,Public,6,AM015b-X3/AM015b-X2/AM015b-X2-Cell/AM015b-X2-Cell2/AM015b/AM015b-X1
AM015b-X2-Cell2,MGP:chr12:14884228:C:T,MGP,NA,NA,NA,chr12:14884228,C:T,1,Public,6,AM015b-X3/AM015b-X2/AM015b-X2-Cell/AM015b-X2-Cell2/AM015b/AM015b-X1
AM015b-X2-Cell2,MMP2:chr16:55484117:G:A,MMP2,NA,NA,NA,chr16:55484117,G:A,1,Public,6,AM015b-X3/AM015b-X2/AM015b-X2-Cell/AM015b-X2-Cell2/AM015b/AM015b-X1
AM015b-X2-Cell2,MYO10:chr5:16762044:C:G,MYO10,NA,NA,NA,chr5:16762044,C:G,1,Public,6,AM015b-X3/AM015b-X2/AM015b-X2-Cell/AM015b-X2-Cell2/AM015b/AM015b-X1
AM015b-X2-Cell2,MYO9B:chr19:17172763:T:C,MYO9B,NA,NA,NA,chr19:17172763,T:C,1,Public,6,AM015b-X3/AM015b-X2/AM015b-X2-Cell/AM015b-X2-Cell2/AM015b/AM015b-X1
AM015b-X2-Cell2,NXF3:chrX:103077648:G:A,NXF3,NA,NA,NA,chrX:103077648,G:A,1,Public,6,AM015b-X3/AM015b-X2/AM015b-X2-Cell/AM015b-X2-Cell2/AM015b/AM015b-X1
AM015b-X2-Cell2,OR52D1:chr11:5489629:T:A,OR52D1,NA,NA,NA,chr11:5489629,T:A,1,Public,6,AM015b-X3/AM015b-X2/AM015b-X2-Cell/AM015b-X2-Cell2/AM015b/AM015b-X1
AM015b-X2-Cell2,OR7E24:chr19:9251483:C:T,OR7E24,NA,NA,NA,chr19:9251483,C:T,1,Public,6,AM015b-X3/AM015b-X2/AM015b-X2-Cell/AM015b-X2-Cell2/AM015b/AM015b-X1
AM015b-X2-Cell2,PCLO:chr7:82953870:AA:-,PCLO,NA,NA,NA,chr7:82953870,AA:-,1,Public,6,AM015b-X3/AM015b-X2/AM015b-X2-Cell/AM015b-X2-Cell2/AM015b/AM015b-X1
AM015b-X2-Cell2,PHF20L1:chr8:132816943:A:T,PHF20L1,NA,NA,NA,chr8:132816943,A:T,1,Public,6,AM015b-X3/AM015b-X2/AM015b-X2-Cell/AM015b-X2-Cell2/AM015b/AM015b-X1
AM015b-X2-Cell2,PLEKHA6:chr1:204257862:T:C,PLEKHA6,NA,NA,NA,chr1:204257862,T:C,1,Public,6,AM015b-X3/AM015b-X2/AM015b-X2-Cell/AM015b-X2-Cell2/AM015b/AM015b-X1
AM015b-X2-Cell2,PLXNB2:chr22:50276628:C:G,PLXNB2,NA,NA,NA,chr22:50276628,C:G,1,Public,6,AM015b-X3/AM015b-X2/AM015b-X2-Cell/AM015b-X2-Cell2/AM015b/AM015b-X1
AM015b-X2-Cell2,POM121L2:chr6:27309929:G:A,POM121L2,NA,NA,NA,chr6:27309929,G:A,1,Public,6,AM015b-X3/AM015b-X2/AM015b-X2-Cell/AM015b-X2-Cell2/AM015b/AM015b-X1
AM015b-X2-Cell2,PPP4R4:chr14:94265884:C:G,PPP4R4,NA,NA,NA,chr14:94265884,C:G,1,Public,6,AM015b-X3/AM015b-X2/AM015b-X2-Cell/AM015b-X2-Cell2/AM015b/AM015b-X1
AM015b-X2-Cell2,PTPN11:chr12:112489106:G:C,PTPN11,oncogene,JMML/AML/MDS,,chr12:112489106,G:C,1,Public,6,AM015b-X3/AM015b-X2/AM015b-X2-Cell/AM015b-X2-Cell2/AM015b/AM015b-X1
AM015b-X2-Cell2,RADX:chrX:106639602:T:A,RADX,NA,NA,NA,chrX:106639602,T:A,1,Public,6,AM015b-X3/AM015b-X2/AM015b-X2-Cell/AM015b-X2-Cell2/AM015b/AM015b-X1
AM015b-X2-Cell2,RFC1:chr4:39303067:C:A,RFC1,NA,NA,NA,chr4:39303067,C:A,1,Public,6,AM015b-X3/AM015b-X2/AM015b-X2-Cell/AM015b-X2-Cell2/AM015b/AM015b-X1
AM015b-X2-Cell2,RNPC3:chr1:103546977:G:C,RNPC3,NA,NA,NA,chr1:103546977,G:C,1,Public,6,AM015b-X3/AM015b-X2/AM015b-X2-Cell/AM015b-X2-Cell2/AM015b/AM015b-X1
AM015b-X2-Cell2,ROBO3:chr11:124873041:C:T,ROBO3,NA,NA,NA,chr11:124873041,C:T,1,Public,6,AM015b-X3/AM015b-X2/AM015b-X2-Cell/AM015b-X2-Cell2/AM015b/AM015b-X1
AM015b-X2-Cell2,RP1:chr8:54622190:G:A,RP1,NA,NA,NA,chr8:54622190,G:A,1,Public,6,AM015b-X3/AM015b-X2/AM015b-X2-Cell/AM015b-X2-Cell2/AM015b/AM015b-X1
AM015b-X2-Cell2,SCN11A:chr3:38904075:G:A,SCN11A,NA,NA,NA,chr3:38904075,G:A,1,Public,6,AM015b-X3/AM015b-X2/AM015b-X2-Cell/AM015b-X2-Cell2/AM015b/AM015b-X1
AM015b-X2-Cell2,SEPTIN3:chr22:41989662:A:G,SEPTIN3,NA,NA,NA,chr22:41989662,A:G,1,Public,6,AM015b-X3/AM015b-X2/AM015b-X2-Cell/AM015b-X2-Cell2/AM015b/AM015b-X1
AM015b-X2-Cell2,SFTPA2:chr10:79559317:G:A,SFTPA2,NA,NA,NA,chr10:79559317,G:A,1,Public,6,AM015b-X3/AM015b-X2/AM015b-X2-Cell/AM015b-X2-Cell2/AM015b/AM015b-X1
AM015b-X2-Cell2,SGPP2:chr2:222558371:A:C,SGPP2,NA,NA,NA,chr2:222558371,A:C,1,Public,6,AM015b-X3/AM015b-X2/AM015b-X2-Cell/AM015b-X2-Cell2/AM015b/AM015b-X1
AM015b-X2-Cell2,SH3TC1:chr4:8205207:C:G,SH3TC1,NA,NA,NA,chr4:8205207,C:G,1,Public,6,AM015b-X3/AM015b-X2/AM015b-X2-Cell/AM015b-X2-Cell2/AM015b/AM015b-X1
AM015b-X2-Cell2,SLC16A14:chr2:230046345:C:T,SLC16A14,NA,NA,NA,chr2:230046345,C:T,1,Public,6,AM015b-X3/AM015b-X2/AM015b-X2-Cell/AM015b-X2-Cell2/AM015b/AM015b-X1
AM015b-X2-Cell2,SLC5A3:chr21:34095572:A:G,SLC5A3,NA,NA,NA,chr21:34095572,A:G,1,Public,6,AM015b-X3/AM015b-X2/AM015b-X2-Cell/AM015b-X2-Cell2/AM015b/AM015b-X1
AM015b-X2-Cell2,SLC7A7:chr14:22780010:T:C,SLC7A7,NA,NA,NA,chr14:22780010,T:C,1,Public,6,AM015b-X3/AM015b-X2/AM015b-X2-Cell/AM015b-X2-Cell2/AM015b/AM015b-X1
AM015b-X2-Cell2,SLC9A3:chr5:488471:G:A,SLC9A3,NA,NA,NA,chr5:488471,G:A,1,Public,6,AM015b-X3/AM015b-X2/AM015b-X2-Cell/AM015b-X2-Cell2/AM015b/AM015b-X1
AM015b-X2-Cell2,SOWAHA:chr5:132813809:A:G,SOWAHA,NA,NA,NA,chr5:132813809,A:G,1,Public,6,AM015b-X3/AM015b-X2/AM015b-X2-Cell/AM015b-X2-Cell2/AM015b/AM015b-X1
AM015b-X2-Cell2,SPANXB1:chrX:141003529:G:A,SPANXB1,NA,NA,NA,chrX:141003529,G:A,1,Public,6,AM015b-X3/AM015b-X2/AM015b-X2-Cell/AM015b-X2-Cell2/AM015b/AM015b-X1
AM015b-X2-Cell2,SPATS1:chr6:44368496:C:T,SPATS1,NA,NA,NA,chr6:44368496,C:T,1,Public,6,AM015b-X3/AM015b-X2/AM015b-X2-Cell/AM015b-X2-Cell2/AM015b/AM015b-X1
AM015b-X2-Cell2,SUCLA2:chr13:47996858:T:C,SUCLA2,NA,NA,NA,chr13:47996858,T:C,1,Public,6,AM015b-X3/AM015b-X2/AM015b-X2-Cell/AM015b-X2-Cell2/AM015b/AM015b-X1
AM015b-X2-Cell2,SYNGAP1:chr6:33441241:A:C,SYNGAP1,NA,NA,NA,chr6:33441241,A:C,1,Public,6,AM015b-X3/AM015b-X2/AM015b-X2-Cell/AM015b-X2-Cell2/AM015b/AM015b-X1
AM015b-X2-Cell2,TAS2R46:chr12:11062229:A:T,TAS2R46,NA,NA,NA,chr12:11062229,A:T,1,Public,6,AM015b-X3/AM015b-X2/AM015b-X2-Cell/AM015b-X2-Cell2/AM015b/AM015b-X1
AM015b-X2-Cell2,TCTEX1D1:chr1:66777309:T:C,TCTEX1D1,NA,NA,NA,chr1:66777309,T:C,1,Public,6,AM015b-X3/AM015b-X2/AM015b-X2-Cell/AM015b-X2-Cell2/AM015b/AM015b-X1
AM015b-X2-Cell2,TMC6:chr17:78126310:G:T,TMC6,NA,NA,NA,chr17:78126310,G:T,1,Public,6,AM015b-X3/AM015b-X2/AM015b-X2-Cell/AM015b-X2-Cell2/AM015b/AM015b-X1
AM015b-X2-Cell2,TNRC18:chr7:5374287:G:A,TNRC18,NA,NA,NA,chr7:5374287,G:A,1,Public,6,AM015b-X3/AM015b-X2/AM015b-X2-Cell/AM015b-X2-Cell2/AM015b/AM015b-X1
AM015b-X2-Cell2,TSPAN15:chr10:69451662:C:T,TSPAN15,NA,NA,NA,chr10:69451662,C:T,1,Public,6,AM015b-X3/AM015b-X2/AM015b-X2-Cell/AM015b-X2-Cell2/AM015b/AM015b-X1
AM015b-X2-Cell2,TTN:chr2:178620579:C:T,TTN,NA,NA,NA,chr2:178620579,C:T,1,Public,6,AM015b-X3/AM015b-X2/AM015b-X2-Cell/AM015b-X2-Cell2/AM015b/AM015b-X1
AM015b-X2-Cell2,TUBGCP5:chr15:23022100:C:T,TUBGCP5,NA,NA,NA,chr15:23022100,C:T,1,Public,6,AM015b-X3/AM015b-X2/AM015b-X2-Cell/AM015b-X2-Cell2/AM015b/AM015b-X1
AM015b-X2-Cell2,TUT4:chr1:52446376:G:A,TUT4,NA,NA,NA,chr1:52446376,G:A,1,Public,6,AM015b-X3/AM015b-X2/AM015b-X2-Cell/AM015b-X2-Cell2/AM015b/AM015b-X1
AM015b-X2-Cell2,TWNK:chr10:100989136:G:A,TWNK,NA,NA,NA,chr10:100989136,G:A,1,Public,6,AM015b-X3/AM015b-X2/AM015b-X2-Cell/AM015b-X2-Cell2/AM015b/AM015b-X1
AM015b-X2-Cell2,TYK2:chr19:10359256:C:A,TYK2,NA,NA,NA,chr19:10359256,C:A,1,Public,6,AM015b-X3/AM015b-X2/AM015b-X2-Cell/AM015b-X2-Cell2/AM015b/AM015b-X1
AM015b-X2-Cell2,UBE2V2:chr8:48049980:T:A,UBE2V2,NA,NA,NA,chr8:48049980,T:A,1,Public,6,AM015b-X3/AM015b-X2/AM015b-X2-Cell/AM015b-X2-Cell2/AM015b/AM015b-X1
AM015b-X2-Cell2,URGCP:chr7:43878107:C:T,URGCP,NA,NA,NA,chr7:43878107,C:T,1,Public,6,AM015b-X3/AM015b-X2/AM015b-X2-Cell/AM015b-X2-Cell2/AM015b/AM015b-X1
AM015b-X2-Cell2,USP54:chr10:73504920:C:T,USP54,NA,NA,NA,chr10:73504920,C:T,1,Public,6,AM015b-X3/AM015b-X2/AM015b-X2-Cell/AM015b-X2-Cell2/AM015b/AM015b-X1
AM015b-X2-Cell2,VCAM1:chr1:100731334:G:A,VCAM1,NA,NA,NA,chr1:100731334,G:A,1,Public,6,AM015b-X3/AM015b-X2/AM015b-X2-Cell/AM015b-X2-Cell2/AM015b/AM015b-X1
AM015b-X2-Cell2,WIPI2:chr7:5217986:G:T,WIPI2,NA,NA,NA,chr7:5217986,G:T,1,Public,6,AM015b-X3/AM015b-X2/AM015b-X2-Cell/AM015b-X2-Cell2/AM015b/AM015b-X1
AM015b-X2-Cell2,WNK4:chr17:42785347:C:T,WNK4,NA,NA,NA,chr17:42785347,C:T,1,Public,6,AM015b-X3/AM015b-X2/AM015b-X2-Cell/AM015b-X2-Cell2/AM015b/AM015b-X1
AM015b-X2-Cell2,ZNF225:chr19:44132440:C:T,ZNF225,NA,NA,NA,chr19:44132440,C:T,1,Public,6,AM015b-X3/AM015b-X2/AM015b-X2-Cell/AM015b-X2-Cell2/AM015b/AM015b-X1
AM015b-X2-Cell2,ZNF449:chrX:135347165:G:C,ZNF449,NA,NA,NA,chrX:135347165,G:C,1,Public,6,AM015b-X3/AM015b-X2/AM015b-X2-Cell/AM015b-X2-Cell2/AM015b/AM015b-X1
AM015b-X2-Cell2,ZNF510:chr9:96776040:A:T,ZNF510,NA,NA,NA,chr9:96776040,A:T,1,Public,6,AM015b-X3/AM015b-X2/AM015b-X2-Cell/AM015b-X2-Cell2/AM015b/AM015b-X1
AM015b-X2-Cell2,ZUP1:chr6:116651659:-:C,ZUP1,NA,NA,NA,chr6:116651659,-:C,1,Public,6,AM015b-X3/AM015b-X2/AM015b-X2-Cell/AM015b-X2-Cell2/AM015b/AM015b-X1
AM015b-X2-Cell2,ZZEF1:chr17:4056226:T:A,ZZEF1,NA,NA,NA,chr17:4056226,T:A,1,Public,6,AM015b-X3/AM015b-X2/AM015b-X2-Cell/AM015b-X2-Cell2/AM015b/AM015b-X1
AM015b-X2-Cell2,DAP:chr5:10680908:G:A,DAP,NA,NA,NA,chr5:10680908,G:A,1,Shared,5,AM015b-X3/AM015b-X2/AM015b-X2-Cell/AM015b-X2-Cell2/AM015b-X1
AM015b-X2-Cell2,MZT1:chr13:72719065:C:T,MZT1,NA,NA,NA,chr13:72719065,C:T,1,Shared,5,AM015b-X3/AM015b-X2/AM015b-X2-Cell/AM015b-X2-Cell2/AM015b-X1
AM015b-X2-Cell2,PRDM5:chr4:120798414:G:C,PRDM5,NA,NA,NA,chr4:120798414,G:C,1,Shared,5,AM015b-X3/AM015b-X2/AM015b-X2-Cell/AM015b-X2-Cell2/AM015b-X1
AM015b-X2-Cell2,CELSR1:chr22:46536643:G:A,CELSR1,NA,NA,NA,chr22:46536643,G:A,0,NA,3,AM015b-X3/AM015b-X2/AM015b-X2-Cell
AM015b-X2-Cell2,TNKS:chr8:9555964:C:T,TNKS,NA,NA,NA,chr8:9555964,C:T,0,NA,4,AM015b-X3/AM015b-X2/AM015b/AM015b-X1
AM015b-X2-Cell2,WNK1:chr12:885847:A:G,WNK1,NA,NA,NA,chr12:885847,A:G,0,NA,4,AM015b-X3/AM015b-X2/AM015b/AM015b-X1
AM015b-X2-Cell2,XDH:chr2:31366033:C:G,XDH,NA,NA,NA,chr2:31366033,C:G,0,NA,4,AM015b-X3/AM015b-X2/AM015b/AM015b-X1
AM015b-X2-Cell2,SFTPA1:chr10:79611992:C:T,SFTPA1,NA,NA,NA,chr10:79611992,C:T,0,NA,3,AM015b-X3/AM015b-X2/AM015b
AM015b-X2-Cell2,ALKBH8:chr11:107504818:C:T,ALKBH8,NA,NA,NA,chr11:107504818,C:T,0,NA,3,AM015b-X3/AM015b-X2/AM015b-X1
AM015b-X2-Cell2,ARHGAP5:chr14:32090812:A:C,ARHGAP5,oncogene,colon cancer/glioma,,chr14:32090812,A:C,0,NA,3,AM015b-X3/AM015b-X2/AM015b-X1
AM015b-X2-Cell2,MGAM2:chr7:142166153:G:T,MGAM2,NA,NA,NA,chr7:142166153,G:T,0,NA,3,AM015b-X3/AM015b-X2/AM015b-X1
AM015b-X2-Cell2,SPEN:chr1:15932157:G:-,SPEN,TSG,SMZL/adenoid cystic carcinoma/DLBCL,,chr1:15932157,G:-,0,NA,3,AM015b-X3/AM015b-X2/AM015b-X1
AM015b-X2-Cell2,YTHDF2:chr1:28742741:T:C,YTHDF2,NA,NA,NA,chr1:28742741,T:C,0,NA,3,AM015b-X3/AM015b-X2/AM015b-X1
AM015b-X2-Cell2,PPP1CC:chr12:110722539:A:G,PPP1CC,NA,NA,NA,chr12:110722539,A:G,0,NA,2,AM015b-X3/AM015b-X2
AM015b-X2-Cell2,PPP1CC:chr12:110722648:G:T,PPP1CC,NA,NA,NA,chr12:110722648,G:T,0,NA,2,AM015b-X3/AM015b-X2
AM015b-X2-Cell2,PPP2R5A:chr1:212329231:G:T,PPP2R5A,NA,NA,NA,chr1:212329231,G:T,0,NA,2,AM015b-X3/AM015b-X2
AM015b-X2-Cell2,PUM1:chr1:31059390:C:T,PUM1,NA,NA,NA,chr1:31059390,C:T,0,NA,2,AM015b-X3/AM015b-X2
AM015b-X2-Cell2,UBE2N:chr12:93411132:G:T,UBE2N,NA,NA,NA,chr12:93411132,G:T,0,NA,2,AM015b-X3/AM015b-X2
AM015b-X2-Cell2,UBE2N:chr12:93411204:A:G,UBE2N,NA,NA,NA,chr12:93411204,A:G,0,NA,2,AM015b-X3/AM015b-X2
AM015b-X2-Cell2,UBE2N:chr12:93411255:G:T,UBE2N,NA,NA,NA,chr12:93411255,G:T,0,NA,2,AM015b-X3/AM015b-X2
AM015b-X2-Cell2,UBE2N:chr12:93411261:G:A,UBE2N,NA,NA,NA,chr12:93411261,G:A,0,NA,2,AM015b-X3/AM015b-X2
AM015b-X2-Cell2,YTHDF2:chr1:28742642:C:T,YTHDF2,NA,NA,NA,chr1:28742642,C:T,0,NA,2,AM015b-X3/AM015b-X2
AM015b-X2-Cell2,YTHDF2:chr1:28742705:G:A,YTHDF2,NA,NA,NA,chr1:28742705,G:A,0,NA,2,AM015b-X3/AM015b-X2
AM015b-X2-Cell2,YTHDF2:chr1:28742729:T:C,YTHDF2,NA,NA,NA,chr1:28742729,T:C,0,NA,2,AM015b-X3/AM015b-X2
AM015b-X2-Cell2,YTHDF2:chr1:28742804:G:A,YTHDF2,NA,NA,NA,chr1:28742804,G:A,0,NA,2,AM015b-X3/AM015b-X2
AM015b-X2-Cell2,YTHDF2:chr1:28743764:G:A,YTHDF2,NA,NA,NA,chr1:28743764,G:A,0,NA,2,AM015b-X3/AM015b-X2
AM015b-X2-Cell2,YTHDF2:chr1:28743812:C:T,YTHDF2,NA,NA,NA,chr1:28743812,C:T,0,NA,2,AM015b-X3/AM015b-X2
AM015b-X2-Cell2,YTHDF2:chr1:28743878:G:A,YTHDF2,NA,NA,NA,chr1:28743878,G:A,0,NA,2,AM015b-X3/AM015b-X2
AM015b-X2-Cell2,SLC14A1:chr18:45730309:G:A,SLC14A1,NA,NA,NA,chr18:45730309,G:A,1,Shared,5,AM015b-X3/AM015b-X2-Cell/AM015b-X2-Cell2/AM015b/AM015b-X1
AM015b-X2-Cell2,AC093246.1:chr5:171420096:GCG:-,AC093246.1,NA,NA,NA,chr5:171420096,GCG:-,0,NA,1,AM015b-X3
AM015b-X2-Cell2,ANO5:chr11:22257710:C:T,ANO5,NA,NA,NA,chr11:22257710,C:T,0,NA,1,AM015b-X3
AM015b-X2-Cell2,DMD:chrX:32346054:T:A,DMD,NA,NA,NA,chrX:32346054,T:A,0,NA,1,AM015b-X3
AM015b-X2-Cell2,FNBP4:chr11:47723193:A:C,FNBP4,NA,NA,NA,chr11:47723193,A:C,0,NA,1,AM015b-X3
AM015b-X2-Cell2,ITLN1:chr1:160881206:G:A,ITLN1,NA,NA,NA,chr1:160881206,G:A,0,NA,1,AM015b-X3
AM015b-X2-Cell2,ONECUT2:chr18:57435823:C:T,ONECUT2,NA,NA,NA,chr18:57435823,C:T,0,NA,1,AM015b-X3
AM015b-X2-Cell2,PCDH10:chr4:133150838:C:G,PCDH10,NA,NA,NA,chr4:133150838,C:G,0,NA,1,AM015b-X3
AM015b-X2-Cell2,PUM1:chr1:31059420:T:C,PUM1,NA,NA,NA,chr1:31059420,T:C,0,NA,1,AM015b-X3
AM015b-X2-Cell2,YTHDF2:chr1:28742666:A:T,YTHDF2,NA,NA,NA,chr1:28742666,A:T,0,NA,1,AM015b-X3
AM015b-X2-Cell2,YTHDF2:chr1:28743317:C:T,YTHDF2,NA,NA,NA,chr1:28743317,C:T,0,NA,1,AM015b-X3
AM015b-X2-Cell2,YTHDF2:chr1:28743398:T:G,YTHDF2,NA,NA,NA,chr1:28743398,T:G,0,NA,1,AM015b-X3
AM015b-X2-Cell2,YTHDF2:chr1:28743470:C:T,YTHDF2,NA,NA,NA,chr1:28743470,C:T,0,NA,1,AM015b-X3
AM015b-X2-Cell2,YTHDF2:chr1:28743479:T:C,YTHDF2,NA,NA,NA,chr1:28743479,T:C,0,NA,1,AM015b-X3
AM015b-X2-Cell2,YTHDF2:chr1:28743539:T:C,YTHDF2,NA,NA,NA,chr1:28743539,T:C,0,NA,1,AM015b-X3
AM015b-X2-Cell2,YTHDF2:chr1:28743755:T:C,YTHDF2,NA,NA,NA,chr1:28743755,T:C,0,NA,1,AM015b-X3
AM015b-X2-Cell2,YTHDF2:chr1:28743899:T:C,YTHDF2,NA,NA,NA,chr1:28743899,T:C,0,NA,1,AM015b-X3
AM015b-X2-Cell2,AL031178.2:chr6:53065619:G:A,AL031178.2,NA,NA,NA,chr6:53065619,G:A,1,Shared,5,AM015b-X2/AM015b-X2-Cell/AM015b-X2-Cell2/AM015b/AM015b-X1
AM015b-X2-Cell2,DNAH6:chr2:84594057:G:T,DNAH6,NA,NA,NA,chr2:84594057,G:T,1,Shared,5,AM015b-X2/AM015b-X2-Cell/AM015b-X2-Cell2/AM015b/AM015b-X1
AM015b-X2-Cell2,TNRC18:chr7:5374266:G:A,TNRC18,NA,NA,NA,chr7:5374266,G:A,1,Shared,5,AM015b-X2/AM015b-X2-Cell/AM015b-X2-Cell2/AM015b/AM015b-X1
AM015b-X2-Cell2,CASD1:chr7:94510201:C:G,CASD1,NA,NA,NA,chr7:94510201,C:G,0,NA,1,AM015b-X2
AM015b-X2-Cell2,DMD:chrX:32614402:A:G,DMD,NA,NA,NA,chrX:32614402,A:G,0,NA,1,AM015b-X2
AM015b-X2-Cell2,GOLGA2:chr9:128258539:A:C,GOLGA2,NA,NA,NA,chr9:128258539,A:C,0,NA,1,AM015b-X2
AM015b-X2-Cell2,PRPF40A:chr2:152679083:T:C,PRPF40A,NA,NA,NA,chr2:152679083,T:C,0,NA,1,AM015b-X2
AM015b-X2-Cell2,PUM1:chr1:31059363:A:G,PUM1,NA,NA,NA,chr1:31059363,A:G,0,NA,1,AM015b-X2
AM015b-X2-Cell2,SAMD1:chr19:14090112:C:G,SAMD1,NA,NA,NA,chr19:14090112,C:G,0,NA,1,AM015b-X2
AM015b-X2-Cell2,TAF4:chr20:62065663:C:G,TAF4,NA,NA,NA,chr20:62065663,C:G,0,NA,1,AM015b-X2
AM015b-X2-Cell2,TAF4:chr20:62065724:C:G,TAF4,NA,NA,NA,chr20:62065724,C:G,0,NA,1,AM015b-X2
AM015b-X2-Cell2,TAF4:chr20:62065739:G:A,TAF4,NA,NA,NA,chr20:62065739,G:A,0,NA,1,AM015b-X2
AM015b-X2-Cell2,WTAP:chr6:159748345:G:A,WTAP,NA,NA,NA,chr6:159748345,G:A,0,NA,1,AM015b-X2
AM015b-X2-Cell2,YTHDF2:chr1:28742810:T:A,YTHDF2,NA,NA,NA,chr1:28742810,T:A,0,NA,1,AM015b-X2
AM015b-X2-Cell2,ZNF257:chr19:22088980:C:G,ZNF257,NA,NA,NA,chr19:22088980,C:G,0,NA,1,AM015b-X2
AM015b-X2-Cell2,ASAP1:chr8:130128021:-:GCACTCT,ASAP1,NA,NA,NA,chr8:130128021,-:GCACTCT,1,Shared,4,AM015b-X2-Cell/AM015b-X2-Cell2/AM015b/AM015b-X1
AM015b-X2-Cell2,KLHL11:chr17:41865332:-:GCC,KLHL11,NA,NA,NA,chr17:41865332,-:GCC,1,Shared,3,AM015b-X2-Cell/AM015b-X2-Cell2/AM015b
AM015b-X2-Cell2,TNRC18:chr7:5374203:G:A,TNRC18,NA,NA,NA,chr7:5374203,G:A,1,Shared,3,AM015b-X2-Cell/AM015b-X2-Cell2/AM015b
AM015b-X2-Cell2,TNRC18:chr7:5374214:G:A,TNRC18,NA,NA,NA,chr7:5374214,G:A,1,Shared,3,AM015b-X2-Cell/AM015b-X2-Cell2/AM015b
AM015b-X2-Cell2,TWIST1:chr7:19117120:T:A,TWIST1,NA,NA,NA,chr7:19117120,T:A,1,Shared,3,AM015b-X2-Cell/AM015b-X2-Cell2/AM015b
AM015b-X2-Cell2,TWIST1:chr7:19117123:CCGGCT:-,TWIST1,NA,NA,NA,chr7:19117123,CCGGCT:-,1,Shared,3,AM015b-X2-Cell/AM015b-X2-Cell2/AM015b
AM015b-X2-Cell2,PREPL:chr2:44323383:A:C,PREPL,NA,NA,NA,chr2:44323383,A:C,1,Shared,2,AM015b-X2-Cell/AM015b-X2-Cell2
AM015b-X2-Cell2,INTS2:chr17:61921809:C:A,INTS2,NA,NA,NA,chr17:61921809,C:A,0,NA,2,AM015b-X2-Cell/AM015b-X1
AM015b-X2-Cell2,DEPDC1B:chr5:60642855:T:-,DEPDC1B,NA,NA,NA,chr5:60642855,T:-,0,NA,1,AM015b-X2-Cell
AM015b-X2-Cell2,DNHD1:chr11:6520043:GAAAAT:AA,DNHD1,NA,NA,NA,chr11:6520043,GAAAAT:AA,0,NA,1,AM015b-X2-Cell
AM015b-X2-Cell2,DNHD1:chr11:6520048:T:A,DNHD1,NA,NA,NA,chr11:6520048,T:A,0,NA,1,AM015b-X2-Cell
AM015b-X2-Cell2,DPEP2:chr16:67991871:T:C,DPEP2,NA,NA,NA,chr16:67991871,T:C,0,NA,1,AM015b-X2-Cell
AM015b-X2-Cell2,DUSP7:chr3:52054052:G:A,DUSP7,NA,NA,NA,chr3:52054052,G:A,0,NA,1,AM015b-X2-Cell
AM015b-X2-Cell2,FAM120C:chrX:54157742:C:G,FAM120C,NA,NA,NA,chrX:54157742,C:G,0,NA,1,AM015b-X2-Cell
AM015b-X2-Cell2,FUZ:chr19:49811380:C:A,FUZ,NA,NA,NA,chr19:49811380,C:A,0,NA,1,AM015b-X2-Cell
AM015b-X2-Cell2,HELZ2:chr20:63568912:G:A,HELZ2,NA,NA,NA,chr20:63568912,G:A,0,NA,1,AM015b-X2-Cell
AM015b-X2-Cell2,JARID2:chr6:15487415:G:A,JARID2,NA,NA,NA,chr6:15487415,G:A,0,NA,1,AM015b-X2-Cell
AM015b-X2-Cell2,KCTD2:chr17:75047499:C:T,KCTD2,NA,NA,NA,chr17:75047499,C:T,0,NA,1,AM015b-X2-Cell
AM015b-X2-Cell2,KRTAP26-1:chr21:30319887:G:A,KRTAP26-1,NA,NA,NA,chr21:30319887,G:A,0,NA,1,AM015b-X2-Cell
AM015b-X2-Cell2,MYH1:chr17:10515971:G:A,MYH1,NA,NA,NA,chr17:10515971,G:A,0,NA,1,AM015b-X2-Cell
AM015b-X2-Cell2,NAE1:chr16:66823281:T:C,NAE1,NA,NA,NA,chr16:66823281,T:C,0,NA,1,AM015b-X2-Cell
AM015b-X2-Cell2,OVOL2:chr20:18056845:-:G,OVOL2,NA,NA,NA,chr20:18056845,-:G,0,NA,1,AM015b-X2-Cell
AM015b-X2-Cell2,PHF8:chrX:54017807:A:G,PHF8,NA,NA,NA,chrX:54017807,A:G,0,NA,1,AM015b-X2-Cell
AM015b-X2-Cell2,PTPRB:chr12:70540857:C:T,PTPRB,TSG,angiosarcoma,,chr12:70540857,C:T,0,NA,1,AM015b-X2-Cell
AM015b-X2-Cell2,TMEM132E:chr17:34626950:C:G,TMEM132E,NA,NA,NA,chr17:34626950,C:G,0,NA,1,AM015b-X2-Cell
AM015b-X2-Cell2,TTC5:chr14:20292058:C:G,TTC5,NA,NA,NA,chr14:20292058,C:G,0,NA,1,AM015b-X2-Cell
AM015b-X2-Cell2,AVP:chr20:3083073:G:T,AVP,NA,NA,NA,chr20:3083073,G:T,1,Private,1,AM015b-X2-Cell2
AM015b-X2-Cell2,CENPE:chr4:103109045:C:A,CENPE,NA,NA,NA,chr4:103109045,C:A,1,Private,1,AM015b-X2-Cell2
AM015b-X2-Cell2,E2F2:chr1:23530577:G:A,E2F2,NA,NA,NA,chr1:23530577,G:A,1,Private,1,AM015b-X2-Cell2
AM015b-X2-Cell2,HDC:chr15:50263337:C:T,HDC,NA,NA,NA,chr15:50263337,C:T,1,Private,1,AM015b-X2-Cell2
AM015b-X2-Cell2,IRAK1BP1:chr6:78897844:A:G,IRAK1BP1,NA,NA,NA,chr6:78897844,A:G,1,Private,1,AM015b-X2-Cell2
AM015b-X2-Cell2,MAP7D2:chrX:20063488:C:T,MAP7D2,NA,NA,NA,chrX:20063488,C:T,1,Private,1,AM015b-X2-Cell2
AM015b-X2-Cell2,MKNK1:chr1:46583265:C:G,MKNK1,NA,NA,NA,chr1:46583265,C:G,1,Private,1,AM015b-X2-Cell2
AM015b-X2-Cell2,NPHS2:chr1:179559745:-:A,NPHS2,NA,NA,NA,chr1:179559745,-:A,1,Private,1,AM015b-X2-Cell2
AM015b-X2-Cell2,PNPLA5:chr22:43886354:G:T,PNPLA5,NA,NA,NA,chr22:43886354,G:T,1,Private,1,AM015b-X2-Cell2
AM015b-X2-Cell2,TAPT1:chr4:16166726:C:T,TAPT1,NA,NA,NA,chr4:16166726,C:T,1,Private,1,AM015b-X2-Cell2
AM015b-X2-Cell2,TTK:chr6:80007995:T:C,TTK,NA,NA,NA,chr6:80007995,T:C,1,Private,1,AM015b-X2-Cell2
AM015b-X2-Cell2,USP53:chr4:119292726:C:A,USP53,NA,NA,NA,chr4:119292726,C:A,1,Private,1,AM015b-X2-Cell2
AM015b-X2-Cell2,ADAMTS8:chr11:130405892:A:T,ADAMTS8,NA,NA,NA,chr11:130405892,A:T,0,NA,1,AM015b
AM015b-X2-Cell2,ERCC6L2:chr9:96012909:G:T,ERCC6L2,NA,NA,NA,chr9:96012909,G:T,0,NA,1,AM015b
AM015b-X2-Cell2,PHGDH:chr1:119727036:G:T,PHGDH,NA,NA,NA,chr1:119727036,G:T,0,NA,1,AM015b
AM015b-X2-Cell2,RPH3A:chr12:112894633:A:G,RPH3A,NA,NA,NA,chr12:112894633,A:G,0,NA,1,AM015b
AM015b,ACAP2:chr3:195285825:C:T,ACAP2,NA,NA,NA,chr3:195285825,C:T,1,Public,6,AM015b-X3/AM015b-X2/AM015b-X2-Cell/AM015b-X2-Cell2/AM015b/AM015b-X1
AM015b,ADAMTSL4:chr1:150557520:A:C,ADAMTSL4,NA,NA,NA,chr1:150557520,A:C,1,Public,6,AM015b-X3/AM015b-X2/AM015b-X2-Cell/AM015b-X2-Cell2/AM015b/AM015b-X1
AM015b,AJUBA:chr14:22981951:G:A,AJUBA,NA,NA,NA,chr14:22981951,G:A,1,Public,6,AM015b-X3/AM015b-X2/AM015b-X2-Cell/AM015b-X2-Cell2/AM015b/AM015b-X1
AM015b,AQP11:chr11:77590288:A:G,AQP11,NA,NA,NA,chr11:77590288,A:G,1,Public,6,AM015b-X3/AM015b-X2/AM015b-X2-Cell/AM015b-X2-Cell2/AM015b/AM015b-X1
AM015b,ARHGEF12:chr11:120473097:G:C,ARHGEF12,"TSG, fusion",AML,,chr11:120473097,G:C,1,Public,6,AM015b-X3/AM015b-X2/AM015b-X2-Cell/AM015b-X2-Cell2/AM015b/AM015b-X1
AM015b,AXIN2:chr17:65541496:T:C,AXIN2,TSG,colorectal carcinoma/stomach carcinoma/hepatocellular carcinoma,colorectal carcinoma,chr17:65541496,T:C,1,Public,6,AM015b-X3/AM015b-X2/AM015b-X2-Cell/AM015b-X2-Cell2/AM015b/AM015b-X1
AM015b,BCL11B:chr14:99175069:G:A,BCL11B,"oncogene, TSG, fusion",T-ALL,,chr14:99175069,G:A,1,Public,6,AM015b-X3/AM015b-X2/AM015b-X2-Cell/AM015b-X2-Cell2/AM015b/AM015b-X1
AM015b,BLK:chr8:11563049:C:T,BLK,NA,NA,NA,chr8:11563049,C:T,1,Public,6,AM015b-X3/AM015b-X2/AM015b-X2-Cell/AM015b-X2-Cell2/AM015b/AM015b-X1
AM015b,BRWD1:chr21:39270325:T:C,BRWD1,NA,NA,NA,chr21:39270325,T:C,1,Public,6,AM015b-X3/AM015b-X2/AM015b-X2-Cell/AM015b-X2-Cell2/AM015b/AM015b-X1
AM015b,CCDC159:chr19:11352114:C:T,CCDC159,NA,NA,NA,chr19:11352114,C:T,1,Public,6,AM015b-X3/AM015b-X2/AM015b-X2-Cell/AM015b-X2-Cell2/AM015b/AM015b-X1
AM015b,CCT6A:chr7:56059641:G:C,CCT6A,NA,NA,NA,chr7:56059641,G:C,1,Public,6,AM015b-X3/AM015b-X2/AM015b-X2-Cell/AM015b-X2-Cell2/AM015b/AM015b-X1
AM015b,CD1C:chr1:158291245:G:T,CD1C,NA,NA,NA,chr1:158291245,G:T,1,Public,6,AM015b-X3/AM015b-X2/AM015b-X2-Cell/AM015b-X2-Cell2/AM015b/AM015b-X1
AM015b,CEACAM5:chr19:41715698:C:T,CEACAM5,NA,NA,NA,chr19:41715698,C:T,1,Public,6,AM015b-X3/AM015b-X2/AM015b-X2-Cell/AM015b-X2-Cell2/AM015b/AM015b-X1
AM015b,CEP170:chr1:243191056:A:C,CEP170,NA,NA,NA,chr1:243191056,A:C,1,Public,6,AM015b-X3/AM015b-X2/AM015b-X2-Cell/AM015b-X2-Cell2/AM015b/AM015b-X1
AM015b,CEP350:chr1:180020839:G:T,CEP350,NA,NA,NA,chr1:180020839,G:T,1,Public,6,AM015b-X3/AM015b-X2/AM015b-X2-Cell/AM015b-X2-Cell2/AM015b/AM015b-X1
AM015b,CORO7-PAM16:chr16:4364333:G:A,CORO7-PAM16,NA,NA,NA,chr16:4364333,G:A,1,Public,6,AM015b-X3/AM015b-X2/AM015b-X2-Cell/AM015b-X2-Cell2/AM015b/AM015b-X1
AM015b,CORO7:chr16:4364333:G:A,CORO7,NA,NA,NA,chr16:4364333,G:A,1,Public,6,AM015b-X3/AM015b-X2/AM015b-X2-Cell/AM015b-X2-Cell2/AM015b/AM015b-X1
AM015b,CREBBP:chr16:3792089:G:-,CREBBP,"oncogene, TSG, fusion",ALL/AML/DLBCL/B-NHL,,chr16:3792089,G:-,1,Public,6,AM015b-X3/AM015b-X2/AM015b-X2-Cell/AM015b-X2-Cell2/AM015b/AM015b-X1
AM015b,CTNNB1:chr3:41224645:T:C,CTNNB1,"oncogene, fusion",colorectal/ovarian/ hepatoblastoma/pleomorphic salivary gland adenoma/other tumour types,,chr3:41224645,T:C,1,Public,6,AM015b-X3/AM015b-X2/AM015b-X2-Cell/AM015b-X2-Cell2/AM015b/AM015b-X1
AM015b,DAP:chr5:10680756:G:A,DAP,NA,NA,NA,chr5:10680756,G:A,1,Public,6,AM015b-X3/AM015b-X2/AM015b-X2-Cell/AM015b-X2-Cell2/AM015b/AM015b-X1
AM015b,DAP:chr5:10680884:G:A,DAP,NA,NA,NA,chr5:10680884,G:A,1,Public,6,AM015b-X3/AM015b-X2/AM015b-X2-Cell/AM015b-X2-Cell2/AM015b/AM015b-X1
AM015b,DAP:chr5:10680924:G:A,DAP,NA,NA,NA,chr5:10680924,G:A,1,Public,6,AM015b-X3/AM015b-X2/AM015b-X2-Cell/AM015b-X2-Cell2/AM015b/AM015b-X1
AM015b,DAPK1:chr9:87646506:C:T,DAPK1,NA,NA,NA,chr9:87646506,C:T,1,Public,6,AM015b-X3/AM015b-X2/AM015b-X2-Cell/AM015b-X2-Cell2/AM015b/AM015b-X1
AM015b,DENND5A:chr11:9141965:G:A,DENND5A,NA,NA,NA,chr11:9141965,G:A,1,Public,6,AM015b-X3/AM015b-X2/AM015b-X2-Cell/AM015b-X2-Cell2/AM015b/AM015b-X1
AM015b,DNAH10:chr12:123853275:G:A,DNAH10,NA,NA,NA,chr12:123853275,G:A,1,Public,6,AM015b-X3/AM015b-X2/AM015b-X2-Cell/AM015b-X2-Cell2/AM015b/AM015b-X1
AM015b,DSN1:chr20:36762471:C:T,DSN1,NA,NA,NA,chr20:36762471,C:T,1,Public,6,AM015b-X3/AM015b-X2/AM015b-X2-Cell/AM015b-X2-Cell2/AM015b/AM015b-X1
AM015b,DVL3:chr3:184170649:C:T,DVL3,NA,NA,NA,chr3:184170649,C:T,1,Public,6,AM015b-X3/AM015b-X2/AM015b-X2-Cell/AM015b-X2-Cell2/AM015b/AM015b-X1
AM015b,ELP2:chr18:36154909:C:A,ELP2,NA,NA,NA,chr18:36154909,C:A,1,Public,6,AM015b-X3/AM015b-X2/AM015b-X2-Cell/AM015b-X2-Cell2/AM015b/AM015b-X1
AM015b,FRY:chr13:32224240:C:T,FRY,NA,NA,NA,chr13:32224240,C:T,1,Public,6,AM015b-X3/AM015b-X2/AM015b-X2-Cell/AM015b-X2-Cell2/AM015b/AM015b-X1
AM015b,GABBR2:chr9:98306269:A:G,GABBR2,NA,NA,NA,chr9:98306269,A:G,1,Public,6,AM015b-X3/AM015b-X2/AM015b-X2-Cell/AM015b-X2-Cell2/AM015b/AM015b-X1
AM015b,GALNT18:chr11:11379185:G:A,GALNT18,NA,NA,NA,chr11:11379185,G:A,1,Public,6,AM015b-X3/AM015b-X2/AM015b-X2-Cell/AM015b-X2-Cell2/AM015b/AM015b-X1
AM015b,GAPVD1:chr9:125298952:C:T,GAPVD1,NA,NA,NA,chr9:125298952,C:T,1,Public,6,AM015b-X3/AM015b-X2/AM015b-X2-Cell/AM015b-X2-Cell2/AM015b/AM015b-X1
AM015b,GLT8D1:chr3:52697887:G:A,GLT8D1,NA,NA,NA,chr3:52697887,G:A,1,Public,6,AM015b-X3/AM015b-X2/AM015b-X2-Cell/AM015b-X2-Cell2/AM015b/AM015b-X1
AM015b,GNL1:chr6:30547403:-:A,GNL1,NA,NA,NA,chr6:30547403,-:A,1,Public,6,AM015b-X3/AM015b-X2/AM015b-X2-Cell/AM015b-X2-Cell2/AM015b/AM015b-X1
AM015b,GNL1:chr6:30547425:A:G,GNL1,NA,NA,NA,chr6:30547425,A:G,1,Public,6,AM015b-X3/AM015b-X2/AM015b-X2-Cell/AM015b-X2-Cell2/AM015b/AM015b-X1
AM015b,H2BC10:chr6:26273265:C:T,H2BC10,NA,NA,NA,chr6:26273265,C:T,1,Public,6,AM015b-X3/AM015b-X2/AM015b-X2-Cell/AM015b-X2-Cell2/AM015b/AM015b-X1
AM015b,HDLBP:chr2:241230890:C:T,HDLBP,NA,NA,NA,chr2:241230890,C:T,1,Public,6,AM015b-X3/AM015b-X2/AM015b-X2-Cell/AM015b-X2-Cell2/AM015b/AM015b-X1
AM015b,HEPHL1:chr11:94088916:C:T,HEPHL1,NA,NA,NA,chr11:94088916,C:T,1,Public,6,AM015b-X3/AM015b-X2/AM015b-X2-Cell/AM015b-X2-Cell2/AM015b/AM015b-X1
AM015b,IFIT2:chr10:89306959:C:T,IFIT2,NA,NA,NA,chr10:89306959,C:T,1,Public,6,AM015b-X3/AM015b-X2/AM015b-X2-Cell/AM015b-X2-Cell2/AM015b/AM015b-X1
AM015b,IRF2BPL:chr14:77025781:C:T,IRF2BPL,NA,NA,NA,chr14:77025781,C:T,1,Public,6,AM015b-X3/AM015b-X2/AM015b-X2-Cell/AM015b-X2-Cell2/AM015b/AM015b-X1
AM015b,ITGA3:chr17:50089140:C:T,ITGA3,NA,NA,NA,chr17:50089140,C:T,1,Public,6,AM015b-X3/AM015b-X2/AM015b-X2-Cell/AM015b-X2-Cell2/AM015b/AM015b-X1
AM015b,JAKMIP3:chr10:132104900:A:G,JAKMIP3,NA,NA,NA,chr10:132104900,A:G,1,Public,6,AM015b-X3/AM015b-X2/AM015b-X2-Cell/AM015b-X2-Cell2/AM015b/AM015b-X1
AM015b,KCNA5:chr12:5045933:T:C,KCNA5,NA,NA,NA,chr12:5045933,T:C,1,Public,6,AM015b-X3/AM015b-X2/AM015b-X2-Cell/AM015b-X2-Cell2/AM015b/AM015b-X1
AM015b,KCNK9:chr8:139618629:C:T,KCNK9,NA,NA,NA,chr8:139618629,C:T,1,Public,6,AM015b-X3/AM015b-X2/AM015b-X2-Cell/AM015b-X2-Cell2/AM015b/AM015b-X1
AM015b,KCTD3:chr1:215620302:C:T,KCTD3,NA,NA,NA,chr1:215620302,C:T,1,Public,6,AM015b-X3/AM015b-X2/AM015b-X2-Cell/AM015b-X2-Cell2/AM015b/AM015b-X1
AM015b,KIT:chr4:54727495:T:C,KIT,oncogene,GIST/AML/TGCT/mastocytosis/mucosal melanoma,GIST/epithelioma,chr4:54727495,T:C,1,Public,6,AM015b-X3/AM015b-X2/AM015b-X2-Cell/AM015b-X2-Cell2/AM015b/AM015b-X1
AM015b,KRT27:chr17:40782224:G:T,KRT27,NA,NA,NA,chr17:40782224,G:T,1,Public,6,AM015b-X3/AM015b-X2/AM015b-X2-Cell/AM015b-X2-Cell2/AM015b/AM015b-X1
AM015b,LAMA1:chr18:7042215:A:G,LAMA1,NA,NA,NA,chr18:7042215,A:G,1,Public,6,AM015b-X3/AM015b-X2/AM015b-X2-Cell/AM015b-X2-Cell2/AM015b/AM015b-X1
AM015b,LRTM1:chr3:54925004:C:A,LRTM1,NA,NA,NA,chr3:54925004,C:A,1,Public,6,AM015b-X3/AM015b-X2/AM015b-X2-Cell/AM015b-X2-Cell2/AM015b/AM015b-X1
AM015b,MAN1C1:chr1:25778154:T:C,MAN1C1,NA,NA,NA,chr1:25778154,T:C,1,Public,6,AM015b-X3/AM015b-X2/AM015b-X2-Cell/AM015b-X2-Cell2/AM015b/AM015b-X1
AM015b,MAPKAPK3:chr3:50617648:-:G,MAPKAPK3,NA,NA,NA,chr3:50617648,-:G,1,Public,6,AM015b-X3/AM015b-X2/AM015b-X2-Cell/AM015b-X2-Cell2/AM015b/AM015b-X1
AM015b,MEOX2:chr7:15686359:G:A,MEOX2,NA,NA,NA,chr7:15686359,G:A,1,Public,6,AM015b-X3/AM015b-X2/AM015b-X2-Cell/AM015b-X2-Cell2/AM015b/AM015b-X1
AM015b,MGP:chr12:14884228:C:T,MGP,NA,NA,NA,chr12:14884228,C:T,1,Public,6,AM015b-X3/AM015b-X2/AM015b-X2-Cell/AM015b-X2-Cell2/AM015b/AM015b-X1
AM015b,MMP2:chr16:55484117:G:A,MMP2,NA,NA,NA,chr16:55484117,G:A,1,Public,6,AM015b-X3/AM015b-X2/AM015b-X2-Cell/AM015b-X2-Cell2/AM015b/AM015b-X1
AM015b,MYO10:chr5:16762044:C:G,MYO10,NA,NA,NA,chr5:16762044,C:G,1,Public,6,AM015b-X3/AM015b-X2/AM015b-X2-Cell/AM015b-X2-Cell2/AM015b/AM015b-X1
AM015b,MYO9B:chr19:17172763:T:C,MYO9B,NA,NA,NA,chr19:17172763,T:C,1,Public,6,AM015b-X3/AM015b-X2/AM015b-X2-Cell/AM015b-X2-Cell2/AM015b/AM015b-X1
AM015b,NXF3:chrX:103077648:G:A,NXF3,NA,NA,NA,chrX:103077648,G:A,1,Public,6,AM015b-X3/AM015b-X2/AM015b-X2-Cell/AM015b-X2-Cell2/AM015b/AM015b-X1
AM015b,OR52D1:chr11:5489629:T:A,OR52D1,NA,NA,NA,chr11:5489629,T:A,1,Public,6,AM015b-X3/AM015b-X2/AM015b-X2-Cell/AM015b-X2-Cell2/AM015b/AM015b-X1
AM015b,OR7E24:chr19:9251483:C:T,OR7E24,NA,NA,NA,chr19:9251483,C:T,1,Public,6,AM015b-X3/AM015b-X2/AM015b-X2-Cell/AM015b-X2-Cell2/AM015b/AM015b-X1
AM015b,PCLO:chr7:82953870:AA:-,PCLO,NA,NA,NA,chr7:82953870,AA:-,1,Public,6,AM015b-X3/AM015b-X2/AM015b-X2-Cell/AM015b-X2-Cell2/AM015b/AM015b-X1
AM015b,PHF20L1:chr8:132816943:A:T,PHF20L1,NA,NA,NA,chr8:132816943,A:T,1,Public,6,AM015b-X3/AM015b-X2/AM015b-X2-Cell/AM015b-X2-Cell2/AM015b/AM015b-X1
AM015b,PLEKHA6:chr1:204257862:T:C,PLEKHA6,NA,NA,NA,chr1:204257862,T:C,1,Public,6,AM015b-X3/AM015b-X2/AM015b-X2-Cell/AM015b-X2-Cell2/AM015b/AM015b-X1
AM015b,PLXNB2:chr22:50276628:C:G,PLXNB2,NA,NA,NA,chr22:50276628,C:G,1,Public,6,AM015b-X3/AM015b-X2/AM015b-X2-Cell/AM015b-X2-Cell2/AM015b/AM015b-X1
AM015b,POM121L2:chr6:27309929:G:A,POM121L2,NA,NA,NA,chr6:27309929,G:A,1,Public,6,AM015b-X3/AM015b-X2/AM015b-X2-Cell/AM015b-X2-Cell2/AM015b/AM015b-X1
AM015b,PPP4R4:chr14:94265884:C:G,PPP4R4,NA,NA,NA,chr14:94265884,C:G,1,Public,6,AM015b-X3/AM015b-X2/AM015b-X2-Cell/AM015b-X2-Cell2/AM015b/AM015b-X1
AM015b,PTPN11:chr12:112489106:G:C,PTPN11,oncogene,JMML/AML/MDS,,chr12:112489106,G:C,1,Public,6,AM015b-X3/AM015b-X2/AM015b-X2-Cell/AM015b-X2-Cell2/AM015b/AM015b-X1
AM015b,RADX:chrX:106639602:T:A,RADX,NA,NA,NA,chrX:106639602,T:A,1,Public,6,AM015b-X3/AM015b-X2/AM015b-X2-Cell/AM015b-X2-Cell2/AM015b/AM015b-X1
AM015b,RFC1:chr4:39303067:C:A,RFC1,NA,NA,NA,chr4:39303067,C:A,1,Public,6,AM015b-X3/AM015b-X2/AM015b-X2-Cell/AM015b-X2-Cell2/AM015b/AM015b-X1
AM015b,RNPC3:chr1:103546977:G:C,RNPC3,NA,NA,NA,chr1:103546977,G:C,1,Public,6,AM015b-X3/AM015b-X2/AM015b-X2-Cell/AM015b-X2-Cell2/AM015b/AM015b-X1
AM015b,ROBO3:chr11:124873041:C:T,ROBO3,NA,NA,NA,chr11:124873041,C:T,1,Public,6,AM015b-X3/AM015b-X2/AM015b-X2-Cell/AM015b-X2-Cell2/AM015b/AM015b-X1
AM015b,RP1:chr8:54622190:G:A,RP1,NA,NA,NA,chr8:54622190,G:A,1,Public,6,AM015b-X3/AM015b-X2/AM015b-X2-Cell/AM015b-X2-Cell2/AM015b/AM015b-X1
AM015b,SCN11A:chr3:38904075:G:A,SCN11A,NA,NA,NA,chr3:38904075,G:A,1,Public,6,AM015b-X3/AM015b-X2/AM015b-X2-Cell/AM015b-X2-Cell2/AM015b/AM015b-X1
AM015b,SEPTIN3:chr22:41989662:A:G,SEPTIN3,NA,NA,NA,chr22:41989662,A:G,1,Public,6,AM015b-X3/AM015b-X2/AM015b-X2-Cell/AM015b-X2-Cell2/AM015b/AM015b-X1
AM015b,SFTPA2:chr10:79559317:G:A,SFTPA2,NA,NA,NA,chr10:79559317,G:A,1,Public,6,AM015b-X3/AM015b-X2/AM015b-X2-Cell/AM015b-X2-Cell2/AM015b/AM015b-X1
AM015b,SGPP2:chr2:222558371:A:C,SGPP2,NA,NA,NA,chr2:222558371,A:C,1,Public,6,AM015b-X3/AM015b-X2/AM015b-X2-Cell/AM015b-X2-Cell2/AM015b/AM015b-X1
AM015b,SH3TC1:chr4:8205207:C:G,SH3TC1,NA,NA,NA,chr4:8205207,C:G,1,Public,6,AM015b-X3/AM015b-X2/AM015b-X2-Cell/AM015b-X2-Cell2/AM015b/AM015b-X1
AM015b,SLC16A14:chr2:230046345:C:T,SLC16A14,NA,NA,NA,chr2:230046345,C:T,1,Public,6,AM015b-X3/AM015b-X2/AM015b-X2-Cell/AM015b-X2-Cell2/AM015b/AM015b-X1
AM015b,SLC5A3:chr21:34095572:A:G,SLC5A3,NA,NA,NA,chr21:34095572,A:G,1,Public,6,AM015b-X3/AM015b-X2/AM015b-X2-Cell/AM015b-X2-Cell2/AM015b/AM015b-X1
AM015b,SLC7A7:chr14:22780010:T:C,SLC7A7,NA,NA,NA,chr14:22780010,T:C,1,Public,6,AM015b-X3/AM015b-X2/AM015b-X2-Cell/AM015b-X2-Cell2/AM015b/AM015b-X1
AM015b,SLC9A3:chr5:488471:G:A,SLC9A3,NA,NA,NA,chr5:488471,G:A,1,Public,6,AM015b-X3/AM015b-X2/AM015b-X2-Cell/AM015b-X2-Cell2/AM015b/AM015b-X1
AM015b,SOWAHA:chr5:132813809:A:G,SOWAHA,NA,NA,NA,chr5:132813809,A:G,1,Public,6,AM015b-X3/AM015b-X2/AM015b-X2-Cell/AM015b-X2-Cell2/AM015b/AM015b-X1
AM015b,SPANXB1:chrX:141003529:G:A,SPANXB1,NA,NA,NA,chrX:141003529,G:A,1,Public,6,AM015b-X3/AM015b-X2/AM015b-X2-Cell/AM015b-X2-Cell2/AM015b/AM015b-X1
AM015b,SPATS1:chr6:44368496:C:T,SPATS1,NA,NA,NA,chr6:44368496,C:T,1,Public,6,AM015b-X3/AM015b-X2/AM015b-X2-Cell/AM015b-X2-Cell2/AM015b/AM015b-X1
AM015b,SUCLA2:chr13:47996858:T:C,SUCLA2,NA,NA,NA,chr13:47996858,T:C,1,Public,6,AM015b-X3/AM015b-X2/AM015b-X2-Cell/AM015b-X2-Cell2/AM015b/AM015b-X1
AM015b,SYNGAP1:chr6:33441241:A:C,SYNGAP1,NA,NA,NA,chr6:33441241,A:C,1,Public,6,AM015b-X3/AM015b-X2/AM015b-X2-Cell/AM015b-X2-Cell2/AM015b/AM015b-X1
AM015b,TAS2R46:chr12:11062229:A:T,TAS2R46,NA,NA,NA,chr12:11062229,A:T,1,Public,6,AM015b-X3/AM015b-X2/AM015b-X2-Cell/AM015b-X2-Cell2/AM015b/AM015b-X1
AM015b,TCTEX1D1:chr1:66777309:T:C,TCTEX1D1,NA,NA,NA,chr1:66777309,T:C,1,Public,6,AM015b-X3/AM015b-X2/AM015b-X2-Cell/AM015b-X2-Cell2/AM015b/AM015b-X1
AM015b,TMC6:chr17:78126310:G:T,TMC6,NA,NA,NA,chr17:78126310,G:T,1,Public,6,AM015b-X3/AM015b-X2/AM015b-X2-Cell/AM015b-X2-Cell2/AM015b/AM015b-X1
AM015b,TNRC18:chr7:5374287:G:A,TNRC18,NA,NA,NA,chr7:5374287,G:A,1,Public,6,AM015b-X3/AM015b-X2/AM015b-X2-Cell/AM015b-X2-Cell2/AM015b/AM015b-X1
AM015b,TSPAN15:chr10:69451662:C:T,TSPAN15,NA,NA,NA,chr10:69451662,C:T,1,Public,6,AM015b-X3/AM015b-X2/AM015b-X2-Cell/AM015b-X2-Cell2/AM015b/AM015b-X1
AM015b,TTN:chr2:178620579:C:T,TTN,NA,NA,NA,chr2:178620579,C:T,1,Public,6,AM015b-X3/AM015b-X2/AM015b-X2-Cell/AM015b-X2-Cell2/AM015b/AM015b-X1
AM015b,TUBGCP5:chr15:23022100:C:T,TUBGCP5,NA,NA,NA,chr15:23022100,C:T,1,Public,6,AM015b-X3/AM015b-X2/AM015b-X2-Cell/AM015b-X2-Cell2/AM015b/AM015b-X1
AM015b,TUT4:chr1:52446376:G:A,TUT4,NA,NA,NA,chr1:52446376,G:A,1,Public,6,AM015b-X3/AM015b-X2/AM015b-X2-Cell/AM015b-X2-Cell2/AM015b/AM015b-X1
AM015b,TWNK:chr10:100989136:G:A,TWNK,NA,NA,NA,chr10:100989136,G:A,1,Public,6,AM015b-X3/AM015b-X2/AM015b-X2-Cell/AM015b-X2-Cell2/AM015b/AM015b-X1
AM015b,TYK2:chr19:10359256:C:A,TYK2,NA,NA,NA,chr19:10359256,C:A,1,Public,6,AM015b-X3/AM015b-X2/AM015b-X2-Cell/AM015b-X2-Cell2/AM015b/AM015b-X1
AM015b,UBE2V2:chr8:48049980:T:A,UBE2V2,NA,NA,NA,chr8:48049980,T:A,1,Public,6,AM015b-X3/AM015b-X2/AM015b-X2-Cell/AM015b-X2-Cell2/AM015b/AM015b-X1
AM015b,URGCP:chr7:43878107:C:T,URGCP,NA,NA,NA,chr7:43878107,C:T,1,Public,6,AM015b-X3/AM015b-X2/AM015b-X2-Cell/AM015b-X2-Cell2/AM015b/AM015b-X1
AM015b,USP54:chr10:73504920:C:T,USP54,NA,NA,NA,chr10:73504920,C:T,1,Public,6,AM015b-X3/AM015b-X2/AM015b-X2-Cell/AM015b-X2-Cell2/AM015b/AM015b-X1
AM015b,VCAM1:chr1:100731334:G:A,VCAM1,NA,NA,NA,chr1:100731334,G:A,1,Public,6,AM015b-X3/AM015b-X2/AM015b-X2-Cell/AM015b-X2-Cell2/AM015b/AM015b-X1
AM015b,WIPI2:chr7:5217986:G:T,WIPI2,NA,NA,NA,chr7:5217986,G:T,1,Public,6,AM015b-X3/AM015b-X2/AM015b-X2-Cell/AM015b-X2-Cell2/AM015b/AM015b-X1
AM015b,WNK4:chr17:42785347:C:T,WNK4,NA,NA,NA,chr17:42785347,C:T,1,Public,6,AM015b-X3/AM015b-X2/AM015b-X2-Cell/AM015b-X2-Cell2/AM015b/AM015b-X1
AM015b,ZNF225:chr19:44132440:C:T,ZNF225,NA,NA,NA,chr19:44132440,C:T,1,Public,6,AM015b-X3/AM015b-X2/AM015b-X2-Cell/AM015b-X2-Cell2/AM015b/AM015b-X1
AM015b,ZNF449:chrX:135347165:G:C,ZNF449,NA,NA,NA,chrX:135347165,G:C,1,Public,6,AM015b-X3/AM015b-X2/AM015b-X2-Cell/AM015b-X2-Cell2/AM015b/AM015b-X1
AM015b,ZNF510:chr9:96776040:A:T,ZNF510,NA,NA,NA,chr9:96776040,A:T,1,Public,6,AM015b-X3/AM015b-X2/AM015b-X2-Cell/AM015b-X2-Cell2/AM015b/AM015b-X1
AM015b,ZUP1:chr6:116651659:-:C,ZUP1,NA,NA,NA,chr6:116651659,-:C,1,Public,6,AM015b-X3/AM015b-X2/AM015b-X2-Cell/AM015b-X2-Cell2/AM015b/AM015b-X1
AM015b,ZZEF1:chr17:4056226:T:A,ZZEF1,NA,NA,NA,chr17:4056226,T:A,1,Public,6,AM015b-X3/AM015b-X2/AM015b-X2-Cell/AM015b-X2-Cell2/AM015b/AM015b-X1
AM015b,DAP:chr5:10680908:G:A,DAP,NA,NA,NA,chr5:10680908,G:A,0,NA,5,AM015b-X3/AM015b-X2/AM015b-X2-Cell/AM015b-X2-Cell2/AM015b-X1
AM015b,MZT1:chr13:72719065:C:T,MZT1,NA,NA,NA,chr13:72719065,C:T,0,NA,5,AM015b-X3/AM015b-X2/AM015b-X2-Cell/AM015b-X2-Cell2/AM015b-X1
AM015b,PRDM5:chr4:120798414:G:C,PRDM5,NA,NA,NA,chr4:120798414,G:C,0,NA,5,AM015b-X3/AM015b-X2/AM015b-X2-Cell/AM015b-X2-Cell2/AM015b-X1
AM015b,CELSR1:chr22:46536643:G:A,CELSR1,NA,NA,NA,chr22:46536643,G:A,0,NA,3,AM015b-X3/AM015b-X2/AM015b-X2-Cell
AM015b,TNKS:chr8:9555964:C:T,TNKS,NA,NA,NA,chr8:9555964,C:T,1,Shared,4,AM015b-X3/AM015b-X2/AM015b/AM015b-X1
AM015b,WNK1:chr12:885847:A:G,WNK1,NA,NA,NA,chr12:885847,A:G,1,Shared,4,AM015b-X3/AM015b-X2/AM015b/AM015b-X1
AM015b,XDH:chr2:31366033:C:G,XDH,NA,NA,NA,chr2:31366033,C:G,1,Shared,4,AM015b-X3/AM015b-X2/AM015b/AM015b-X1
AM015b,SFTPA1:chr10:79611992:C:T,SFTPA1,NA,NA,NA,chr10:79611992,C:T,1,Shared,3,AM015b-X3/AM015b-X2/AM015b
AM015b,ALKBH8:chr11:107504818:C:T,ALKBH8,NA,NA,NA,chr11:107504818,C:T,0,NA,3,AM015b-X3/AM015b-X2/AM015b-X1
AM015b,ARHGAP5:chr14:32090812:A:C,ARHGAP5,oncogene,colon cancer/glioma,,chr14:32090812,A:C,0,NA,3,AM015b-X3/AM015b-X2/AM015b-X1
AM015b,MGAM2:chr7:142166153:G:T,MGAM2,NA,NA,NA,chr7:142166153,G:T,0,NA,3,AM015b-X3/AM015b-X2/AM015b-X1
AM015b,SPEN:chr1:15932157:G:-,SPEN,TSG,SMZL/adenoid cystic carcinoma/DLBCL,,chr1:15932157,G:-,0,NA,3,AM015b-X3/AM015b-X2/AM015b-X1
AM015b,YTHDF2:chr1:28742741:T:C,YTHDF2,NA,NA,NA,chr1:28742741,T:C,0,NA,3,AM015b-X3/AM015b-X2/AM015b-X1
AM015b,PPP1CC:chr12:110722539:A:G,PPP1CC,NA,NA,NA,chr12:110722539,A:G,0,NA,2,AM015b-X3/AM015b-X2
AM015b,PPP1CC:chr12:110722648:G:T,PPP1CC,NA,NA,NA,chr12:110722648,G:T,0,NA,2,AM015b-X3/AM015b-X2
AM015b,PPP2R5A:chr1:212329231:G:T,PPP2R5A,NA,NA,NA,chr1:212329231,G:T,0,NA,2,AM015b-X3/AM015b-X2
AM015b,PUM1:chr1:31059390:C:T,PUM1,NA,NA,NA,chr1:31059390,C:T,0,NA,2,AM015b-X3/AM015b-X2
AM015b,UBE2N:chr12:93411132:G:T,UBE2N,NA,NA,NA,chr12:93411132,G:T,0,NA,2,AM015b-X3/AM015b-X2
AM015b,UBE2N:chr12:93411204:A:G,UBE2N,NA,NA,NA,chr12:93411204,A:G,0,NA,2,AM015b-X3/AM015b-X2
AM015b,UBE2N:chr12:93411255:G:T,UBE2N,NA,NA,NA,chr12:93411255,G:T,0,NA,2,AM015b-X3/AM015b-X2
AM015b,UBE2N:chr12:93411261:G:A,UBE2N,NA,NA,NA,chr12:93411261,G:A,0,NA,2,AM015b-X3/AM015b-X2
AM015b,YTHDF2:chr1:28742642:C:T,YTHDF2,NA,NA,NA,chr1:28742642,C:T,0,NA,2,AM015b-X3/AM015b-X2
AM015b,YTHDF2:chr1:28742705:G:A,YTHDF2,NA,NA,NA,chr1:28742705,G:A,0,NA,2,AM015b-X3/AM015b-X2
AM015b,YTHDF2:chr1:28742729:T:C,YTHDF2,NA,NA,NA,chr1:28742729,T:C,0,NA,2,AM015b-X3/AM015b-X2
AM015b,YTHDF2:chr1:28742804:G:A,YTHDF2,NA,NA,NA,chr1:28742804,G:A,0,NA,2,AM015b-X3/AM015b-X2
AM015b,YTHDF2:chr1:28743764:G:A,YTHDF2,NA,NA,NA,chr1:28743764,G:A,0,NA,2,AM015b-X3/AM015b-X2
AM015b,YTHDF2:chr1:28743812:C:T,YTHDF2,NA,NA,NA,chr1:28743812,C:T,0,NA,2,AM015b-X3/AM015b-X2
AM015b,YTHDF2:chr1:28743878:G:A,YTHDF2,NA,NA,NA,chr1:28743878,G:A,0,NA,2,AM015b-X3/AM015b-X2
AM015b,SLC14A1:chr18:45730309:G:A,SLC14A1,NA,NA,NA,chr18:45730309,G:A,1,Shared,5,AM015b-X3/AM015b-X2-Cell/AM015b-X2-Cell2/AM015b/AM015b-X1
AM015b,AC093246.1:chr5:171420096:GCG:-,AC093246.1,NA,NA,NA,chr5:171420096,GCG:-,0,NA,1,AM015b-X3
AM015b,ANO5:chr11:22257710:C:T,ANO5,NA,NA,NA,chr11:22257710,C:T,0,NA,1,AM015b-X3
AM015b,DMD:chrX:32346054:T:A,DMD,NA,NA,NA,chrX:32346054,T:A,0,NA,1,AM015b-X3
AM015b,FNBP4:chr11:47723193:A:C,FNBP4,NA,NA,NA,chr11:47723193,A:C,0,NA,1,AM015b-X3
AM015b,ITLN1:chr1:160881206:G:A,ITLN1,NA,NA,NA,chr1:160881206,G:A,0,NA,1,AM015b-X3
AM015b,ONECUT2:chr18:57435823:C:T,ONECUT2,NA,NA,NA,chr18:57435823,C:T,0,NA,1,AM015b-X3
AM015b,PCDH10:chr4:133150838:C:G,PCDH10,NA,NA,NA,chr4:133150838,C:G,0,NA,1,AM015b-X3
AM015b,PUM1:chr1:31059420:T:C,PUM1,NA,NA,NA,chr1:31059420,T:C,0,NA,1,AM015b-X3
AM015b,YTHDF2:chr1:28742666:A:T,YTHDF2,NA,NA,NA,chr1:28742666,A:T,0,NA,1,AM015b-X3
AM015b,YTHDF2:chr1:28743317:C:T,YTHDF2,NA,NA,NA,chr1:28743317,C:T,0,NA,1,AM015b-X3
AM015b,YTHDF2:chr1:28743398:T:G,YTHDF2,NA,NA,NA,chr1:28743398,T:G,0,NA,1,AM015b-X3
AM015b,YTHDF2:chr1:28743470:C:T,YTHDF2,NA,NA,NA,chr1:28743470,C:T,0,NA,1,AM015b-X3
AM015b,YTHDF2:chr1:28743479:T:C,YTHDF2,NA,NA,NA,chr1:28743479,T:C,0,NA,1,AM015b-X3
AM015b,YTHDF2:chr1:28743539:T:C,YTHDF2,NA,NA,NA,chr1:28743539,T:C,0,NA,1,AM015b-X3
AM015b,YTHDF2:chr1:28743755:T:C,YTHDF2,NA,NA,NA,chr1:28743755,T:C,0,NA,1,AM015b-X3
AM015b,YTHDF2:chr1:28743899:T:C,YTHDF2,NA,NA,NA,chr1:28743899,T:C,0,NA,1,AM015b-X3
AM015b,AL031178.2:chr6:53065619:G:A,AL031178.2,NA,NA,NA,chr6:53065619,G:A,1,Shared,5,AM015b-X2/AM015b-X2-Cell/AM015b-X2-Cell2/AM015b/AM015b-X1
AM015b,DNAH6:chr2:84594057:G:T,DNAH6,NA,NA,NA,chr2:84594057,G:T,1,Shared,5,AM015b-X2/AM015b-X2-Cell/AM015b-X2-Cell2/AM015b/AM015b-X1
AM015b,TNRC18:chr7:5374266:G:A,TNRC18,NA,NA,NA,chr7:5374266,G:A,1,Shared,5,AM015b-X2/AM015b-X2-Cell/AM015b-X2-Cell2/AM015b/AM015b-X1
AM015b,CASD1:chr7:94510201:C:G,CASD1,NA,NA,NA,chr7:94510201,C:G,0,NA,1,AM015b-X2
AM015b,DMD:chrX:32614402:A:G,DMD,NA,NA,NA,chrX:32614402,A:G,0,NA,1,AM015b-X2
AM015b,GOLGA2:chr9:128258539:A:C,GOLGA2,NA,NA,NA,chr9:128258539,A:C,0,NA,1,AM015b-X2
AM015b,PRPF40A:chr2:152679083:T:C,PRPF40A,NA,NA,NA,chr2:152679083,T:C,0,NA,1,AM015b-X2
AM015b,PUM1:chr1:31059363:A:G,PUM1,NA,NA,NA,chr1:31059363,A:G,0,NA,1,AM015b-X2
AM015b,SAMD1:chr19:14090112:C:G,SAMD1,NA,NA,NA,chr19:14090112,C:G,0,NA,1,AM015b-X2
AM015b,TAF4:chr20:62065663:C:G,TAF4,NA,NA,NA,chr20:62065663,C:G,0,NA,1,AM015b-X2
AM015b,TAF4:chr20:62065724:C:G,TAF4,NA,NA,NA,chr20:62065724,C:G,0,NA,1,AM015b-X2
AM015b,TAF4:chr20:62065739:G:A,TAF4,NA,NA,NA,chr20:62065739,G:A,0,NA,1,AM015b-X2
AM015b,WTAP:chr6:159748345:G:A,WTAP,NA,NA,NA,chr6:159748345,G:A,0,NA,1,AM015b-X2
AM015b,YTHDF2:chr1:28742810:T:A,YTHDF2,NA,NA,NA,chr1:28742810,T:A,0,NA,1,AM015b-X2
AM015b,ZNF257:chr19:22088980:C:G,ZNF257,NA,NA,NA,chr19:22088980,C:G,0,NA,1,AM015b-X2
AM015b,ASAP1:chr8:130128021:-:GCACTCT,ASAP1,NA,NA,NA,chr8:130128021,-:GCACTCT,1,Shared,4,AM015b-X2-Cell/AM015b-X2-Cell2/AM015b/AM015b-X1
AM015b,KLHL11:chr17:41865332:-:GCC,KLHL11,NA,NA,NA,chr17:41865332,-:GCC,1,Shared,3,AM015b-X2-Cell/AM015b-X2-Cell2/AM015b
AM015b,TNRC18:chr7:5374203:G:A,TNRC18,NA,NA,NA,chr7:5374203,G:A,1,Shared,3,AM015b-X2-Cell/AM015b-X2-Cell2/AM015b
AM015b,TNRC18:chr7:5374214:G:A,TNRC18,NA,NA,NA,chr7:5374214,G:A,1,Shared,3,AM015b-X2-Cell/AM015b-X2-Cell2/AM015b
AM015b,TWIST1:chr7:19117120:T:A,TWIST1,NA,NA,NA,chr7:19117120,T:A,1,Shared,3,AM015b-X2-Cell/AM015b-X2-Cell2/AM015b
AM015b,TWIST1:chr7:19117123:CCGGCT:-,TWIST1,NA,NA,NA,chr7:19117123,CCGGCT:-,1,Shared,3,AM015b-X2-Cell/AM015b-X2-Cell2/AM015b
AM015b,PREPL:chr2:44323383:A:C,PREPL,NA,NA,NA,chr2:44323383,A:C,0,NA,2,AM015b-X2-Cell/AM015b-X2-Cell2
AM015b,INTS2:chr17:61921809:C:A,INTS2,NA,NA,NA,chr17:61921809,C:A,0,NA,2,AM015b-X2-Cell/AM015b-X1
AM015b,DEPDC1B:chr5:60642855:T:-,DEPDC1B,NA,NA,NA,chr5:60642855,T:-,0,NA,1,AM015b-X2-Cell
AM015b,DNHD1:chr11:6520043:GAAAAT:AA,DNHD1,NA,NA,NA,chr11:6520043,GAAAAT:AA,0,NA,1,AM015b-X2-Cell
AM015b,DNHD1:chr11:6520048:T:A,DNHD1,NA,NA,NA,chr11:6520048,T:A,0,NA,1,AM015b-X2-Cell
AM015b,DPEP2:chr16:67991871:T:C,DPEP2,NA,NA,NA,chr16:67991871,T:C,0,NA,1,AM015b-X2-Cell
AM015b,DUSP7:chr3:52054052:G:A,DUSP7,NA,NA,NA,chr3:52054052,G:A,0,NA,1,AM015b-X2-Cell
AM015b,FAM120C:chrX:54157742:C:G,FAM120C,NA,NA,NA,chrX:54157742,C:G,0,NA,1,AM015b-X2-Cell
AM015b,FUZ:chr19:49811380:C:A,FUZ,NA,NA,NA,chr19:49811380,C:A,0,NA,1,AM015b-X2-Cell
AM015b,HELZ2:chr20:63568912:G:A,HELZ2,NA,NA,NA,chr20:63568912,G:A,0,NA,1,AM015b-X2-Cell
AM015b,JARID2:chr6:15487415:G:A,JARID2,NA,NA,NA,chr6:15487415,G:A,0,NA,1,AM015b-X2-Cell
AM015b,KCTD2:chr17:75047499:C:T,KCTD2,NA,NA,NA,chr17:75047499,C:T,0,NA,1,AM015b-X2-Cell
AM015b,KRTAP26-1:chr21:30319887:G:A,KRTAP26-1,NA,NA,NA,chr21:30319887,G:A,0,NA,1,AM015b-X2-Cell
AM015b,MYH1:chr17:10515971:G:A,MYH1,NA,NA,NA,chr17:10515971,G:A,0,NA,1,AM015b-X2-Cell
AM015b,NAE1:chr16:66823281:T:C,NAE1,NA,NA,NA,chr16:66823281,T:C,0,NA,1,AM015b-X2-Cell
AM015b,OVOL2:chr20:18056845:-:G,OVOL2,NA,NA,NA,chr20:18056845,-:G,0,NA,1,AM015b-X2-Cell
AM015b,PHF8:chrX:54017807:A:G,PHF8,NA,NA,NA,chrX:54017807,A:G,0,NA,1,AM015b-X2-Cell
AM015b,PTPRB:chr12:70540857:C:T,PTPRB,TSG,angiosarcoma,,chr12:70540857,C:T,0,NA,1,AM015b-X2-Cell
AM015b,TMEM132E:chr17:34626950:C:G,TMEM132E,NA,NA,NA,chr17:34626950,C:G,0,NA,1,AM015b-X2-Cell
AM015b,TTC5:chr14:20292058:C:G,TTC5,NA,NA,NA,chr14:20292058,C:G,0,NA,1,AM015b-X2-Cell
AM015b,AVP:chr20:3083073:G:T,AVP,NA,NA,NA,chr20:3083073,G:T,0,NA,1,AM015b-X2-Cell2
AM015b,CENPE:chr4:103109045:C:A,CENPE,NA,NA,NA,chr4:103109045,C:A,0,NA,1,AM015b-X2-Cell2
AM015b,E2F2:chr1:23530577:G:A,E2F2,NA,NA,NA,chr1:23530577,G:A,0,NA,1,AM015b-X2-Cell2
AM015b,HDC:chr15:50263337:C:T,HDC,NA,NA,NA,chr15:50263337,C:T,0,NA,1,AM015b-X2-Cell2
AM015b,IRAK1BP1:chr6:78897844:A:G,IRAK1BP1,NA,NA,NA,chr6:78897844,A:G,0,NA,1,AM015b-X2-Cell2
AM015b,MAP7D2:chrX:20063488:C:T,MAP7D2,NA,NA,NA,chrX:20063488,C:T,0,NA,1,AM015b-X2-Cell2
AM015b,MKNK1:chr1:46583265:C:G,MKNK1,NA,NA,NA,chr1:46583265,C:G,0,NA,1,AM015b-X2-Cell2
AM015b,NPHS2:chr1:179559745:-:A,NPHS2,NA,NA,NA,chr1:179559745,-:A,0,NA,1,AM015b-X2-Cell2
AM015b,PNPLA5:chr22:43886354:G:T,PNPLA5,NA,NA,NA,chr22:43886354,G:T,0,NA,1,AM015b-X2-Cell2
AM015b,TAPT1:chr4:16166726:C:T,TAPT1,NA,NA,NA,chr4:16166726,C:T,0,NA,1,AM015b-X2-Cell2
AM015b,TTK:chr6:80007995:T:C,TTK,NA,NA,NA,chr6:80007995,T:C,0,NA,1,AM015b-X2-Cell2
AM015b,USP53:chr4:119292726:C:A,USP53,NA,NA,NA,chr4:119292726,C:A,0,NA,1,AM015b-X2-Cell2
AM015b,ADAMTS8:chr11:130405892:A:T,ADAMTS8,NA,NA,NA,chr11:130405892,A:T,1,Private,1,AM015b
AM015b,ERCC6L2:chr9:96012909:G:T,ERCC6L2,NA,NA,NA,chr9:96012909,G:T,1,Private,1,AM015b
AM015b,PHGDH:chr1:119727036:G:T,PHGDH,NA,NA,NA,chr1:119727036,G:T,1,Private,1,AM015b
AM015b,RPH3A:chr12:112894633:A:G,RPH3A,NA,NA,NA,chr12:112894633,A:G,1,Private,1,AM015b
AM015b-X1,ACAP2:chr3:195285825:C:T,ACAP2,NA,NA,NA,chr3:195285825,C:T,1,Public,6,AM015b-X3/AM015b-X2/AM015b-X2-Cell/AM015b-X2-Cell2/AM015b/AM015b-X1
AM015b-X1,ADAMTSL4:chr1:150557520:A:C,ADAMTSL4,NA,NA,NA,chr1:150557520,A:C,1,Public,6,AM015b-X3/AM015b-X2/AM015b-X2-Cell/AM015b-X2-Cell2/AM015b/AM015b-X1
AM015b-X1,AJUBA:chr14:22981951:G:A,AJUBA,NA,NA,NA,chr14:22981951,G:A,1,Public,6,AM015b-X3/AM015b-X2/AM015b-X2-Cell/AM015b-X2-Cell2/AM015b/AM015b-X1
AM015b-X1,AQP11:chr11:77590288:A:G,AQP11,NA,NA,NA,chr11:77590288,A:G,1,Public,6,AM015b-X3/AM015b-X2/AM015b-X2-Cell/AM015b-X2-Cell2/AM015b/AM015b-X1
AM015b-X1,ARHGEF12:chr11:120473097:G:C,ARHGEF12,"TSG, fusion",AML,,chr11:120473097,G:C,1,Public,6,AM015b-X3/AM015b-X2/AM015b-X2-Cell/AM015b-X2-Cell2/AM015b/AM015b-X1
AM015b-X1,AXIN2:chr17:65541496:T:C,AXIN2,TSG,colorectal carcinoma/stomach carcinoma/hepatocellular carcinoma,colorectal carcinoma,chr17:65541496,T:C,1,Public,6,AM015b-X3/AM015b-X2/AM015b-X2-Cell/AM015b-X2-Cell2/AM015b/AM015b-X1
AM015b-X1,BCL11B:chr14:99175069:G:A,BCL11B,"oncogene, TSG, fusion",T-ALL,,chr14:99175069,G:A,1,Public,6,AM015b-X3/AM015b-X2/AM015b-X2-Cell/AM015b-X2-Cell2/AM015b/AM015b-X1
AM015b-X1,BLK:chr8:11563049:C:T,BLK,NA,NA,NA,chr8:11563049,C:T,1,Public,6,AM015b-X3/AM015b-X2/AM015b-X2-Cell/AM015b-X2-Cell2/AM015b/AM015b-X1
AM015b-X1,BRWD1:chr21:39270325:T:C,BRWD1,NA,NA,NA,chr21:39270325,T:C,1,Public,6,AM015b-X3/AM015b-X2/AM015b-X2-Cell/AM015b-X2-Cell2/AM015b/AM015b-X1
AM015b-X1,CCDC159:chr19:11352114:C:T,CCDC159,NA,NA,NA,chr19:11352114,C:T,1,Public,6,AM015b-X3/AM015b-X2/AM015b-X2-Cell/AM015b-X2-Cell2/AM015b/AM015b-X1
AM015b-X1,CCT6A:chr7:56059641:G:C,CCT6A,NA,NA,NA,chr7:56059641,G:C,1,Public,6,AM015b-X3/AM015b-X2/AM015b-X2-Cell/AM015b-X2-Cell2/AM015b/AM015b-X1
AM015b-X1,CD1C:chr1:158291245:G:T,CD1C,NA,NA,NA,chr1:158291245,G:T,1,Public,6,AM015b-X3/AM015b-X2/AM015b-X2-Cell/AM015b-X2-Cell2/AM015b/AM015b-X1
AM015b-X1,CEACAM5:chr19:41715698:C:T,CEACAM5,NA,NA,NA,chr19:41715698,C:T,1,Public,6,AM015b-X3/AM015b-X2/AM015b-X2-Cell/AM015b-X2-Cell2/AM015b/AM015b-X1
AM015b-X1,CEP170:chr1:243191056:A:C,CEP170,NA,NA,NA,chr1:243191056,A:C,1,Public,6,AM015b-X3/AM015b-X2/AM015b-X2-Cell/AM015b-X2-Cell2/AM015b/AM015b-X1
AM015b-X1,CEP350:chr1:180020839:G:T,CEP350,NA,NA,NA,chr1:180020839,G:T,1,Public,6,AM015b-X3/AM015b-X2/AM015b-X2-Cell/AM015b-X2-Cell2/AM015b/AM015b-X1
AM015b-X1,CORO7-PAM16:chr16:4364333:G:A,CORO7-PAM16,NA,NA,NA,chr16:4364333,G:A,1,Public,6,AM015b-X3/AM015b-X2/AM015b-X2-Cell/AM015b-X2-Cell2/AM015b/AM015b-X1
AM015b-X1,CORO7:chr16:4364333:G:A,CORO7,NA,NA,NA,chr16:4364333,G:A,1,Public,6,AM015b-X3/AM015b-X2/AM015b-X2-Cell/AM015b-X2-Cell2/AM015b/AM015b-X1
AM015b-X1,CREBBP:chr16:3792089:G:-,CREBBP,"oncogene, TSG, fusion",ALL/AML/DLBCL/B-NHL,,chr16:3792089,G:-,1,Public,6,AM015b-X3/AM015b-X2/AM015b-X2-Cell/AM015b-X2-Cell2/AM015b/AM015b-X1
AM015b-X1,CTNNB1:chr3:41224645:T:C,CTNNB1,"oncogene, fusion",colorectal/ovarian/ hepatoblastoma/pleomorphic salivary gland adenoma/other tumour types,,chr3:41224645,T:C,1,Public,6,AM015b-X3/AM015b-X2/AM015b-X2-Cell/AM015b-X2-Cell2/AM015b/AM015b-X1
AM015b-X1,DAP:chr5:10680756:G:A,DAP,NA,NA,NA,chr5:10680756,G:A,1,Public,6,AM015b-X3/AM015b-X2/AM015b-X2-Cell/AM015b-X2-Cell2/AM015b/AM015b-X1
AM015b-X1,DAP:chr5:10680884:G:A,DAP,NA,NA,NA,chr5:10680884,G:A,1,Public,6,AM015b-X3/AM015b-X2/AM015b-X2-Cell/AM015b-X2-Cell2/AM015b/AM015b-X1
AM015b-X1,DAP:chr5:10680924:G:A,DAP,NA,NA,NA,chr5:10680924,G:A,1,Public,6,AM015b-X3/AM015b-X2/AM015b-X2-Cell/AM015b-X2-Cell2/AM015b/AM015b-X1
AM015b-X1,DAPK1:chr9:87646506:C:T,DAPK1,NA,NA,NA,chr9:87646506,C:T,1,Public,6,AM015b-X3/AM015b-X2/AM015b-X2-Cell/AM015b-X2-Cell2/AM015b/AM015b-X1
AM015b-X1,DENND5A:chr11:9141965:G:A,DENND5A,NA,NA,NA,chr11:9141965,G:A,1,Public,6,AM015b-X3/AM015b-X2/AM015b-X2-Cell/AM015b-X2-Cell2/AM015b/AM015b-X1
AM015b-X1,DNAH10:chr12:123853275:G:A,DNAH10,NA,NA,NA,chr12:123853275,G:A,1,Public,6,AM015b-X3/AM015b-X2/AM015b-X2-Cell/AM015b-X2-Cell2/AM015b/AM015b-X1
AM015b-X1,DSN1:chr20:36762471:C:T,DSN1,NA,NA,NA,chr20:36762471,C:T,1,Public,6,AM015b-X3/AM015b-X2/AM015b-X2-Cell/AM015b-X2-Cell2/AM015b/AM015b-X1
AM015b-X1,DVL3:chr3:184170649:C:T,DVL3,NA,NA,NA,chr3:184170649,C:T,1,Public,6,AM015b-X3/AM015b-X2/AM015b-X2-Cell/AM015b-X2-Cell2/AM015b/AM015b-X1
AM015b-X1,ELP2:chr18:36154909:C:A,ELP2,NA,NA,NA,chr18:36154909,C:A,1,Public,6,AM015b-X3/AM015b-X2/AM015b-X2-Cell/AM015b-X2-Cell2/AM015b/AM015b-X1
AM015b-X1,FRY:chr13:32224240:C:T,FRY,NA,NA,NA,chr13:32224240,C:T,1,Public,6,AM015b-X3/AM015b-X2/AM015b-X2-Cell/AM015b-X2-Cell2/AM015b/AM015b-X1
AM015b-X1,GABBR2:chr9:98306269:A:G,GABBR2,NA,NA,NA,chr9:98306269,A:G,1,Public,6,AM015b-X3/AM015b-X2/AM015b-X2-Cell/AM015b-X2-Cell2/AM015b/AM015b-X1
AM015b-X1,GALNT18:chr11:11379185:G:A,GALNT18,NA,NA,NA,chr11:11379185,G:A,1,Public,6,AM015b-X3/AM015b-X2/AM015b-X2-Cell/AM015b-X2-Cell2/AM015b/AM015b-X1
AM015b-X1,GAPVD1:chr9:125298952:C:T,GAPVD1,NA,NA,NA,chr9:125298952,C:T,1,Public,6,AM015b-X3/AM015b-X2/AM015b-X2-Cell/AM015b-X2-Cell2/AM015b/AM015b-X1
AM015b-X1,GLT8D1:chr3:52697887:G:A,GLT8D1,NA,NA,NA,chr3:52697887,G:A,1,Public,6,AM015b-X3/AM015b-X2/AM015b-X2-Cell/AM015b-X2-Cell2/AM015b/AM015b-X1
AM015b-X1,GNL1:chr6:30547403:-:A,GNL1,NA,NA,NA,chr6:30547403,-:A,1,Public,6,AM015b-X3/AM015b-X2/AM015b-X2-Cell/AM015b-X2-Cell2/AM015b/AM015b-X1
AM015b-X1,GNL1:chr6:30547425:A:G,GNL1,NA,NA,NA,chr6:30547425,A:G,1,Public,6,AM015b-X3/AM015b-X2/AM015b-X2-Cell/AM015b-X2-Cell2/AM015b/AM015b-X1
AM015b-X1,H2BC10:chr6:26273265:C:T,H2BC10,NA,NA,NA,chr6:26273265,C:T,1,Public,6,AM015b-X3/AM015b-X2/AM015b-X2-Cell/AM015b-X2-Cell2/AM015b/AM015b-X1
AM015b-X1,HDLBP:chr2:241230890:C:T,HDLBP,NA,NA,NA,chr2:241230890,C:T,1,Public,6,AM015b-X3/AM015b-X2/AM015b-X2-Cell/AM015b-X2-Cell2/AM015b/AM015b-X1
AM015b-X1,HEPHL1:chr11:94088916:C:T,HEPHL1,NA,NA,NA,chr11:94088916,C:T,1,Public,6,AM015b-X3/AM015b-X2/AM015b-X2-Cell/AM015b-X2-Cell2/AM015b/AM015b-X1
AM015b-X1,IFIT2:chr10:89306959:C:T,IFIT2,NA,NA,NA,chr10:89306959,C:T,1,Public,6,AM015b-X3/AM015b-X2/AM015b-X2-Cell/AM015b-X2-Cell2/AM015b/AM015b-X1
AM015b-X1,IRF2BPL:chr14:77025781:C:T,IRF2BPL,NA,NA,NA,chr14:77025781,C:T,1,Public,6,AM015b-X3/AM015b-X2/AM015b-X2-Cell/AM015b-X2-Cell2/AM015b/AM015b-X1
AM015b-X1,ITGA3:chr17:50089140:C:T,ITGA3,NA,NA,NA,chr17:50089140,C:T,1,Public,6,AM015b-X3/AM015b-X2/AM015b-X2-Cell/AM015b-X2-Cell2/AM015b/AM015b-X1
AM015b-X1,JAKMIP3:chr10:132104900:A:G,JAKMIP3,NA,NA,NA,chr10:132104900,A:G,1,Public,6,AM015b-X3/AM015b-X2/AM015b-X2-Cell/AM015b-X2-Cell2/AM015b/AM015b-X1
AM015b-X1,KCNA5:chr12:5045933:T:C,KCNA5,NA,NA,NA,chr12:5045933,T:C,1,Public,6,AM015b-X3/AM015b-X2/AM015b-X2-Cell/AM015b-X2-Cell2/AM015b/AM015b-X1
AM015b-X1,KCNK9:chr8:139618629:C:T,KCNK9,NA,NA,NA,chr8:139618629,C:T,1,Public,6,AM015b-X3/AM015b-X2/AM015b-X2-Cell/AM015b-X2-Cell2/AM015b/AM015b-X1
AM015b-X1,KCTD3:chr1:215620302:C:T,KCTD3,NA,NA,NA,chr1:215620302,C:T,1,Public,6,AM015b-X3/AM015b-X2/AM015b-X2-Cell/AM015b-X2-Cell2/AM015b/AM015b-X1
AM015b-X1,KIT:chr4:54727495:T:C,KIT,oncogene,GIST/AML/TGCT/mastocytosis/mucosal melanoma,GIST/epithelioma,chr4:54727495,T:C,1,Public,6,AM015b-X3/AM015b-X2/AM015b-X2-Cell/AM015b-X2-Cell2/AM015b/AM015b-X1
AM015b-X1,KRT27:chr17:40782224:G:T,KRT27,NA,NA,NA,chr17:40782224,G:T,1,Public,6,AM015b-X3/AM015b-X2/AM015b-X2-Cell/AM015b-X2-Cell2/AM015b/AM015b-X1
AM015b-X1,LAMA1:chr18:7042215:A:G,LAMA1,NA,NA,NA,chr18:7042215,A:G,1,Public,6,AM015b-X3/AM015b-X2/AM015b-X2-Cell/AM015b-X2-Cell2/AM015b/AM015b-X1
AM015b-X1,LRTM1:chr3:54925004:C:A,LRTM1,NA,NA,NA,chr3:54925004,C:A,1,Public,6,AM015b-X3/AM015b-X2/AM015b-X2-Cell/AM015b-X2-Cell2/AM015b/AM015b-X1
AM015b-X1,MAN1C1:chr1:25778154:T:C,MAN1C1,NA,NA,NA,chr1:25778154,T:C,1,Public,6,AM015b-X3/AM015b-X2/AM015b-X2-Cell/AM015b-X2-Cell2/AM015b/AM015b-X1
AM015b-X1,MAPKAPK3:chr3:50617648:-:G,MAPKAPK3,NA,NA,NA,chr3:50617648,-:G,1,Public,6,AM015b-X3/AM015b-X2/AM015b-X2-Cell/AM015b-X2-Cell2/AM015b/AM015b-X1
AM015b-X1,MEOX2:chr7:15686359:G:A,MEOX2,NA,NA,NA,chr7:15686359,G:A,1,Public,6,AM015b-X3/AM015b-X2/AM015b-X2-Cell/AM015b-X2-Cell2/AM015b/AM015b-X1
AM015b-X1,MGP:chr12:14884228:C:T,MGP,NA,NA,NA,chr12:14884228,C:T,1,Public,6,AM015b-X3/AM015b-X2/AM015b-X2-Cell/AM015b-X2-Cell2/AM015b/AM015b-X1
AM015b-X1,MMP2:chr16:55484117:G:A,MMP2,NA,NA,NA,chr16:55484117,G:A,1,Public,6,AM015b-X3/AM015b-X2/AM015b-X2-Cell/AM015b-X2-Cell2/AM015b/AM015b-X1
AM015b-X1,MYO10:chr5:16762044:C:G,MYO10,NA,NA,NA,chr5:16762044,C:G,1,Public,6,AM015b-X3/AM015b-X2/AM015b-X2-Cell/AM015b-X2-Cell2/AM015b/AM015b-X1
AM015b-X1,MYO9B:chr19:17172763:T:C,MYO9B,NA,NA,NA,chr19:17172763,T:C,1,Public,6,AM015b-X3/AM015b-X2/AM015b-X2-Cell/AM015b-X2-Cell2/AM015b/AM015b-X1
AM015b-X1,NXF3:chrX:103077648:G:A,NXF3,NA,NA,NA,chrX:103077648,G:A,1,Public,6,AM015b-X3/AM015b-X2/AM015b-X2-Cell/AM015b-X2-Cell2/AM015b/AM015b-X1
AM015b-X1,OR52D1:chr11:5489629:T:A,OR52D1,NA,NA,NA,chr11:5489629,T:A,1,Public,6,AM015b-X3/AM015b-X2/AM015b-X2-Cell/AM015b-X2-Cell2/AM015b/AM015b-X1
AM015b-X1,OR7E24:chr19:9251483:C:T,OR7E24,NA,NA,NA,chr19:9251483,C:T,1,Public,6,AM015b-X3/AM015b-X2/AM015b-X2-Cell/AM015b-X2-Cell2/AM015b/AM015b-X1
AM015b-X1,PCLO:chr7:82953870:AA:-,PCLO,NA,NA,NA,chr7:82953870,AA:-,1,Public,6,AM015b-X3/AM015b-X2/AM015b-X2-Cell/AM015b-X2-Cell2/AM015b/AM015b-X1
AM015b-X1,PHF20L1:chr8:132816943:A:T,PHF20L1,NA,NA,NA,chr8:132816943,A:T,1,Public,6,AM015b-X3/AM015b-X2/AM015b-X2-Cell/AM015b-X2-Cell2/AM015b/AM015b-X1
AM015b-X1,PLEKHA6:chr1:204257862:T:C,PLEKHA6,NA,NA,NA,chr1:204257862,T:C,1,Public,6,AM015b-X3/AM015b-X2/AM015b-X2-Cell/AM015b-X2-Cell2/AM015b/AM015b-X1
AM015b-X1,PLXNB2:chr22:50276628:C:G,PLXNB2,NA,NA,NA,chr22:50276628,C:G,1,Public,6,AM015b-X3/AM015b-X2/AM015b-X2-Cell/AM015b-X2-Cell2/AM015b/AM015b-X1
AM015b-X1,POM121L2:chr6:27309929:G:A,POM121L2,NA,NA,NA,chr6:27309929,G:A,1,Public,6,AM015b-X3/AM015b-X2/AM015b-X2-Cell/AM015b-X2-Cell2/AM015b/AM015b-X1
AM015b-X1,PPP4R4:chr14:94265884:C:G,PPP4R4,NA,NA,NA,chr14:94265884,C:G,1,Public,6,AM015b-X3/AM015b-X2/AM015b-X2-Cell/AM015b-X2-Cell2/AM015b/AM015b-X1
AM015b-X1,PTPN11:chr12:112489106:G:C,PTPN11,oncogene,JMML/AML/MDS,,chr12:112489106,G:C,1,Public,6,AM015b-X3/AM015b-X2/AM015b-X2-Cell/AM015b-X2-Cell2/AM015b/AM015b-X1
AM015b-X1,RADX:chrX:106639602:T:A,RADX,NA,NA,NA,chrX:106639602,T:A,1,Public,6,AM015b-X3/AM015b-X2/AM015b-X2-Cell/AM015b-X2-Cell2/AM015b/AM015b-X1
AM015b-X1,RFC1:chr4:39303067:C:A,RFC1,NA,NA,NA,chr4:39303067,C:A,1,Public,6,AM015b-X3/AM015b-X2/AM015b-X2-Cell/AM015b-X2-Cell2/AM015b/AM015b-X1
AM015b-X1,RNPC3:chr1:103546977:G:C,RNPC3,NA,NA,NA,chr1:103546977,G:C,1,Public,6,AM015b-X3/AM015b-X2/AM015b-X2-Cell/AM015b-X2-Cell2/AM015b/AM015b-X1
AM015b-X1,ROBO3:chr11:124873041:C:T,ROBO3,NA,NA,NA,chr11:124873041,C:T,1,Public,6,AM015b-X3/AM015b-X2/AM015b-X2-Cell/AM015b-X2-Cell2/AM015b/AM015b-X1
AM015b-X1,RP1:chr8:54622190:G:A,RP1,NA,NA,NA,chr8:54622190,G:A,1,Public,6,AM015b-X3/AM015b-X2/AM015b-X2-Cell/AM015b-X2-Cell2/AM015b/AM015b-X1
AM015b-X1,SCN11A:chr3:38904075:G:A,SCN11A,NA,NA,NA,chr3:38904075,G:A,1,Public,6,AM015b-X3/AM015b-X2/AM015b-X2-Cell/AM015b-X2-Cell2/AM015b/AM015b-X1
AM015b-X1,SEPTIN3:chr22:41989662:A:G,SEPTIN3,NA,NA,NA,chr22:41989662,A:G,1,Public,6,AM015b-X3/AM015b-X2/AM015b-X2-Cell/AM015b-X2-Cell2/AM015b/AM015b-X1
AM015b-X1,SFTPA2:chr10:79559317:G:A,SFTPA2,NA,NA,NA,chr10:79559317,G:A,1,Public,6,AM015b-X3/AM015b-X2/AM015b-X2-Cell/AM015b-X2-Cell2/AM015b/AM015b-X1
AM015b-X1,SGPP2:chr2:222558371:A:C,SGPP2,NA,NA,NA,chr2:222558371,A:C,1,Public,6,AM015b-X3/AM015b-X2/AM015b-X2-Cell/AM015b-X2-Cell2/AM015b/AM015b-X1
AM015b-X1,SH3TC1:chr4:8205207:C:G,SH3TC1,NA,NA,NA,chr4:8205207,C:G,1,Public,6,AM015b-X3/AM015b-X2/AM015b-X2-Cell/AM015b-X2-Cell2/AM015b/AM015b-X1
AM015b-X1,SLC16A14:chr2:230046345:C:T,SLC16A14,NA,NA,NA,chr2:230046345,C:T,1,Public,6,AM015b-X3/AM015b-X2/AM015b-X2-Cell/AM015b-X2-Cell2/AM015b/AM015b-X1
AM015b-X1,SLC5A3:chr21:34095572:A:G,SLC5A3,NA,NA,NA,chr21:34095572,A:G,1,Public,6,AM015b-X3/AM015b-X2/AM015b-X2-Cell/AM015b-X2-Cell2/AM015b/AM015b-X1
AM015b-X1,SLC7A7:chr14:22780010:T:C,SLC7A7,NA,NA,NA,chr14:22780010,T:C,1,Public,6,AM015b-X3/AM015b-X2/AM015b-X2-Cell/AM015b-X2-Cell2/AM015b/AM015b-X1
AM015b-X1,SLC9A3:chr5:488471:G:A,SLC9A3,NA,NA,NA,chr5:488471,G:A,1,Public,6,AM015b-X3/AM015b-X2/AM015b-X2-Cell/AM015b-X2-Cell2/AM015b/AM015b-X1
AM015b-X1,SOWAHA:chr5:132813809:A:G,SOWAHA,NA,NA,NA,chr5:132813809,A:G,1,Public,6,AM015b-X3/AM015b-X2/AM015b-X2-Cell/AM015b-X2-Cell2/AM015b/AM015b-X1
AM015b-X1,SPANXB1:chrX:141003529:G:A,SPANXB1,NA,NA,NA,chrX:141003529,G:A,1,Public,6,AM015b-X3/AM015b-X2/AM015b-X2-Cell/AM015b-X2-Cell2/AM015b/AM015b-X1
AM015b-X1,SPATS1:chr6:44368496:C:T,SPATS1,NA,NA,NA,chr6:44368496,C:T,1,Public,6,AM015b-X3/AM015b-X2/AM015b-X2-Cell/AM015b-X2-Cell2/AM015b/AM015b-X1
AM015b-X1,SUCLA2:chr13:47996858:T:C,SUCLA2,NA,NA,NA,chr13:47996858,T:C,1,Public,6,AM015b-X3/AM015b-X2/AM015b-X2-Cell/AM015b-X2-Cell2/AM015b/AM015b-X1
AM015b-X1,SYNGAP1:chr6:33441241:A:C,SYNGAP1,NA,NA,NA,chr6:33441241,A:C,1,Public,6,AM015b-X3/AM015b-X2/AM015b-X2-Cell/AM015b-X2-Cell2/AM015b/AM015b-X1
AM015b-X1,TAS2R46:chr12:11062229:A:T,TAS2R46,NA,NA,NA,chr12:11062229,A:T,1,Public,6,AM015b-X3/AM015b-X2/AM015b-X2-Cell/AM015b-X2-Cell2/AM015b/AM015b-X1
AM015b-X1,TCTEX1D1:chr1:66777309:T:C,TCTEX1D1,NA,NA,NA,chr1:66777309,T:C,1,Public,6,AM015b-X3/AM015b-X2/AM015b-X2-Cell/AM015b-X2-Cell2/AM015b/AM015b-X1
AM015b-X1,TMC6:chr17:78126310:G:T,TMC6,NA,NA,NA,chr17:78126310,G:T,1,Public,6,AM015b-X3/AM015b-X2/AM015b-X2-Cell/AM015b-X2-Cell2/AM015b/AM015b-X1
AM015b-X1,TNRC18:chr7:5374287:G:A,TNRC18,NA,NA,NA,chr7:5374287,G:A,1,Public,6,AM015b-X3/AM015b-X2/AM015b-X2-Cell/AM015b-X2-Cell2/AM015b/AM015b-X1
AM015b-X1,TSPAN15:chr10:69451662:C:T,TSPAN15,NA,NA,NA,chr10:69451662,C:T,1,Public,6,AM015b-X3/AM015b-X2/AM015b-X2-Cell/AM015b-X2-Cell2/AM015b/AM015b-X1
AM015b-X1,TTN:chr2:178620579:C:T,TTN,NA,NA,NA,chr2:178620579,C:T,1,Public,6,AM015b-X3/AM015b-X2/AM015b-X2-Cell/AM015b-X2-Cell2/AM015b/AM015b-X1
AM015b-X1,TUBGCP5:chr15:23022100:C:T,TUBGCP5,NA,NA,NA,chr15:23022100,C:T,1,Public,6,AM015b-X3/AM015b-X2/AM015b-X2-Cell/AM015b-X2-Cell2/AM015b/AM015b-X1
AM015b-X1,TUT4:chr1:52446376:G:A,TUT4,NA,NA,NA,chr1:52446376,G:A,1,Public,6,AM015b-X3/AM015b-X2/AM015b-X2-Cell/AM015b-X2-Cell2/AM015b/AM015b-X1
AM015b-X1,TWNK:chr10:100989136:G:A,TWNK,NA,NA,NA,chr10:100989136,G:A,1,Public,6,AM015b-X3/AM015b-X2/AM015b-X2-Cell/AM015b-X2-Cell2/AM015b/AM015b-X1
AM015b-X1,TYK2:chr19:10359256:C:A,TYK2,NA,NA,NA,chr19:10359256,C:A,1,Public,6,AM015b-X3/AM015b-X2/AM015b-X2-Cell/AM015b-X2-Cell2/AM015b/AM015b-X1
AM015b-X1,UBE2V2:chr8:48049980:T:A,UBE2V2,NA,NA,NA,chr8:48049980,T:A,1,Public,6,AM015b-X3/AM015b-X2/AM015b-X2-Cell/AM015b-X2-Cell2/AM015b/AM015b-X1
AM015b-X1,URGCP:chr7:43878107:C:T,URGCP,NA,NA,NA,chr7:43878107,C:T,1,Public,6,AM015b-X3/AM015b-X2/AM015b-X2-Cell/AM015b-X2-Cell2/AM015b/AM015b-X1
AM015b-X1,USP54:chr10:73504920:C:T,USP54,NA,NA,NA,chr10:73504920,C:T,1,Public,6,AM015b-X3/AM015b-X2/AM015b-X2-Cell/AM015b-X2-Cell2/AM015b/AM015b-X1
AM015b-X1,VCAM1:chr1:100731334:G:A,VCAM1,NA,NA,NA,chr1:100731334,G:A,1,Public,6,AM015b-X3/AM015b-X2/AM015b-X2-Cell/AM015b-X2-Cell2/AM015b/AM015b-X1
AM015b-X1,WIPI2:chr7:5217986:G:T,WIPI2,NA,NA,NA,chr7:5217986,G:T,1,Public,6,AM015b-X3/AM015b-X2/AM015b-X2-Cell/AM015b-X2-Cell2/AM015b/AM015b-X1
AM015b-X1,WNK4:chr17:42785347:C:T,WNK4,NA,NA,NA,chr17:42785347,C:T,1,Public,6,AM015b-X3/AM015b-X2/AM015b-X2-Cell/AM015b-X2-Cell2/AM015b/AM015b-X1
AM015b-X1,ZNF225:chr19:44132440:C:T,ZNF225,NA,NA,NA,chr19:44132440,C:T,1,Public,6,AM015b-X3/AM015b-X2/AM015b-X2-Cell/AM015b-X2-Cell2/AM015b/AM015b-X1
AM015b-X1,ZNF449:chrX:135347165:G:C,ZNF449,NA,NA,NA,chrX:135347165,G:C,1,Public,6,AM015b-X3/AM015b-X2/AM015b-X2-Cell/AM015b-X2-Cell2/AM015b/AM015b-X1
AM015b-X1,ZNF510:chr9:96776040:A:T,ZNF510,NA,NA,NA,chr9:96776040,A:T,1,Public,6,AM015b-X3/AM015b-X2/AM015b-X2-Cell/AM015b-X2-Cell2/AM015b/AM015b-X1
AM015b-X1,ZUP1:chr6:116651659:-:C,ZUP1,NA,NA,NA,chr6:116651659,-:C,1,Public,6,AM015b-X3/AM015b-X2/AM015b-X2-Cell/AM015b-X2-Cell2/AM015b/AM015b-X1
AM015b-X1,ZZEF1:chr17:4056226:T:A,ZZEF1,NA,NA,NA,chr17:4056226,T:A,1,Public,6,AM015b-X3/AM015b-X2/AM015b-X2-Cell/AM015b-X2-Cell2/AM015b/AM015b-X1
AM015b-X1,DAP:chr5:10680908:G:A,DAP,NA,NA,NA,chr5:10680908,G:A,1,Shared,5,AM015b-X3/AM015b-X2/AM015b-X2-Cell/AM015b-X2-Cell2/AM015b-X1
AM015b-X1,MZT1:chr13:72719065:C:T,MZT1,NA,NA,NA,chr13:72719065,C:T,1,Shared,5,AM015b-X3/AM015b-X2/AM015b-X2-Cell/AM015b-X2-Cell2/AM015b-X1
AM015b-X1,PRDM5:chr4:120798414:G:C,PRDM5,NA,NA,NA,chr4:120798414,G:C,1,Shared,5,AM015b-X3/AM015b-X2/AM015b-X2-Cell/AM015b-X2-Cell2/AM015b-X1
AM015b-X1,CELSR1:chr22:46536643:G:A,CELSR1,NA,NA,NA,chr22:46536643,G:A,0,NA,3,AM015b-X3/AM015b-X2/AM015b-X2-Cell
AM015b-X1,TNKS:chr8:9555964:C:T,TNKS,NA,NA,NA,chr8:9555964,C:T,1,Shared,4,AM015b-X3/AM015b-X2/AM015b/AM015b-X1
AM015b-X1,WNK1:chr12:885847:A:G,WNK1,NA,NA,NA,chr12:885847,A:G,1,Shared,4,AM015b-X3/AM015b-X2/AM015b/AM015b-X1
AM015b-X1,XDH:chr2:31366033:C:G,XDH,NA,NA,NA,chr2:31366033,C:G,1,Shared,4,AM015b-X3/AM015b-X2/AM015b/AM015b-X1
AM015b-X1,SFTPA1:chr10:79611992:C:T,SFTPA1,NA,NA,NA,chr10:79611992,C:T,0,NA,3,AM015b-X3/AM015b-X2/AM015b
AM015b-X1,ALKBH8:chr11:107504818:C:T,ALKBH8,NA,NA,NA,chr11:107504818,C:T,1,Shared,3,AM015b-X3/AM015b-X2/AM015b-X1
AM015b-X1,ARHGAP5:chr14:32090812:A:C,ARHGAP5,oncogene,colon cancer/glioma,,chr14:32090812,A:C,1,Shared,3,AM015b-X3/AM015b-X2/AM015b-X1
AM015b-X1,MGAM2:chr7:142166153:G:T,MGAM2,NA,NA,NA,chr7:142166153,G:T,1,Shared,3,AM015b-X3/AM015b-X2/AM015b-X1
AM015b-X1,SPEN:chr1:15932157:G:-,SPEN,TSG,SMZL/adenoid cystic carcinoma/DLBCL,,chr1:15932157,G:-,1,Shared,3,AM015b-X3/AM015b-X2/AM015b-X1
AM015b-X1,YTHDF2:chr1:28742741:T:C,YTHDF2,NA,NA,NA,chr1:28742741,T:C,1,Shared,3,AM015b-X3/AM015b-X2/AM015b-X1
AM015b-X1,PPP1CC:chr12:110722539:A:G,PPP1CC,NA,NA,NA,chr12:110722539,A:G,0,NA,2,AM015b-X3/AM015b-X2
AM015b-X1,PPP1CC:chr12:110722648:G:T,PPP1CC,NA,NA,NA,chr12:110722648,G:T,0,NA,2,AM015b-X3/AM015b-X2
AM015b-X1,PPP2R5A:chr1:212329231:G:T,PPP2R5A,NA,NA,NA,chr1:212329231,G:T,0,NA,2,AM015b-X3/AM015b-X2
AM015b-X1,PUM1:chr1:31059390:C:T,PUM1,NA,NA,NA,chr1:31059390,C:T,0,NA,2,AM015b-X3/AM015b-X2
AM015b-X1,UBE2N:chr12:93411132:G:T,UBE2N,NA,NA,NA,chr12:93411132,G:T,0,NA,2,AM015b-X3/AM015b-X2
AM015b-X1,UBE2N:chr12:93411204:A:G,UBE2N,NA,NA,NA,chr12:93411204,A:G,0,NA,2,AM015b-X3/AM015b-X2
AM015b-X1,UBE2N:chr12:93411255:G:T,UBE2N,NA,NA,NA,chr12:93411255,G:T,0,NA,2,AM015b-X3/AM015b-X2
AM015b-X1,UBE2N:chr12:93411261:G:A,UBE2N,NA,NA,NA,chr12:93411261,G:A,0,NA,2,AM015b-X3/AM015b-X2
AM015b-X1,YTHDF2:chr1:28742642:C:T,YTHDF2,NA,NA,NA,chr1:28742642,C:T,0,NA,2,AM015b-X3/AM015b-X2
AM015b-X1,YTHDF2:chr1:28742705:G:A,YTHDF2,NA,NA,NA,chr1:28742705,G:A,0,NA,2,AM015b-X3/AM015b-X2
AM015b-X1,YTHDF2:chr1:28742729:T:C,YTHDF2,NA,NA,NA,chr1:28742729,T:C,0,NA,2,AM015b-X3/AM015b-X2
AM015b-X1,YTHDF2:chr1:28742804:G:A,YTHDF2,NA,NA,NA,chr1:28742804,G:A,0,NA,2,AM015b-X3/AM015b-X2
AM015b-X1,YTHDF2:chr1:28743764:G:A,YTHDF2,NA,NA,NA,chr1:28743764,G:A,0,NA,2,AM015b-X3/AM015b-X2
AM015b-X1,YTHDF2:chr1:28743812:C:T,YTHDF2,NA,NA,NA,chr1:28743812,C:T,0,NA,2,AM015b-X3/AM015b-X2
AM015b-X1,YTHDF2:chr1:28743878:G:A,YTHDF2,NA,NA,NA,chr1:28743878,G:A,0,NA,2,AM015b-X3/AM015b-X2
AM015b-X1,SLC14A1:chr18:45730309:G:A,SLC14A1,NA,NA,NA,chr18:45730309,G:A,1,Shared,5,AM015b-X3/AM015b-X2-Cell/AM015b-X2-Cell2/AM015b/AM015b-X1
AM015b-X1,AC093246.1:chr5:171420096:GCG:-,AC093246.1,NA,NA,NA,chr5:171420096,GCG:-,0,NA,1,AM015b-X3
AM015b-X1,ANO5:chr11:22257710:C:T,ANO5,NA,NA,NA,chr11:22257710,C:T,0,NA,1,AM015b-X3
AM015b-X1,DMD:chrX:32346054:T:A,DMD,NA,NA,NA,chrX:32346054,T:A,0,NA,1,AM015b-X3
AM015b-X1,FNBP4:chr11:47723193:A:C,FNBP4,NA,NA,NA,chr11:47723193,A:C,0,NA,1,AM015b-X3
AM015b-X1,ITLN1:chr1:160881206:G:A,ITLN1,NA,NA,NA,chr1:160881206,G:A,0,NA,1,AM015b-X3
AM015b-X1,ONECUT2:chr18:57435823:C:T,ONECUT2,NA,NA,NA,chr18:57435823,C:T,0,NA,1,AM015b-X3
AM015b-X1,PCDH10:chr4:133150838:C:G,PCDH10,NA,NA,NA,chr4:133150838,C:G,0,NA,1,AM015b-X3
AM015b-X1,PUM1:chr1:31059420:T:C,PUM1,NA,NA,NA,chr1:31059420,T:C,0,NA,1,AM015b-X3
AM015b-X1,YTHDF2:chr1:28742666:A:T,YTHDF2,NA,NA,NA,chr1:28742666,A:T,0,NA,1,AM015b-X3
AM015b-X1,YTHDF2:chr1:28743317:C:T,YTHDF2,NA,NA,NA,chr1:28743317,C:T,0,NA,1,AM015b-X3
AM015b-X1,YTHDF2:chr1:28743398:T:G,YTHDF2,NA,NA,NA,chr1:28743398,T:G,0,NA,1,AM015b-X3
AM015b-X1,YTHDF2:chr1:28743470:C:T,YTHDF2,NA,NA,NA,chr1:28743470,C:T,0,NA,1,AM015b-X3
AM015b-X1,YTHDF2:chr1:28743479:T:C,YTHDF2,NA,NA,NA,chr1:28743479,T:C,0,NA,1,AM015b-X3
AM015b-X1,YTHDF2:chr1:28743539:T:C,YTHDF2,NA,NA,NA,chr1:28743539,T:C,0,NA,1,AM015b-X3
AM015b-X1,YTHDF2:chr1:28743755:T:C,YTHDF2,NA,NA,NA,chr1:28743755,T:C,0,NA,1,AM015b-X3
AM015b-X1,YTHDF2:chr1:28743899:T:C,YTHDF2,NA,NA,NA,chr1:28743899,T:C,0,NA,1,AM015b-X3
AM015b-X1,AL031178.2:chr6:53065619:G:A,AL031178.2,NA,NA,NA,chr6:53065619,G:A,1,Shared,5,AM015b-X2/AM015b-X2-Cell/AM015b-X2-Cell2/AM015b/AM015b-X1
AM015b-X1,DNAH6:chr2:84594057:G:T,DNAH6,NA,NA,NA,chr2:84594057,G:T,1,Shared,5,AM015b-X2/AM015b-X2-Cell/AM015b-X2-Cell2/AM015b/AM015b-X1
AM015b-X1,TNRC18:chr7:5374266:G:A,TNRC18,NA,NA,NA,chr7:5374266,G:A,1,Shared,5,AM015b-X2/AM015b-X2-Cell/AM015b-X2-Cell2/AM015b/AM015b-X1
AM015b-X1,CASD1:chr7:94510201:C:G,CASD1,NA,NA,NA,chr7:94510201,C:G,0,NA,1,AM015b-X2
AM015b-X1,DMD:chrX:32614402:A:G,DMD,NA,NA,NA,chrX:32614402,A:G,0,NA,1,AM015b-X2
AM015b-X1,GOLGA2:chr9:128258539:A:C,GOLGA2,NA,NA,NA,chr9:128258539,A:C,0,NA,1,AM015b-X2
AM015b-X1,PRPF40A:chr2:152679083:T:C,PRPF40A,NA,NA,NA,chr2:152679083,T:C,0,NA,1,AM015b-X2
AM015b-X1,PUM1:chr1:31059363:A:G,PUM1,NA,NA,NA,chr1:31059363,A:G,0,NA,1,AM015b-X2
AM015b-X1,SAMD1:chr19:14090112:C:G,SAMD1,NA,NA,NA,chr19:14090112,C:G,0,NA,1,AM015b-X2
AM015b-X1,TAF4:chr20:62065663:C:G,TAF4,NA,NA,NA,chr20:62065663,C:G,0,NA,1,AM015b-X2
AM015b-X1,TAF4:chr20:62065724:C:G,TAF4,NA,NA,NA,chr20:62065724,C:G,0,NA,1,AM015b-X2
AM015b-X1,TAF4:chr20:62065739:G:A,TAF4,NA,NA,NA,chr20:62065739,G:A,0,NA,1,AM015b-X2
AM015b-X1,WTAP:chr6:159748345:G:A,WTAP,NA,NA,NA,chr6:159748345,G:A,0,NA,1,AM015b-X2
AM015b-X1,YTHDF2:chr1:28742810:T:A,YTHDF2,NA,NA,NA,chr1:28742810,T:A,0,NA,1,AM015b-X2
AM015b-X1,ZNF257:chr19:22088980:C:G,ZNF257,NA,NA,NA,chr19:22088980,C:G,0,NA,1,AM015b-X2
AM015b-X1,ASAP1:chr8:130128021:-:GCACTCT,ASAP1,NA,NA,NA,chr8:130128021,-:GCACTCT,1,Shared,4,AM015b-X2-Cell/AM015b-X2-Cell2/AM015b/AM015b-X1
AM015b-X1,KLHL11:chr17:41865332:-:GCC,KLHL11,NA,NA,NA,chr17:41865332,-:GCC,0,NA,3,AM015b-X2-Cell/AM015b-X2-Cell2/AM015b
AM015b-X1,TNRC18:chr7:5374203:G:A,TNRC18,NA,NA,NA,chr7:5374203,G:A,0,NA,3,AM015b-X2-Cell/AM015b-X2-Cell2/AM015b
AM015b-X1,TNRC18:chr7:5374214:G:A,TNRC18,NA,NA,NA,chr7:5374214,G:A,0,NA,3,AM015b-X2-Cell/AM015b-X2-Cell2/AM015b
AM015b-X1,TWIST1:chr7:19117120:T:A,TWIST1,NA,NA,NA,chr7:19117120,T:A,0,NA,3,AM015b-X2-Cell/AM015b-X2-Cell2/AM015b
AM015b-X1,TWIST1:chr7:19117123:CCGGCT:-,TWIST1,NA,NA,NA,chr7:19117123,CCGGCT:-,0,NA,3,AM015b-X2-Cell/AM015b-X2-Cell2/AM015b
AM015b-X1,PREPL:chr2:44323383:A:C,PREPL,NA,NA,NA,chr2:44323383,A:C,0,NA,2,AM015b-X2-Cell/AM015b-X2-Cell2
AM015b-X1,INTS2:chr17:61921809:C:A,INTS2,NA,NA,NA,chr17:61921809,C:A,1,Shared,2,AM015b-X2-Cell/AM015b-X1
AM015b-X1,DEPDC1B:chr5:60642855:T:-,DEPDC1B,NA,NA,NA,chr5:60642855,T:-,0,NA,1,AM015b-X2-Cell
AM015b-X1,DNHD1:chr11:6520043:GAAAAT:AA,DNHD1,NA,NA,NA,chr11:6520043,GAAAAT:AA,0,NA,1,AM015b-X2-Cell
AM015b-X1,DNHD1:chr11:6520048:T:A,DNHD1,NA,NA,NA,chr11:6520048,T:A,0,NA,1,AM015b-X2-Cell
AM015b-X1,DPEP2:chr16:67991871:T:C,DPEP2,NA,NA,NA,chr16:67991871,T:C,0,NA,1,AM015b-X2-Cell
AM015b-X1,DUSP7:chr3:52054052:G:A,DUSP7,NA,NA,NA,chr3:52054052,G:A,0,NA,1,AM015b-X2-Cell
AM015b-X1,FAM120C:chrX:54157742:C:G,FAM120C,NA,NA,NA,chrX:54157742,C:G,0,NA,1,AM015b-X2-Cell
AM015b-X1,FUZ:chr19:49811380:C:A,FUZ,NA,NA,NA,chr19:49811380,C:A,0,NA,1,AM015b-X2-Cell
AM015b-X1,HELZ2:chr20:63568912:G:A,HELZ2,NA,NA,NA,chr20:63568912,G:A,0,NA,1,AM015b-X2-Cell
AM015b-X1,JARID2:chr6:15487415:G:A,JARID2,NA,NA,NA,chr6:15487415,G:A,0,NA,1,AM015b-X2-Cell
AM015b-X1,KCTD2:chr17:75047499:C:T,KCTD2,NA,NA,NA,chr17:75047499,C:T,0,NA,1,AM015b-X2-Cell
AM015b-X1,KRTAP26-1:chr21:30319887:G:A,KRTAP26-1,NA,NA,NA,chr21:30319887,G:A,0,NA,1,AM015b-X2-Cell
AM015b-X1,MYH1:chr17:10515971:G:A,MYH1,NA,NA,NA,chr17:10515971,G:A,0,NA,1,AM015b-X2-Cell
AM015b-X1,NAE1:chr16:66823281:T:C,NAE1,NA,NA,NA,chr16:66823281,T:C,0,NA,1,AM015b-X2-Cell
AM015b-X1,OVOL2:chr20:18056845:-:G,OVOL2,NA,NA,NA,chr20:18056845,-:G,0,NA,1,AM015b-X2-Cell
AM015b-X1,PHF8:chrX:54017807:A:G,PHF8,NA,NA,NA,chrX:54017807,A:G,0,NA,1,AM015b-X2-Cell
AM015b-X1,PTPRB:chr12:70540857:C:T,PTPRB,TSG,angiosarcoma,,chr12:70540857,C:T,0,NA,1,AM015b-X2-Cell
AM015b-X1,TMEM132E:chr17:34626950:C:G,TMEM132E,NA,NA,NA,chr17:34626950,C:G,0,NA,1,AM015b-X2-Cell
AM015b-X1,TTC5:chr14:20292058:C:G,TTC5,NA,NA,NA,chr14:20292058,C:G,0,NA,1,AM015b-X2-Cell
AM015b-X1,AVP:chr20:3083073:G:T,AVP,NA,NA,NA,chr20:3083073,G:T,0,NA,1,AM015b-X2-Cell2
AM015b-X1,CENPE:chr4:103109045:C:A,CENPE,NA,NA,NA,chr4:103109045,C:A,0,NA,1,AM015b-X2-Cell2
AM015b-X1,E2F2:chr1:23530577:G:A,E2F2,NA,NA,NA,chr1:23530577,G:A,0,NA,1,AM015b-X2-Cell2
AM015b-X1,HDC:chr15:50263337:C:T,HDC,NA,NA,NA,chr15:50263337,C:T,0,NA,1,AM015b-X2-Cell2
AM015b-X1,IRAK1BP1:chr6:78897844:A:G,IRAK1BP1,NA,NA,NA,chr6:78897844,A:G,0,NA,1,AM015b-X2-Cell2
AM015b-X1,MAP7D2:chrX:20063488:C:T,MAP7D2,NA,NA,NA,chrX:20063488,C:T,0,NA,1,AM015b-X2-Cell2
AM015b-X1,MKNK1:chr1:46583265:C:G,MKNK1,NA,NA,NA,chr1:46583265,C:G,0,NA,1,AM015b-X2-Cell2
AM015b-X1,NPHS2:chr1:179559745:-:A,NPHS2,NA,NA,NA,chr1:179559745,-:A,0,NA,1,AM015b-X2-Cell2
AM015b-X1,PNPLA5:chr22:43886354:G:T,PNPLA5,NA,NA,NA,chr22:43886354,G:T,0,NA,1,AM015b-X2-Cell2
AM015b-X1,TAPT1:chr4:16166726:C:T,TAPT1,NA,NA,NA,chr4:16166726,C:T,0,NA,1,AM015b-X2-Cell2
AM015b-X1,TTK:chr6:80007995:T:C,TTK,NA,NA,NA,chr6:80007995,T:C,0,NA,1,AM015b-X2-Cell2
AM015b-X1,USP53:chr4:119292726:C:A,USP53,NA,NA,NA,chr4:119292726,C:A,0,NA,1,AM015b-X2-Cell2
AM015b-X1,ADAMTS8:chr11:130405892:A:T,ADAMTS8,NA,NA,NA,chr11:130405892,A:T,0,NA,1,AM015b
AM015b-X1,ERCC6L2:chr9:96012909:G:T,ERCC6L2,NA,NA,NA,chr9:96012909,G:T,0,NA,1,AM015b
AM015b-X1,PHGDH:chr1:119727036:G:T,PHGDH,NA,NA,NA,chr1:119727036,G:T,0,NA,1,AM015b
AM015b-X1,RPH3A:chr12:112894633:A:G,RPH3A,NA,NA,NA,chr12:112894633,A:G,0,NA,1,AM015b
