sample,event,gene,cosmic_cgc_role_in_cancer,cosmic_cgc_tumour_types_somatic,cosmic_cgc_tumour_types_germline,location,mutation,mutation_status_in_sample,mutation_type,n_samples_mutation_is_present,sample_ids_mutation_is_present
AM015a-X3-Cell2,ACAP2:chr3:195285825:C:T,ACAP2,NA,NA,NA,chr3:195285825,C:T,1,Public,6,AM015a-X3-Cell2/AM015a-X3-Cell/AM015a-X2/AM015a-X1/AM015a-X3/AM015a
AM015a-X3-Cell2,ADAMTSL4:chr1:150557520:A:C,ADAMTSL4,NA,NA,NA,chr1:150557520,A:C,1,Public,6,AM015a-X3-Cell2/AM015a-X3-Cell/AM015a-X2/AM015a-X1/AM015a-X3/AM015a
AM015a-X3-Cell2,AJUBA:chr14:22981951:G:A,AJUBA,NA,NA,NA,chr14:22981951,G:A,1,Public,6,AM015a-X3-Cell2/AM015a-X3-Cell/AM015a-X2/AM015a-X1/AM015a-X3/AM015a
AM015a-X3-Cell2,ALKBH8:chr11:107504818:C:T,ALKBH8,NA,NA,NA,chr11:107504818,C:T,1,Public,6,AM015a-X3-Cell2/AM015a-X3-Cell/AM015a-X2/AM015a-X1/AM015a-X3/AM015a
AM015a-X3-Cell2,AQP11:chr11:77590288:A:G,AQP11,NA,NA,NA,chr11:77590288,A:G,1,Public,6,AM015a-X3-Cell2/AM015a-X3-Cell/AM015a-X2/AM015a-X1/AM015a-X3/AM015a
AM015a-X3-Cell2,ARHGEF12:chr11:120473097:G:C,ARHGEF12,"TSG, fusion",AML,,chr11:120473097,G:C,1,Public,6,AM015a-X3-Cell2/AM015a-X3-Cell/AM015a-X2/AM015a-X1/AM015a-X3/AM015a
AM015a-X3-Cell2,AXIN2:chr17:65541496:T:C,AXIN2,TSG,colorectal carcinoma/stomach carcinoma/hepatocellular carcinoma,colorectal carcinoma,chr17:65541496,T:C,1,Public,6,AM015a-X3-Cell2/AM015a-X3-Cell/AM015a-X2/AM015a-X1/AM015a-X3/AM015a
AM015a-X3-Cell2,BCL11B:chr14:99175069:G:A,BCL11B,"oncogene, TSG, fusion",T-ALL,,chr14:99175069,G:A,1,Public,6,AM015a-X3-Cell2/AM015a-X3-Cell/AM015a-X2/AM015a-X1/AM015a-X3/AM015a
AM015a-X3-Cell2,BLK:chr8:11563049:C:T,BLK,NA,NA,NA,chr8:11563049,C:T,1,Public,6,AM015a-X3-Cell2/AM015a-X3-Cell/AM015a-X2/AM015a-X1/AM015a-X3/AM015a
AM015a-X3-Cell2,BRWD1:chr21:39270325:T:C,BRWD1,NA,NA,NA,chr21:39270325,T:C,1,Public,6,AM015a-X3-Cell2/AM015a-X3-Cell/AM015a-X2/AM015a-X1/AM015a-X3/AM015a
AM015a-X3-Cell2,CCDC159:chr19:11352114:C:T,CCDC159,NA,NA,NA,chr19:11352114,C:T,1,Public,6,AM015a-X3-Cell2/AM015a-X3-Cell/AM015a-X2/AM015a-X1/AM015a-X3/AM015a
AM015a-X3-Cell2,CCT6A:chr7:56059641:G:C,CCT6A,NA,NA,NA,chr7:56059641,G:C,1,Public,6,AM015a-X3-Cell2/AM015a-X3-Cell/AM015a-X2/AM015a-X1/AM015a-X3/AM015a
AM015a-X3-Cell2,CD1C:chr1:158291245:G:T,CD1C,NA,NA,NA,chr1:158291245,G:T,1,Public,6,AM015a-X3-Cell2/AM015a-X3-Cell/AM015a-X2/AM015a-X1/AM015a-X3/AM015a
AM015a-X3-Cell2,CEACAM5:chr19:41715698:C:T,CEACAM5,NA,NA,NA,chr19:41715698,C:T,1,Public,6,AM015a-X3-Cell2/AM015a-X3-Cell/AM015a-X2/AM015a-X1/AM015a-X3/AM015a
AM015a-X3-Cell2,CEP170:chr1:243191056:A:C,CEP170,NA,NA,NA,chr1:243191056,A:C,1,Public,6,AM015a-X3-Cell2/AM015a-X3-Cell/AM015a-X2/AM015a-X1/AM015a-X3/AM015a
AM015a-X3-Cell2,CEP350:chr1:180020839:G:T,CEP350,NA,NA,NA,chr1:180020839,G:T,1,Public,6,AM015a-X3-Cell2/AM015a-X3-Cell/AM015a-X2/AM015a-X1/AM015a-X3/AM015a
AM015a-X3-Cell2,CORO7-PAM16:chr16:4364333:G:A,CORO7-PAM16,NA,NA,NA,chr16:4364333,G:A,1,Public,6,AM015a-X3-Cell2/AM015a-X3-Cell/AM015a-X2/AM015a-X1/AM015a-X3/AM015a
AM015a-X3-Cell2,CORO7:chr16:4364333:G:A,CORO7,NA,NA,NA,chr16:4364333,G:A,1,Public,6,AM015a-X3-Cell2/AM015a-X3-Cell/AM015a-X2/AM015a-X1/AM015a-X3/AM015a
AM015a-X3-Cell2,CTNNB1:chr3:41224645:T:C,CTNNB1,"oncogene, fusion",colorectal/ovarian/ hepatoblastoma/pleomorphic salivary gland adenoma/other tumour types,,chr3:41224645,T:C,1,Public,6,AM015a-X3-Cell2/AM015a-X3-Cell/AM015a-X2/AM015a-X1/AM015a-X3/AM015a
AM015a-X3-Cell2,DAP:chr5:10680756:G:A,DAP,NA,NA,NA,chr5:10680756,G:A,1,Public,6,AM015a-X3-Cell2/AM015a-X3-Cell/AM015a-X2/AM015a-X1/AM015a-X3/AM015a
AM015a-X3-Cell2,DAP:chr5:10680884:G:A,DAP,NA,NA,NA,chr5:10680884,G:A,1,Public,6,AM015a-X3-Cell2/AM015a-X3-Cell/AM015a-X2/AM015a-X1/AM015a-X3/AM015a
AM015a-X3-Cell2,DAP:chr5:10680924:G:A,DAP,NA,NA,NA,chr5:10680924,G:A,1,Public,6,AM015a-X3-Cell2/AM015a-X3-Cell/AM015a-X2/AM015a-X1/AM015a-X3/AM015a
AM015a-X3-Cell2,DAPK1:chr9:87646506:C:T,DAPK1,NA,NA,NA,chr9:87646506,C:T,1,Public,6,AM015a-X3-Cell2/AM015a-X3-Cell/AM015a-X2/AM015a-X1/AM015a-X3/AM015a
AM015a-X3-Cell2,DENND5A:chr11:9141965:G:A,DENND5A,NA,NA,NA,chr11:9141965,G:A,1,Public,6,AM015a-X3-Cell2/AM015a-X3-Cell/AM015a-X2/AM015a-X1/AM015a-X3/AM015a
AM015a-X3-Cell2,DNAH10:chr12:123853275:G:A,DNAH10,NA,NA,NA,chr12:123853275,G:A,1,Public,6,AM015a-X3-Cell2/AM015a-X3-Cell/AM015a-X2/AM015a-X1/AM015a-X3/AM015a
AM015a-X3-Cell2,DSN1:chr20:36762471:C:T,DSN1,NA,NA,NA,chr20:36762471,C:T,1,Public,6,AM015a-X3-Cell2/AM015a-X3-Cell/AM015a-X2/AM015a-X1/AM015a-X3/AM015a
AM015a-X3-Cell2,DVL3:chr3:184170649:C:T,DVL3,NA,NA,NA,chr3:184170649,C:T,1,Public,6,AM015a-X3-Cell2/AM015a-X3-Cell/AM015a-X2/AM015a-X1/AM015a-X3/AM015a
AM015a-X3-Cell2,ELP2:chr18:36154909:C:A,ELP2,NA,NA,NA,chr18:36154909,C:A,1,Public,6,AM015a-X3-Cell2/AM015a-X3-Cell/AM015a-X2/AM015a-X1/AM015a-X3/AM015a
AM015a-X3-Cell2,FRY:chr13:32224240:C:T,FRY,NA,NA,NA,chr13:32224240,C:T,1,Public,6,AM015a-X3-Cell2/AM015a-X3-Cell/AM015a-X2/AM015a-X1/AM015a-X3/AM015a
AM015a-X3-Cell2,GABBR2:chr9:98306269:A:G,GABBR2,NA,NA,NA,chr9:98306269,A:G,1,Public,6,AM015a-X3-Cell2/AM015a-X3-Cell/AM015a-X2/AM015a-X1/AM015a-X3/AM015a
AM015a-X3-Cell2,GALNT18:chr11:11379185:G:A,GALNT18,NA,NA,NA,chr11:11379185,G:A,1,Public,6,AM015a-X3-Cell2/AM015a-X3-Cell/AM015a-X2/AM015a-X1/AM015a-X3/AM015a
AM015a-X3-Cell2,GAPVD1:chr9:125298952:C:T,GAPVD1,NA,NA,NA,chr9:125298952,C:T,1,Public,6,AM015a-X3-Cell2/AM015a-X3-Cell/AM015a-X2/AM015a-X1/AM015a-X3/AM015a
AM015a-X3-Cell2,GLT8D1:chr3:52697887:G:A,GLT8D1,NA,NA,NA,chr3:52697887,G:A,1,Public,6,AM015a-X3-Cell2/AM015a-X3-Cell/AM015a-X2/AM015a-X1/AM015a-X3/AM015a
AM015a-X3-Cell2,GNL1:chr6:30547403:-:A,GNL1,NA,NA,NA,chr6:30547403,-:A,1,Public,6,AM015a-X3-Cell2/AM015a-X3-Cell/AM015a-X2/AM015a-X1/AM015a-X3/AM015a
AM015a-X3-Cell2,GNL1:chr6:30547425:A:G,GNL1,NA,NA,NA,chr6:30547425,A:G,1,Public,6,AM015a-X3-Cell2/AM015a-X3-Cell/AM015a-X2/AM015a-X1/AM015a-X3/AM015a
AM015a-X3-Cell2,H2BC10:chr6:26273265:C:T,H2BC10,NA,NA,NA,chr6:26273265,C:T,1,Public,6,AM015a-X3-Cell2/AM015a-X3-Cell/AM015a-X2/AM015a-X1/AM015a-X3/AM015a
AM015a-X3-Cell2,HDLBP:chr2:241230890:C:T,HDLBP,NA,NA,NA,chr2:241230890,C:T,1,Public,6,AM015a-X3-Cell2/AM015a-X3-Cell/AM015a-X2/AM015a-X1/AM015a-X3/AM015a
AM015a-X3-Cell2,HEPHL1:chr11:94088916:C:T,HEPHL1,NA,NA,NA,chr11:94088916,C:T,1,Public,6,AM015a-X3-Cell2/AM015a-X3-Cell/AM015a-X2/AM015a-X1/AM015a-X3/AM015a
AM015a-X3-Cell2,IFIT2:chr10:89306959:C:T,IFIT2,NA,NA,NA,chr10:89306959,C:T,1,Public,6,AM015a-X3-Cell2/AM015a-X3-Cell/AM015a-X2/AM015a-X1/AM015a-X3/AM015a
AM015a-X3-Cell2,IRF2BPL:chr14:77025781:C:T,IRF2BPL,NA,NA,NA,chr14:77025781,C:T,1,Public,6,AM015a-X3-Cell2/AM015a-X3-Cell/AM015a-X2/AM015a-X1/AM015a-X3/AM015a
AM015a-X3-Cell2,ITGA3:chr17:50089140:C:T,ITGA3,NA,NA,NA,chr17:50089140,C:T,1,Public,6,AM015a-X3-Cell2/AM015a-X3-Cell/AM015a-X2/AM015a-X1/AM015a-X3/AM015a
AM015a-X3-Cell2,JAKMIP3:chr10:132104900:A:G,JAKMIP3,NA,NA,NA,chr10:132104900,A:G,1,Public,6,AM015a-X3-Cell2/AM015a-X3-Cell/AM015a-X2/AM015a-X1/AM015a-X3/AM015a
AM015a-X3-Cell2,KCNA5:chr12:5045933:T:C,KCNA5,NA,NA,NA,chr12:5045933,T:C,1,Public,6,AM015a-X3-Cell2/AM015a-X3-Cell/AM015a-X2/AM015a-X1/AM015a-X3/AM015a
AM015a-X3-Cell2,KCNK9:chr8:139618629:C:T,KCNK9,NA,NA,NA,chr8:139618629,C:T,1,Public,6,AM015a-X3-Cell2/AM015a-X3-Cell/AM015a-X2/AM015a-X1/AM015a-X3/AM015a
AM015a-X3-Cell2,KCTD3:chr1:215620302:C:T,KCTD3,NA,NA,NA,chr1:215620302,C:T,1,Public,6,AM015a-X3-Cell2/AM015a-X3-Cell/AM015a-X2/AM015a-X1/AM015a-X3/AM015a
AM015a-X3-Cell2,KIT:chr4:54727495:T:C,KIT,oncogene,GIST/AML/TGCT/mastocytosis/mucosal melanoma,GIST/epithelioma,chr4:54727495,T:C,1,Public,6,AM015a-X3-Cell2/AM015a-X3-Cell/AM015a-X2/AM015a-X1/AM015a-X3/AM015a
AM015a-X3-Cell2,KRT27:chr17:40782224:G:T,KRT27,NA,NA,NA,chr17:40782224,G:T,1,Public,6,AM015a-X3-Cell2/AM015a-X3-Cell/AM015a-X2/AM015a-X1/AM015a-X3/AM015a
AM015a-X3-Cell2,LRTM1:chr3:54925004:C:A,LRTM1,NA,NA,NA,chr3:54925004,C:A,1,Public,6,AM015a-X3-Cell2/AM015a-X3-Cell/AM015a-X2/AM015a-X1/AM015a-X3/AM015a
AM015a-X3-Cell2,MAN1C1:chr1:25778154:T:C,MAN1C1,NA,NA,NA,chr1:25778154,T:C,1,Public,6,AM015a-X3-Cell2/AM015a-X3-Cell/AM015a-X2/AM015a-X1/AM015a-X3/AM015a
AM015a-X3-Cell2,MAPKAPK3:chr3:50617648:-:G,MAPKAPK3,NA,NA,NA,chr3:50617648,-:G,1,Public,6,AM015a-X3-Cell2/AM015a-X3-Cell/AM015a-X2/AM015a-X1/AM015a-X3/AM015a
AM015a-X3-Cell2,MGP:chr12:14884228:C:T,MGP,NA,NA,NA,chr12:14884228,C:T,1,Public,6,AM015a-X3-Cell2/AM015a-X3-Cell/AM015a-X2/AM015a-X1/AM015a-X3/AM015a
AM015a-X3-Cell2,MMP2:chr16:55484117:G:A,MMP2,NA,NA,NA,chr16:55484117,G:A,1,Public,6,AM015a-X3-Cell2/AM015a-X3-Cell/AM015a-X2/AM015a-X1/AM015a-X3/AM015a
AM015a-X3-Cell2,MYO10:chr5:16762044:C:G,MYO10,NA,NA,NA,chr5:16762044,C:G,1,Public,6,AM015a-X3-Cell2/AM015a-X3-Cell/AM015a-X2/AM015a-X1/AM015a-X3/AM015a
AM015a-X3-Cell2,MYO9B:chr19:17172763:T:C,MYO9B,NA,NA,NA,chr19:17172763,T:C,1,Public,6,AM015a-X3-Cell2/AM015a-X3-Cell/AM015a-X2/AM015a-X1/AM015a-X3/AM015a
AM015a-X3-Cell2,MZT1:chr13:72719065:C:T,MZT1,NA,NA,NA,chr13:72719065,C:T,1,Public,6,AM015a-X3-Cell2/AM015a-X3-Cell/AM015a-X2/AM015a-X1/AM015a-X3/AM015a
AM015a-X3-Cell2,NXF3:chrX:103077648:G:A,NXF3,NA,NA,NA,chrX:103077648,G:A,1,Public,6,AM015a-X3-Cell2/AM015a-X3-Cell/AM015a-X2/AM015a-X1/AM015a-X3/AM015a
AM015a-X3-Cell2,OR52D1:chr11:5489629:T:A,OR52D1,NA,NA,NA,chr11:5489629,T:A,1,Public,6,AM015a-X3-Cell2/AM015a-X3-Cell/AM015a-X2/AM015a-X1/AM015a-X3/AM015a
AM015a-X3-Cell2,OR7E24:chr19:9251483:C:T,OR7E24,NA,NA,NA,chr19:9251483,C:T,1,Public,6,AM015a-X3-Cell2/AM015a-X3-Cell/AM015a-X2/AM015a-X1/AM015a-X3/AM015a
AM015a-X3-Cell2,PCLO:chr7:82953870:AA:-,PCLO,NA,NA,NA,chr7:82953870,AA:-,1,Public,6,AM015a-X3-Cell2/AM015a-X3-Cell/AM015a-X2/AM015a-X1/AM015a-X3/AM015a
AM015a-X3-Cell2,PHF20L1:chr8:132816943:A:T,PHF20L1,NA,NA,NA,chr8:132816943,A:T,1,Public,6,AM015a-X3-Cell2/AM015a-X3-Cell/AM015a-X2/AM015a-X1/AM015a-X3/AM015a
AM015a-X3-Cell2,PLEKHA6:chr1:204257862:T:C,PLEKHA6,NA,NA,NA,chr1:204257862,T:C,1,Public,6,AM015a-X3-Cell2/AM015a-X3-Cell/AM015a-X2/AM015a-X1/AM015a-X3/AM015a
AM015a-X3-Cell2,POM121L2:chr6:27309929:G:A,POM121L2,NA,NA,NA,chr6:27309929,G:A,1,Public,6,AM015a-X3-Cell2/AM015a-X3-Cell/AM015a-X2/AM015a-X1/AM015a-X3/AM015a
AM015a-X3-Cell2,PTPN11:chr12:112489106:G:C,PTPN11,oncogene,JMML/AML/MDS,,chr12:112489106,G:C,1,Public,6,AM015a-X3-Cell2/AM015a-X3-Cell/AM015a-X2/AM015a-X1/AM015a-X3/AM015a
AM015a-X3-Cell2,RADX:chrX:106639602:T:A,RADX,NA,NA,NA,chrX:106639602,T:A,1,Public,6,AM015a-X3-Cell2/AM015a-X3-Cell/AM015a-X2/AM015a-X1/AM015a-X3/AM015a
AM015a-X3-Cell2,RFC1:chr4:39303067:C:A,RFC1,NA,NA,NA,chr4:39303067,C:A,1,Public,6,AM015a-X3-Cell2/AM015a-X3-Cell/AM015a-X2/AM015a-X1/AM015a-X3/AM015a
AM015a-X3-Cell2,RNPC3:chr1:103546977:G:C,RNPC3,NA,NA,NA,chr1:103546977,G:C,1,Public,6,AM015a-X3-Cell2/AM015a-X3-Cell/AM015a-X2/AM015a-X1/AM015a-X3/AM015a
AM015a-X3-Cell2,ROBO3:chr11:124873041:C:T,ROBO3,NA,NA,NA,chr11:124873041,C:T,1,Public,6,AM015a-X3-Cell2/AM015a-X3-Cell/AM015a-X2/AM015a-X1/AM015a-X3/AM015a
AM015a-X3-Cell2,RP1:chr8:54622190:G:A,RP1,NA,NA,NA,chr8:54622190,G:A,1,Public,6,AM015a-X3-Cell2/AM015a-X3-Cell/AM015a-X2/AM015a-X1/AM015a-X3/AM015a
AM015a-X3-Cell2,SCN11A:chr3:38904075:G:A,SCN11A,NA,NA,NA,chr3:38904075,G:A,1,Public,6,AM015a-X3-Cell2/AM015a-X3-Cell/AM015a-X2/AM015a-X1/AM015a-X3/AM015a
AM015a-X3-Cell2,SEPTIN3:chr22:41989662:A:G,SEPTIN3,NA,NA,NA,chr22:41989662,A:G,1,Public,6,AM015a-X3-Cell2/AM015a-X3-Cell/AM015a-X2/AM015a-X1/AM015a-X3/AM015a
AM015a-X3-Cell2,SFTPA2:chr10:79559317:G:A,SFTPA2,NA,NA,NA,chr10:79559317,G:A,1,Public,6,AM015a-X3-Cell2/AM015a-X3-Cell/AM015a-X2/AM015a-X1/AM015a-X3/AM015a
AM015a-X3-Cell2,SGPP2:chr2:222558371:A:C,SGPP2,NA,NA,NA,chr2:222558371,A:C,1,Public,6,AM015a-X3-Cell2/AM015a-X3-Cell/AM015a-X2/AM015a-X1/AM015a-X3/AM015a
AM015a-X3-Cell2,SH3TC1:chr4:8205207:C:G,SH3TC1,NA,NA,NA,chr4:8205207,C:G,1,Public,6,AM015a-X3-Cell2/AM015a-X3-Cell/AM015a-X2/AM015a-X1/AM015a-X3/AM015a
AM015a-X3-Cell2,SLC16A14:chr2:230046345:C:T,SLC16A14,NA,NA,NA,chr2:230046345,C:T,1,Public,6,AM015a-X3-Cell2/AM015a-X3-Cell/AM015a-X2/AM015a-X1/AM015a-X3/AM015a
AM015a-X3-Cell2,SLC7A7:chr14:22780010:T:C,SLC7A7,NA,NA,NA,chr14:22780010,T:C,1,Public,6,AM015a-X3-Cell2/AM015a-X3-Cell/AM015a-X2/AM015a-X1/AM015a-X3/AM015a
AM015a-X3-Cell2,SLC9A3:chr5:488471:G:A,SLC9A3,NA,NA,NA,chr5:488471,G:A,1,Public,6,AM015a-X3-Cell2/AM015a-X3-Cell/AM015a-X2/AM015a-X1/AM015a-X3/AM015a
AM015a-X3-Cell2,SOWAHA:chr5:132813809:A:G,SOWAHA,NA,NA,NA,chr5:132813809,A:G,1,Public,6,AM015a-X3-Cell2/AM015a-X3-Cell/AM015a-X2/AM015a-X1/AM015a-X3/AM015a
AM015a-X3-Cell2,SPANXB1:chrX:141003529:G:A,SPANXB1,NA,NA,NA,chrX:141003529,G:A,1,Public,6,AM015a-X3-Cell2/AM015a-X3-Cell/AM015a-X2/AM015a-X1/AM015a-X3/AM015a
AM015a-X3-Cell2,SPATS1:chr6:44368496:C:T,SPATS1,NA,NA,NA,chr6:44368496,C:T,1,Public,6,AM015a-X3-Cell2/AM015a-X3-Cell/AM015a-X2/AM015a-X1/AM015a-X3/AM015a
AM015a-X3-Cell2,SYNGAP1:chr6:33441241:A:C,SYNGAP1,NA,NA,NA,chr6:33441241,A:C,1,Public,6,AM015a-X3-Cell2/AM015a-X3-Cell/AM015a-X2/AM015a-X1/AM015a-X3/AM015a
AM015a-X3-Cell2,TAS2R46:chr12:11062229:A:T,TAS2R46,NA,NA,NA,chr12:11062229,A:T,1,Public,6,AM015a-X3-Cell2/AM015a-X3-Cell/AM015a-X2/AM015a-X1/AM015a-X3/AM015a
AM015a-X3-Cell2,TCTEX1D1:chr1:66777309:T:C,TCTEX1D1,NA,NA,NA,chr1:66777309,T:C,1,Public,6,AM015a-X3-Cell2/AM015a-X3-Cell/AM015a-X2/AM015a-X1/AM015a-X3/AM015a
AM015a-X3-Cell2,TMC6:chr17:78126310:G:T,TMC6,NA,NA,NA,chr17:78126310,G:T,1,Public,6,AM015a-X3-Cell2/AM015a-X3-Cell/AM015a-X2/AM015a-X1/AM015a-X3/AM015a
AM015a-X3-Cell2,TNKS:chr8:9555964:C:T,TNKS,NA,NA,NA,chr8:9555964,C:T,1,Public,6,AM015a-X3-Cell2/AM015a-X3-Cell/AM015a-X2/AM015a-X1/AM015a-X3/AM015a
AM015a-X3-Cell2,TNRC18:chr7:5374214:G:A,TNRC18,NA,NA,NA,chr7:5374214,G:A,1,Public,6,AM015a-X3-Cell2/AM015a-X3-Cell/AM015a-X2/AM015a-X1/AM015a-X3/AM015a
AM015a-X3-Cell2,TNRC18:chr7:5374266:G:A,TNRC18,NA,NA,NA,chr7:5374266,G:A,1,Public,6,AM015a-X3-Cell2/AM015a-X3-Cell/AM015a-X2/AM015a-X1/AM015a-X3/AM015a
AM015a-X3-Cell2,TNRC18:chr7:5374287:G:A,TNRC18,NA,NA,NA,chr7:5374287,G:A,1,Public,6,AM015a-X3-Cell2/AM015a-X3-Cell/AM015a-X2/AM015a-X1/AM015a-X3/AM015a
AM015a-X3-Cell2,TTN:chr2:178620579:C:T,TTN,NA,NA,NA,chr2:178620579,C:T,1,Public,6,AM015a-X3-Cell2/AM015a-X3-Cell/AM015a-X2/AM015a-X1/AM015a-X3/AM015a
AM015a-X3-Cell2,TUBGCP5:chr15:23022100:C:T,TUBGCP5,NA,NA,NA,chr15:23022100,C:T,1,Public,6,AM015a-X3-Cell2/AM015a-X3-Cell/AM015a-X2/AM015a-X1/AM015a-X3/AM015a
AM015a-X3-Cell2,TUT4:chr1:52446376:G:A,TUT4,NA,NA,NA,chr1:52446376,G:A,1,Public,6,AM015a-X3-Cell2/AM015a-X3-Cell/AM015a-X2/AM015a-X1/AM015a-X3/AM015a
AM015a-X3-Cell2,TWNK:chr10:100989136:G:A,TWNK,NA,NA,NA,chr10:100989136,G:A,1,Public,6,AM015a-X3-Cell2/AM015a-X3-Cell/AM015a-X2/AM015a-X1/AM015a-X3/AM015a
AM015a-X3-Cell2,TYK2:chr19:10359256:C:A,TYK2,NA,NA,NA,chr19:10359256,C:A,1,Public,6,AM015a-X3-Cell2/AM015a-X3-Cell/AM015a-X2/AM015a-X1/AM015a-X3/AM015a
AM015a-X3-Cell2,VCAM1:chr1:100731334:G:A,VCAM1,NA,NA,NA,chr1:100731334,G:A,1,Public,6,AM015a-X3-Cell2/AM015a-X3-Cell/AM015a-X2/AM015a-X1/AM015a-X3/AM015a
AM015a-X3-Cell2,WIPI2:chr7:5217986:G:T,WIPI2,NA,NA,NA,chr7:5217986,G:T,1,Public,6,AM015a-X3-Cell2/AM015a-X3-Cell/AM015a-X2/AM015a-X1/AM015a-X3/AM015a
AM015a-X3-Cell2,WNK1:chr12:885847:A:G,WNK1,NA,NA,NA,chr12:885847,A:G,1,Public,6,AM015a-X3-Cell2/AM015a-X3-Cell/AM015a-X2/AM015a-X1/AM015a-X3/AM015a
AM015a-X3-Cell2,XDH:chr2:31366033:C:G,XDH,NA,NA,NA,chr2:31366033,C:G,1,Public,6,AM015a-X3-Cell2/AM015a-X3-Cell/AM015a-X2/AM015a-X1/AM015a-X3/AM015a
AM015a-X3-Cell2,ZNF225:chr19:44132440:C:T,ZNF225,NA,NA,NA,chr19:44132440,C:T,1,Public,6,AM015a-X3-Cell2/AM015a-X3-Cell/AM015a-X2/AM015a-X1/AM015a-X3/AM015a
AM015a-X3-Cell2,ZNF510:chr9:96776040:A:T,ZNF510,NA,NA,NA,chr9:96776040,A:T,1,Public,6,AM015a-X3-Cell2/AM015a-X3-Cell/AM015a-X2/AM015a-X1/AM015a-X3/AM015a
AM015a-X3-Cell2,ZUP1:chr6:116651659:-:C,ZUP1,NA,NA,NA,chr6:116651659,-:C,1,Public,6,AM015a-X3-Cell2/AM015a-X3-Cell/AM015a-X2/AM015a-X1/AM015a-X3/AM015a
AM015a-X3-Cell2,ZZEF1:chr17:4056226:T:A,ZZEF1,NA,NA,NA,chr17:4056226,T:A,1,Public,6,AM015a-X3-Cell2/AM015a-X3-Cell/AM015a-X2/AM015a-X1/AM015a-X3/AM015a
AM015a-X3-Cell2,PPP4R4:chr14:94265884:C:G,PPP4R4,NA,NA,NA,chr14:94265884,C:G,1,Shared,5,AM015a-X3-Cell2/AM015a-X3-Cell/AM015a-X2/AM015a-X1/AM015a-X3
AM015a-X3-Cell2,TNRC18:chr7:5374203:G:A,TNRC18,NA,NA,NA,chr7:5374203,G:A,1,Shared,5,AM015a-X3-Cell2/AM015a-X3-Cell/AM015a-X2/AM015a-X1/AM015a
AM015a-X3-Cell2,DNAI4:chr1:66840555:C:T,DNAI4,NA,NA,NA,chr1:66840555,C:T,1,Shared,4,AM015a-X3-Cell2/AM015a-X3-Cell/AM015a-X2/AM015a-X3
AM015a-X3-Cell2,SLC26A5:chr7:103410393:C:T,SLC26A5,NA,NA,NA,chr7:103410393,C:T,1,Shared,4,AM015a-X3-Cell2/AM015a-X3-Cell/AM015a-X2/AM015a-X3
AM015a-X3-Cell2,UNC5C:chr4:95301653:C:T,UNC5C,NA,NA,NA,chr4:95301653,C:T,1,Shared,4,AM015a-X3-Cell2/AM015a-X3-Cell/AM015a-X2/AM015a-X3
AM015a-X3-Cell2,TWIST1:chr7:19117120:T:A,TWIST1,NA,NA,NA,chr7:19117120,T:A,1,Shared,4,AM015a-X3-Cell2/AM015a-X3-Cell/AM015a-X2/AM015a
AM015a-X3-Cell2,UBE2V2:chr8:48049980:T:A,UBE2V2,NA,NA,NA,chr8:48049980,T:A,1,Shared,4,AM015a-X3-Cell2/AM015a-X3-Cell/AM015a-X1/AM015a-X3
AM015a-X3-Cell2,ASAP1:chr8:130128021:-:GCACTCT,ASAP1,NA,NA,NA,chr8:130128021,-:GCACTCT,1,Shared,3,AM015a-X3-Cell2/AM015a-X3-Cell/AM015a
AM015a-X3-Cell2,KLHL11:chr17:41865332:-:GCC,KLHL11,NA,NA,NA,chr17:41865332,-:GCC,1,Shared,3,AM015a-X3-Cell2/AM015a-X3-Cell/AM015a
AM015a-X3-Cell2,TWIST1:chr7:19117123:CCGGCT:-,TWIST1,NA,NA,NA,chr7:19117123,CCGGCT:-,1,Shared,3,AM015a-X3-Cell2/AM015a-X3-Cell/AM015a
AM015a-X3-Cell2,ANKRD11:chr16:89305214:G:T,ANKRD11,NA,NA,NA,chr16:89305214,G:T,1,Shared,2,AM015a-X3-Cell2/AM015a-X3-Cell
AM015a-X3-Cell2,LRP2:chr2:169188174:C:T,LRP2,NA,NA,NA,chr2:169188174,C:T,1,Shared,2,AM015a-X3-Cell2/AM015a-X3-Cell
AM015a-X3-Cell2,TRPC4:chr13:37692043:G:C,TRPC4,NA,NA,NA,chr13:37692043,G:C,1,Shared,2,AM015a-X3-Cell2/AM015a-X3-Cell
AM015a-X3-Cell2,SLC14A1:chr18:45730309:G:A,SLC14A1,NA,NA,NA,chr18:45730309,G:A,1,Shared,5,AM015a-X3-Cell2/AM015a-X2/AM015a-X1/AM015a-X3/AM015a
AM015a-X3-Cell2,SUCLA2:chr13:47996858:T:C,SUCLA2,NA,NA,NA,chr13:47996858,T:C,1,Shared,5,AM015a-X3-Cell2/AM015a-X2/AM015a-X1/AM015a-X3/AM015a
AM015a-X3-Cell2,ACOT6:chr14:73619570:T:C,ACOT6,NA,NA,NA,chr14:73619570,T:C,1,Private,1,AM015a-X3-Cell2
AM015a-X3-Cell2,AFF1:chr4:87084124:C:A,AFF1,fusion,AL,,chr4:87084124,C:A,1,Private,1,AM015a-X3-Cell2
AM015a-X3-Cell2,AGPAT4:chr6:161154262:C:A,AGPAT4,NA,NA,NA,chr6:161154262,C:A,1,Private,1,AM015a-X3-Cell2
AM015a-X3-Cell2,ANLN:chr7:36396297:A:C,ANLN,NA,NA,NA,chr7:36396297,A:C,1,Private,1,AM015a-X3-Cell2
AM015a-X3-Cell2,ARSF:chrX:3089549:C:T,ARSF,NA,NA,NA,chrX:3089549,C:T,1,Private,1,AM015a-X3-Cell2
AM015a-X3-Cell2,BRD9:chr5:886591:C:T,BRD9,NA,NA,NA,chr5:886591,C:T,1,Private,1,AM015a-X3-Cell2
AM015a-X3-Cell2,BRINP1:chr9:119249040:C:T,BRINP1,NA,NA,NA,chr9:119249040,C:T,1,Private,1,AM015a-X3-Cell2
AM015a-X3-Cell2,CD59:chr11:33710187:T:C,CD59,NA,NA,NA,chr11:33710187,T:C,1,Private,1,AM015a-X3-Cell2
AM015a-X3-Cell2,COL10A1:chr6:116120444:G:A,COL10A1,NA,NA,NA,chr6:116120444,G:A,1,Private,1,AM015a-X3-Cell2
AM015a-X3-Cell2,CPXM2:chr10:123780251:A:G,CPXM2,NA,NA,NA,chr10:123780251,A:G,1,Private,1,AM015a-X3-Cell2
AM015a-X3-Cell2,DMRT2:chr9:1051918:G:T,DMRT2,NA,NA,NA,chr9:1051918,G:T,1,Private,1,AM015a-X3-Cell2
AM015a-X3-Cell2,DMRT2:chr9:1051920:G:T,DMRT2,NA,NA,NA,chr9:1051920,G:T,1,Private,1,AM015a-X3-Cell2
AM015a-X3-Cell2,DOCK2:chr5:169700112:C:A,DOCK2,NA,NA,NA,chr5:169700112,C:A,1,Private,1,AM015a-X3-Cell2
AM015a-X3-Cell2,EDAR:chr2:108897147:A:G,EDAR,NA,NA,NA,chr2:108897147,A:G,1,Private,1,AM015a-X3-Cell2
AM015a-X3-Cell2,FGF4:chr11:69773415:T:C,FGF4,NA,NA,NA,chr11:69773415,T:C,1,Private,1,AM015a-X3-Cell2
AM015a-X3-Cell2,GABRB2:chr5:161330886:G:T,GABRB2,NA,NA,NA,chr5:161330886,G:T,1,Private,1,AM015a-X3-Cell2
AM015a-X3-Cell2,LRRTM3:chr10:66927809:T:C,LRRTM3,NA,NA,NA,chr10:66927809,T:C,1,Private,1,AM015a-X3-Cell2
AM015a-X3-Cell2,MARF1:chr16:15609726:C:A,MARF1,NA,NA,NA,chr16:15609726,C:A,1,Private,1,AM015a-X3-Cell2
AM015a-X3-Cell2,MED22:chr9:133344321:C:A,MED22,NA,NA,NA,chr9:133344321,C:A,1,Private,1,AM015a-X3-Cell2
AM015a-X3-Cell2,MYO1G:chr7:44970940:C:T,MYO1G,NA,NA,NA,chr7:44970940,C:T,1,Private,1,AM015a-X3-Cell2
AM015a-X3-Cell2,NF1:chr17:31219076:C:T,NF1,"TSG, fusion",neurofibroma/glioma,neurofibroma/glioma,chr17:31219076,C:T,1,Private,1,AM015a-X3-Cell2
AM015a-X3-Cell2,PCDHA5:chr5:140822339:G:A,PCDHA5,NA,NA,NA,chr5:140822339,G:A,1,Private,1,AM015a-X3-Cell2
AM015a-X3-Cell2,SFPQ:chr1:35187999:AA:GG,SFPQ,"TSG, fusion",papillary renal,,chr1:35187999,AA:GG,1,Private,1,AM015a-X3-Cell2
AM015a-X3-Cell2,SIPA1L3:chr19:38192226:G:T,SIPA1L3,NA,NA,NA,chr19:38192226,G:T,1,Private,1,AM015a-X3-Cell2
AM015a-X3-Cell2,SLC22A16:chr6:110456752:C:G,SLC22A16,NA,NA,NA,chr6:110456752,C:G,1,Private,1,AM015a-X3-Cell2
AM015a-X3-Cell2,SNX19:chr11:130910135:T:G,SNX19,NA,NA,NA,chr11:130910135,T:G,1,Private,1,AM015a-X3-Cell2
AM015a-X3-Cell2,TENM3:chr4:182792672:T:A,TENM3,NA,NA,NA,chr4:182792672,T:A,1,Private,1,AM015a-X3-Cell2
AM015a-X3-Cell2,TEP1:chr14:20386608:C:A,TEP1,NA,NA,NA,chr14:20386608,C:A,1,Private,1,AM015a-X3-Cell2
AM015a-X3-Cell2,TTN:chr2:178571231:C:A,TTN,NA,NA,NA,chr2:178571231,C:A,1,Private,1,AM015a-X3-Cell2
AM015a-X3-Cell2,VSIG2:chr11:124750855:G:C,VSIG2,NA,NA,NA,chr11:124750855,G:C,1,Private,1,AM015a-X3-Cell2
AM015a-X3-Cell2,DAP:chr5:10680908:G:A,DAP,NA,NA,NA,chr5:10680908,G:A,0,NA,5,AM015a-X3-Cell/AM015a-X2/AM015a-X1/AM015a-X3/AM015a
AM015a-X3-Cell2,SFTPA1:chr10:79611992:C:T,SFTPA1,NA,NA,NA,chr10:79611992,C:T,0,NA,3,AM015a-X3-Cell/AM015a-X2/AM015a
AM015a-X3-Cell2,AC245033.1:chr15:82538892:A:T,AC245033.1,NA,NA,NA,chr15:82538892,A:T,0,NA,1,AM015a-X3-Cell
AM015a-X3-Cell2,ARPP21:chr3:35729443:C:A,ARPP21,NA,NA,NA,chr3:35729443,C:A,0,NA,1,AM015a-X3-Cell
AM015a-X3-Cell2,CCDC18:chr1:93239851:T:G,CCDC18,NA,NA,NA,chr1:93239851,T:G,0,NA,1,AM015a-X3-Cell
AM015a-X3-Cell2,CRACD:chr4:56313269:G:T,CRACD,NA,NA,NA,chr4:56313269,G:T,0,NA,1,AM015a-X3-Cell
AM015a-X3-Cell2,DAB1:chr1:57011235:T:G,DAB1,NA,NA,NA,chr1:57011235,T:G,0,NA,1,AM015a-X3-Cell
AM015a-X3-Cell2,DDX39A:chr19:14409399:C:A,DDX39A,NA,NA,NA,chr19:14409399,C:A,0,NA,1,AM015a-X3-Cell
AM015a-X3-Cell2,DTX1:chr12:113077860:GCC:-,DTX1,NA,NA,NA,chr12:113077860,GCC:-,0,NA,1,AM015a-X3-Cell
AM015a-X3-Cell2,EPN3:chr17:50541675:C:T,EPN3,NA,NA,NA,chr17:50541675,C:T,0,NA,1,AM015a-X3-Cell
AM015a-X3-Cell2,FAM209A:chr20:56525809:G:T,FAM209A,NA,NA,NA,chr20:56525809,G:T,0,NA,1,AM015a-X3-Cell
AM015a-X3-Cell2,FAM47C:chrX:37010988:G:T,FAM47C,,melanoma/clear cell sarcoma of soft parts/SCLC,,chrX:37010988,G:T,0,NA,1,AM015a-X3-Cell
AM015a-X3-Cell2,LAMC3:chr9:131061197:G:T,LAMC3,NA,NA,NA,chr9:131061197,G:T,0,NA,1,AM015a-X3-Cell
AM015a-X3-Cell2,MAPK10:chr4:86159371:C:T,MAPK10,NA,NA,NA,chr4:86159371,C:T,0,NA,1,AM015a-X3-Cell
AM015a-X3-Cell2,MKRN1:chr7:140471916:T:G,MKRN1,NA,NA,NA,chr7:140471916,T:G,0,NA,1,AM015a-X3-Cell
AM015a-X3-Cell2,MXRA8:chr1:1355606:G:A,MXRA8,NA,NA,NA,chr1:1355606,G:A,0,NA,1,AM015a-X3-Cell
AM015a-X3-Cell2,MYO16:chr13:109141091:G:A,MYO16,NA,NA,NA,chr13:109141091,G:A,0,NA,1,AM015a-X3-Cell
AM015a-X3-Cell2,MYOF:chr10:93310128:G:A,MYOF,NA,NA,NA,chr10:93310128,G:A,0,NA,1,AM015a-X3-Cell
AM015a-X3-Cell2,OR4A5:chr11:54707622:C:T,OR4A5,NA,NA,NA,chr11:54707622,C:T,0,NA,1,AM015a-X3-Cell
AM015a-X3-Cell2,OR4E2:chr14:21665817:G:A,OR4E2,NA,NA,NA,chr14:21665817,G:A,0,NA,1,AM015a-X3-Cell
AM015a-X3-Cell2,PEG10:chr7:94664937:G:T,PEG10,NA,NA,NA,chr7:94664937,G:T,0,NA,1,AM015a-X3-Cell
AM015a-X3-Cell2,POGLUT1:chr3:119486911:C:A,POGLUT1,NA,NA,NA,chr3:119486911,C:A,0,NA,1,AM015a-X3-Cell
AM015a-X3-Cell2,PTPRC:chr1:198749493:G:C,PTPRC,TSG,T-ALL,,chr1:198749493,G:C,0,NA,1,AM015a-X3-Cell
AM015a-X3-Cell2,RCAN2:chr6:46223281:C:A,RCAN2,NA,NA,NA,chr6:46223281,C:A,0,NA,1,AM015a-X3-Cell
AM015a-X3-Cell2,RPS17:chr15:82538892:A:T,RPS17,NA,NA,NA,chr15:82538892,A:T,0,NA,1,AM015a-X3-Cell
AM015a-X3-Cell2,SMARCC2:chr12:56173026:G:A,SMARCC2,NA,NA,NA,chr12:56173026,G:A,0,NA,1,AM015a-X3-Cell
AM015a-X3-Cell2,TNS3:chr7:47368629:G:A,TNS3,NA,NA,NA,chr7:47368629,G:A,0,NA,1,AM015a-X3-Cell
AM015a-X3-Cell2,TRPM4:chr19:49182581:TTCCATC:TT,TRPM4,NA,NA,NA,chr19:49182581,TTCCATC:TT,0,NA,1,AM015a-X3-Cell
AM015a-X3-Cell2,TRPM4:chr19:49182589:C:T,TRPM4,NA,NA,NA,chr19:49182589,C:T,0,NA,1,AM015a-X3-Cell
AM015a-X3-Cell2,TTN:chr2:178589624:G:A,TTN,NA,NA,NA,chr2:178589624,G:A,0,NA,1,AM015a-X3-Cell
AM015a-X3-Cell2,XDH:chr2:31372390:G:T,XDH,NA,NA,NA,chr2:31372390,G:T,0,NA,1,AM015a-X3-Cell
AM015a-X3-Cell2,PPP1CC:chr12:110722539:A:G,PPP1CC,NA,NA,NA,chr12:110722539,A:G,0,NA,2,AM015a-X2/AM015a-X3
AM015a-X3-Cell2,UBE2N:chr12:93411132:G:T,UBE2N,NA,NA,NA,chr12:93411132,G:T,0,NA,2,AM015a-X2/AM015a-X3
AM015a-X3-Cell2,UBE2N:chr12:93411204:A:G,UBE2N,NA,NA,NA,chr12:93411204,A:G,0,NA,2,AM015a-X2/AM015a-X3
AM015a-X3-Cell2,YTHDF2:chr1:28742705:G:A,YTHDF2,NA,NA,NA,chr1:28742705,G:A,0,NA,2,AM015a-X2/AM015a-X3
AM015a-X3-Cell2,YTHDF2:chr1:28742741:T:C,YTHDF2,NA,NA,NA,chr1:28742741,T:C,0,NA,2,AM015a-X2/AM015a-X3
AM015a-X3-Cell2,MDN1:chr6:89673310:C:G,MDN1,NA,NA,NA,chr6:89673310,C:G,0,NA,1,AM015a-X2
AM015a-X3-Cell2,PICK1:chr22:38070878:T:G,PICK1,NA,NA,NA,chr22:38070878,T:G,0,NA,1,AM015a-X2
AM015a-X3-Cell2,RBM26:chr13:79320663:A:G,RBM26,NA,NA,NA,chr13:79320663,A:G,0,NA,1,AM015a-X2
AM015a-X3-Cell2,TAF4:chr20:62065663:C:G,TAF4,NA,NA,NA,chr20:62065663,C:G,0,NA,1,AM015a-X2
AM015a-X3-Cell2,YTHDF2:chr1:28742642:C:T,YTHDF2,NA,NA,NA,chr1:28742642,C:T,0,NA,1,AM015a-X2
AM015a-X3-Cell2,YTHDF2:chr1:28742729:T:C,YTHDF2,NA,NA,NA,chr1:28742729,T:C,0,NA,1,AM015a-X2
AM015a-X3-Cell2,ARHGAP5:chr14:32090812:A:C,ARHGAP5,oncogene,colon cancer/glioma,,chr14:32090812,A:C,0,NA,2,AM015a-X1/AM015a
AM015a-X3-Cell2,MGAM2:chr7:142166153:G:T,MGAM2,NA,NA,NA,chr7:142166153,G:T,0,NA,2,AM015a-X1/AM015a
AM015a-X3-Cell2,SPEN:chr1:15932157:G:-,SPEN,TSG,SMZL/adenoid cystic carcinoma/DLBCL,,chr1:15932157,G:-,0,NA,2,AM015a-X1/AM015a
AM015a-X3-Cell2,APOL1:chr22:36265563:C:A,APOL1,NA,NA,NA,chr22:36265563,C:A,0,NA,1,AM015a-X1
AM015a-X3-Cell2,ARFGEF2:chr20:48991046:C:T,ARFGEF2,NA,NA,NA,chr20:48991046,C:T,0,NA,1,AM015a-X1
AM015a-X3-Cell2,MED14:chrX:40682719:T:C,MED14,NA,NA,NA,chrX:40682719,T:C,0,NA,1,AM015a-X1
AM015a-X3-Cell2,MEF2C:chr5:88731895:C:T,MEF2C,NA,NA,NA,chr5:88731895,C:T,0,NA,1,AM015a-X1
AM015a-X3-Cell2,NR1I3:chr1:161232854:G:A,NR1I3,NA,NA,NA,chr1:161232854,G:A,0,NA,1,AM015a-X1
AM015a-X3-Cell2,PHF12:chr17:28912936:C:T,PHF12,NA,NA,NA,chr17:28912936,C:T,0,NA,1,AM015a-X1
AM015a-X3-Cell2,PIK3C2G:chr12:18505292:G:A,PIK3C2G,NA,NA,NA,chr12:18505292,G:A,0,NA,1,AM015a-X1
AM015a-X3-Cell2,PNPLA7:chr9:137497285:A:T,PNPLA7,NA,NA,NA,chr9:137497285,A:T,0,NA,1,AM015a-X1
AM015a-X3-Cell2,PTPN7:chr1:202150393:C:T,PTPN7,NA,NA,NA,chr1:202150393,C:T,0,NA,1,AM015a-X1
AM015a-X3-Cell2,SETD1B:chr12:121822507:G:T,SETD1B,TSG,CRC/endometrium,,chr12:121822507,G:T,0,NA,1,AM015a-X1
AM015a-X3-Cell2,UACA:chr15:70657112:C:A,UACA,NA,NA,NA,chr15:70657112,C:A,0,NA,1,AM015a-X1
AM015a-X3-Cell2,SAMD1:chr19:14090112:C:G,SAMD1,NA,NA,NA,chr19:14090112,C:G,0,NA,1,AM015a-X3
AM015a-X3-Cell2,TMEM161B:chr5:88205836:A:T,TMEM161B,NA,NA,NA,chr5:88205836,A:T,0,NA,1,AM015a-X3
AM015a-X3-Cell2,VPS13C:chr15:61931212:G:C,VPS13C,NA,NA,NA,chr15:61931212,G:C,0,NA,1,AM015a-X3
AM015a-X3-Cell,ACAP2:chr3:195285825:C:T,ACAP2,NA,NA,NA,chr3:195285825,C:T,1,Public,6,AM015a-X3-Cell2/AM015a-X3-Cell/AM015a-X2/AM015a-X1/AM015a-X3/AM015a
AM015a-X3-Cell,ADAMTSL4:chr1:150557520:A:C,ADAMTSL4,NA,NA,NA,chr1:150557520,A:C,1,Public,6,AM015a-X3-Cell2/AM015a-X3-Cell/AM015a-X2/AM015a-X1/AM015a-X3/AM015a
AM015a-X3-Cell,AJUBA:chr14:22981951:G:A,AJUBA,NA,NA,NA,chr14:22981951,G:A,1,Public,6,AM015a-X3-Cell2/AM015a-X3-Cell/AM015a-X2/AM015a-X1/AM015a-X3/AM015a
AM015a-X3-Cell,ALKBH8:chr11:107504818:C:T,ALKBH8,NA,NA,NA,chr11:107504818,C:T,1,Public,6,AM015a-X3-Cell2/AM015a-X3-Cell/AM015a-X2/AM015a-X1/AM015a-X3/AM015a
AM015a-X3-Cell,AQP11:chr11:77590288:A:G,AQP11,NA,NA,NA,chr11:77590288,A:G,1,Public,6,AM015a-X3-Cell2/AM015a-X3-Cell/AM015a-X2/AM015a-X1/AM015a-X3/AM015a
AM015a-X3-Cell,ARHGEF12:chr11:120473097:G:C,ARHGEF12,"TSG, fusion",AML,,chr11:120473097,G:C,1,Public,6,AM015a-X3-Cell2/AM015a-X3-Cell/AM015a-X2/AM015a-X1/AM015a-X3/AM015a
AM015a-X3-Cell,AXIN2:chr17:65541496:T:C,AXIN2,TSG,colorectal carcinoma/stomach carcinoma/hepatocellular carcinoma,colorectal carcinoma,chr17:65541496,T:C,1,Public,6,AM015a-X3-Cell2/AM015a-X3-Cell/AM015a-X2/AM015a-X1/AM015a-X3/AM015a
AM015a-X3-Cell,BCL11B:chr14:99175069:G:A,BCL11B,"oncogene, TSG, fusion",T-ALL,,chr14:99175069,G:A,1,Public,6,AM015a-X3-Cell2/AM015a-X3-Cell/AM015a-X2/AM015a-X1/AM015a-X3/AM015a
AM015a-X3-Cell,BLK:chr8:11563049:C:T,BLK,NA,NA,NA,chr8:11563049,C:T,1,Public,6,AM015a-X3-Cell2/AM015a-X3-Cell/AM015a-X2/AM015a-X1/AM015a-X3/AM015a
AM015a-X3-Cell,BRWD1:chr21:39270325:T:C,BRWD1,NA,NA,NA,chr21:39270325,T:C,1,Public,6,AM015a-X3-Cell2/AM015a-X3-Cell/AM015a-X2/AM015a-X1/AM015a-X3/AM015a
AM015a-X3-Cell,CCDC159:chr19:11352114:C:T,CCDC159,NA,NA,NA,chr19:11352114,C:T,1,Public,6,AM015a-X3-Cell2/AM015a-X3-Cell/AM015a-X2/AM015a-X1/AM015a-X3/AM015a
AM015a-X3-Cell,CCT6A:chr7:56059641:G:C,CCT6A,NA,NA,NA,chr7:56059641,G:C,1,Public,6,AM015a-X3-Cell2/AM015a-X3-Cell/AM015a-X2/AM015a-X1/AM015a-X3/AM015a
AM015a-X3-Cell,CD1C:chr1:158291245:G:T,CD1C,NA,NA,NA,chr1:158291245,G:T,1,Public,6,AM015a-X3-Cell2/AM015a-X3-Cell/AM015a-X2/AM015a-X1/AM015a-X3/AM015a
AM015a-X3-Cell,CEACAM5:chr19:41715698:C:T,CEACAM5,NA,NA,NA,chr19:41715698,C:T,1,Public,6,AM015a-X3-Cell2/AM015a-X3-Cell/AM015a-X2/AM015a-X1/AM015a-X3/AM015a
AM015a-X3-Cell,CEP170:chr1:243191056:A:C,CEP170,NA,NA,NA,chr1:243191056,A:C,1,Public,6,AM015a-X3-Cell2/AM015a-X3-Cell/AM015a-X2/AM015a-X1/AM015a-X3/AM015a
AM015a-X3-Cell,CEP350:chr1:180020839:G:T,CEP350,NA,NA,NA,chr1:180020839,G:T,1,Public,6,AM015a-X3-Cell2/AM015a-X3-Cell/AM015a-X2/AM015a-X1/AM015a-X3/AM015a
AM015a-X3-Cell,CORO7-PAM16:chr16:4364333:G:A,CORO7-PAM16,NA,NA,NA,chr16:4364333,G:A,1,Public,6,AM015a-X3-Cell2/AM015a-X3-Cell/AM015a-X2/AM015a-X1/AM015a-X3/AM015a
AM015a-X3-Cell,CORO7:chr16:4364333:G:A,CORO7,NA,NA,NA,chr16:4364333,G:A,1,Public,6,AM015a-X3-Cell2/AM015a-X3-Cell/AM015a-X2/AM015a-X1/AM015a-X3/AM015a
AM015a-X3-Cell,CTNNB1:chr3:41224645:T:C,CTNNB1,"oncogene, fusion",colorectal/ovarian/ hepatoblastoma/pleomorphic salivary gland adenoma/other tumour types,,chr3:41224645,T:C,1,Public,6,AM015a-X3-Cell2/AM015a-X3-Cell/AM015a-X2/AM015a-X1/AM015a-X3/AM015a
AM015a-X3-Cell,DAP:chr5:10680756:G:A,DAP,NA,NA,NA,chr5:10680756,G:A,1,Public,6,AM015a-X3-Cell2/AM015a-X3-Cell/AM015a-X2/AM015a-X1/AM015a-X3/AM015a
AM015a-X3-Cell,DAP:chr5:10680884:G:A,DAP,NA,NA,NA,chr5:10680884,G:A,1,Public,6,AM015a-X3-Cell2/AM015a-X3-Cell/AM015a-X2/AM015a-X1/AM015a-X3/AM015a
AM015a-X3-Cell,DAP:chr5:10680924:G:A,DAP,NA,NA,NA,chr5:10680924,G:A,1,Public,6,AM015a-X3-Cell2/AM015a-X3-Cell/AM015a-X2/AM015a-X1/AM015a-X3/AM015a
AM015a-X3-Cell,DAPK1:chr9:87646506:C:T,DAPK1,NA,NA,NA,chr9:87646506,C:T,1,Public,6,AM015a-X3-Cell2/AM015a-X3-Cell/AM015a-X2/AM015a-X1/AM015a-X3/AM015a
AM015a-X3-Cell,DENND5A:chr11:9141965:G:A,DENND5A,NA,NA,NA,chr11:9141965,G:A,1,Public,6,AM015a-X3-Cell2/AM015a-X3-Cell/AM015a-X2/AM015a-X1/AM015a-X3/AM015a
AM015a-X3-Cell,DNAH10:chr12:123853275:G:A,DNAH10,NA,NA,NA,chr12:123853275,G:A,1,Public,6,AM015a-X3-Cell2/AM015a-X3-Cell/AM015a-X2/AM015a-X1/AM015a-X3/AM015a
AM015a-X3-Cell,DSN1:chr20:36762471:C:T,DSN1,NA,NA,NA,chr20:36762471,C:T,1,Public,6,AM015a-X3-Cell2/AM015a-X3-Cell/AM015a-X2/AM015a-X1/AM015a-X3/AM015a
AM015a-X3-Cell,DVL3:chr3:184170649:C:T,DVL3,NA,NA,NA,chr3:184170649,C:T,1,Public,6,AM015a-X3-Cell2/AM015a-X3-Cell/AM015a-X2/AM015a-X1/AM015a-X3/AM015a
AM015a-X3-Cell,ELP2:chr18:36154909:C:A,ELP2,NA,NA,NA,chr18:36154909,C:A,1,Public,6,AM015a-X3-Cell2/AM015a-X3-Cell/AM015a-X2/AM015a-X1/AM015a-X3/AM015a
AM015a-X3-Cell,FRY:chr13:32224240:C:T,FRY,NA,NA,NA,chr13:32224240,C:T,1,Public,6,AM015a-X3-Cell2/AM015a-X3-Cell/AM015a-X2/AM015a-X1/AM015a-X3/AM015a
AM015a-X3-Cell,GABBR2:chr9:98306269:A:G,GABBR2,NA,NA,NA,chr9:98306269,A:G,1,Public,6,AM015a-X3-Cell2/AM015a-X3-Cell/AM015a-X2/AM015a-X1/AM015a-X3/AM015a
AM015a-X3-Cell,GALNT18:chr11:11379185:G:A,GALNT18,NA,NA,NA,chr11:11379185,G:A,1,Public,6,AM015a-X3-Cell2/AM015a-X3-Cell/AM015a-X2/AM015a-X1/AM015a-X3/AM015a
AM015a-X3-Cell,GAPVD1:chr9:125298952:C:T,GAPVD1,NA,NA,NA,chr9:125298952,C:T,1,Public,6,AM015a-X3-Cell2/AM015a-X3-Cell/AM015a-X2/AM015a-X1/AM015a-X3/AM015a
AM015a-X3-Cell,GLT8D1:chr3:52697887:G:A,GLT8D1,NA,NA,NA,chr3:52697887,G:A,1,Public,6,AM015a-X3-Cell2/AM015a-X3-Cell/AM015a-X2/AM015a-X1/AM015a-X3/AM015a
AM015a-X3-Cell,GNL1:chr6:30547403:-:A,GNL1,NA,NA,NA,chr6:30547403,-:A,1,Public,6,AM015a-X3-Cell2/AM015a-X3-Cell/AM015a-X2/AM015a-X1/AM015a-X3/AM015a
AM015a-X3-Cell,GNL1:chr6:30547425:A:G,GNL1,NA,NA,NA,chr6:30547425,A:G,1,Public,6,AM015a-X3-Cell2/AM015a-X3-Cell/AM015a-X2/AM015a-X1/AM015a-X3/AM015a
AM015a-X3-Cell,H2BC10:chr6:26273265:C:T,H2BC10,NA,NA,NA,chr6:26273265,C:T,1,Public,6,AM015a-X3-Cell2/AM015a-X3-Cell/AM015a-X2/AM015a-X1/AM015a-X3/AM015a
AM015a-X3-Cell,HDLBP:chr2:241230890:C:T,HDLBP,NA,NA,NA,chr2:241230890,C:T,1,Public,6,AM015a-X3-Cell2/AM015a-X3-Cell/AM015a-X2/AM015a-X1/AM015a-X3/AM015a
AM015a-X3-Cell,HEPHL1:chr11:94088916:C:T,HEPHL1,NA,NA,NA,chr11:94088916,C:T,1,Public,6,AM015a-X3-Cell2/AM015a-X3-Cell/AM015a-X2/AM015a-X1/AM015a-X3/AM015a
AM015a-X3-Cell,IFIT2:chr10:89306959:C:T,IFIT2,NA,NA,NA,chr10:89306959,C:T,1,Public,6,AM015a-X3-Cell2/AM015a-X3-Cell/AM015a-X2/AM015a-X1/AM015a-X3/AM015a
AM015a-X3-Cell,IRF2BPL:chr14:77025781:C:T,IRF2BPL,NA,NA,NA,chr14:77025781,C:T,1,Public,6,AM015a-X3-Cell2/AM015a-X3-Cell/AM015a-X2/AM015a-X1/AM015a-X3/AM015a
AM015a-X3-Cell,ITGA3:chr17:50089140:C:T,ITGA3,NA,NA,NA,chr17:50089140,C:T,1,Public,6,AM015a-X3-Cell2/AM015a-X3-Cell/AM015a-X2/AM015a-X1/AM015a-X3/AM015a
AM015a-X3-Cell,JAKMIP3:chr10:132104900:A:G,JAKMIP3,NA,NA,NA,chr10:132104900,A:G,1,Public,6,AM015a-X3-Cell2/AM015a-X3-Cell/AM015a-X2/AM015a-X1/AM015a-X3/AM015a
AM015a-X3-Cell,KCNA5:chr12:5045933:T:C,KCNA5,NA,NA,NA,chr12:5045933,T:C,1,Public,6,AM015a-X3-Cell2/AM015a-X3-Cell/AM015a-X2/AM015a-X1/AM015a-X3/AM015a
AM015a-X3-Cell,KCNK9:chr8:139618629:C:T,KCNK9,NA,NA,NA,chr8:139618629,C:T,1,Public,6,AM015a-X3-Cell2/AM015a-X3-Cell/AM015a-X2/AM015a-X1/AM015a-X3/AM015a
AM015a-X3-Cell,KCTD3:chr1:215620302:C:T,KCTD3,NA,NA,NA,chr1:215620302,C:T,1,Public,6,AM015a-X3-Cell2/AM015a-X3-Cell/AM015a-X2/AM015a-X1/AM015a-X3/AM015a
AM015a-X3-Cell,KIT:chr4:54727495:T:C,KIT,oncogene,GIST/AML/TGCT/mastocytosis/mucosal melanoma,GIST/epithelioma,chr4:54727495,T:C,1,Public,6,AM015a-X3-Cell2/AM015a-X3-Cell/AM015a-X2/AM015a-X1/AM015a-X3/AM015a
AM015a-X3-Cell,KRT27:chr17:40782224:G:T,KRT27,NA,NA,NA,chr17:40782224,G:T,1,Public,6,AM015a-X3-Cell2/AM015a-X3-Cell/AM015a-X2/AM015a-X1/AM015a-X3/AM015a
AM015a-X3-Cell,LRTM1:chr3:54925004:C:A,LRTM1,NA,NA,NA,chr3:54925004,C:A,1,Public,6,AM015a-X3-Cell2/AM015a-X3-Cell/AM015a-X2/AM015a-X1/AM015a-X3/AM015a
AM015a-X3-Cell,MAN1C1:chr1:25778154:T:C,MAN1C1,NA,NA,NA,chr1:25778154,T:C,1,Public,6,AM015a-X3-Cell2/AM015a-X3-Cell/AM015a-X2/AM015a-X1/AM015a-X3/AM015a
AM015a-X3-Cell,MAPKAPK3:chr3:50617648:-:G,MAPKAPK3,NA,NA,NA,chr3:50617648,-:G,1,Public,6,AM015a-X3-Cell2/AM015a-X3-Cell/AM015a-X2/AM015a-X1/AM015a-X3/AM015a
AM015a-X3-Cell,MGP:chr12:14884228:C:T,MGP,NA,NA,NA,chr12:14884228,C:T,1,Public,6,AM015a-X3-Cell2/AM015a-X3-Cell/AM015a-X2/AM015a-X1/AM015a-X3/AM015a
AM015a-X3-Cell,MMP2:chr16:55484117:G:A,MMP2,NA,NA,NA,chr16:55484117,G:A,1,Public,6,AM015a-X3-Cell2/AM015a-X3-Cell/AM015a-X2/AM015a-X1/AM015a-X3/AM015a
AM015a-X3-Cell,MYO10:chr5:16762044:C:G,MYO10,NA,NA,NA,chr5:16762044,C:G,1,Public,6,AM015a-X3-Cell2/AM015a-X3-Cell/AM015a-X2/AM015a-X1/AM015a-X3/AM015a
AM015a-X3-Cell,MYO9B:chr19:17172763:T:C,MYO9B,NA,NA,NA,chr19:17172763,T:C,1,Public,6,AM015a-X3-Cell2/AM015a-X3-Cell/AM015a-X2/AM015a-X1/AM015a-X3/AM015a
AM015a-X3-Cell,MZT1:chr13:72719065:C:T,MZT1,NA,NA,NA,chr13:72719065,C:T,1,Public,6,AM015a-X3-Cell2/AM015a-X3-Cell/AM015a-X2/AM015a-X1/AM015a-X3/AM015a
AM015a-X3-Cell,NXF3:chrX:103077648:G:A,NXF3,NA,NA,NA,chrX:103077648,G:A,1,Public,6,AM015a-X3-Cell2/AM015a-X3-Cell/AM015a-X2/AM015a-X1/AM015a-X3/AM015a
AM015a-X3-Cell,OR52D1:chr11:5489629:T:A,OR52D1,NA,NA,NA,chr11:5489629,T:A,1,Public,6,AM015a-X3-Cell2/AM015a-X3-Cell/AM015a-X2/AM015a-X1/AM015a-X3/AM015a
AM015a-X3-Cell,OR7E24:chr19:9251483:C:T,OR7E24,NA,NA,NA,chr19:9251483,C:T,1,Public,6,AM015a-X3-Cell2/AM015a-X3-Cell/AM015a-X2/AM015a-X1/AM015a-X3/AM015a
AM015a-X3-Cell,PCLO:chr7:82953870:AA:-,PCLO,NA,NA,NA,chr7:82953870,AA:-,1,Public,6,AM015a-X3-Cell2/AM015a-X3-Cell/AM015a-X2/AM015a-X1/AM015a-X3/AM015a
AM015a-X3-Cell,PHF20L1:chr8:132816943:A:T,PHF20L1,NA,NA,NA,chr8:132816943,A:T,1,Public,6,AM015a-X3-Cell2/AM015a-X3-Cell/AM015a-X2/AM015a-X1/AM015a-X3/AM015a
AM015a-X3-Cell,PLEKHA6:chr1:204257862:T:C,PLEKHA6,NA,NA,NA,chr1:204257862,T:C,1,Public,6,AM015a-X3-Cell2/AM015a-X3-Cell/AM015a-X2/AM015a-X1/AM015a-X3/AM015a
AM015a-X3-Cell,POM121L2:chr6:27309929:G:A,POM121L2,NA,NA,NA,chr6:27309929,G:A,1,Public,6,AM015a-X3-Cell2/AM015a-X3-Cell/AM015a-X2/AM015a-X1/AM015a-X3/AM015a
AM015a-X3-Cell,PTPN11:chr12:112489106:G:C,PTPN11,oncogene,JMML/AML/MDS,,chr12:112489106,G:C,1,Public,6,AM015a-X3-Cell2/AM015a-X3-Cell/AM015a-X2/AM015a-X1/AM015a-X3/AM015a
AM015a-X3-Cell,RADX:chrX:106639602:T:A,RADX,NA,NA,NA,chrX:106639602,T:A,1,Public,6,AM015a-X3-Cell2/AM015a-X3-Cell/AM015a-X2/AM015a-X1/AM015a-X3/AM015a
AM015a-X3-Cell,RFC1:chr4:39303067:C:A,RFC1,NA,NA,NA,chr4:39303067,C:A,1,Public,6,AM015a-X3-Cell2/AM015a-X3-Cell/AM015a-X2/AM015a-X1/AM015a-X3/AM015a
AM015a-X3-Cell,RNPC3:chr1:103546977:G:C,RNPC3,NA,NA,NA,chr1:103546977,G:C,1,Public,6,AM015a-X3-Cell2/AM015a-X3-Cell/AM015a-X2/AM015a-X1/AM015a-X3/AM015a
AM015a-X3-Cell,ROBO3:chr11:124873041:C:T,ROBO3,NA,NA,NA,chr11:124873041,C:T,1,Public,6,AM015a-X3-Cell2/AM015a-X3-Cell/AM015a-X2/AM015a-X1/AM015a-X3/AM015a
AM015a-X3-Cell,RP1:chr8:54622190:G:A,RP1,NA,NA,NA,chr8:54622190,G:A,1,Public,6,AM015a-X3-Cell2/AM015a-X3-Cell/AM015a-X2/AM015a-X1/AM015a-X3/AM015a
AM015a-X3-Cell,SCN11A:chr3:38904075:G:A,SCN11A,NA,NA,NA,chr3:38904075,G:A,1,Public,6,AM015a-X3-Cell2/AM015a-X3-Cell/AM015a-X2/AM015a-X1/AM015a-X3/AM015a
AM015a-X3-Cell,SEPTIN3:chr22:41989662:A:G,SEPTIN3,NA,NA,NA,chr22:41989662,A:G,1,Public,6,AM015a-X3-Cell2/AM015a-X3-Cell/AM015a-X2/AM015a-X1/AM015a-X3/AM015a
AM015a-X3-Cell,SFTPA2:chr10:79559317:G:A,SFTPA2,NA,NA,NA,chr10:79559317,G:A,1,Public,6,AM015a-X3-Cell2/AM015a-X3-Cell/AM015a-X2/AM015a-X1/AM015a-X3/AM015a
AM015a-X3-Cell,SGPP2:chr2:222558371:A:C,SGPP2,NA,NA,NA,chr2:222558371,A:C,1,Public,6,AM015a-X3-Cell2/AM015a-X3-Cell/AM015a-X2/AM015a-X1/AM015a-X3/AM015a
AM015a-X3-Cell,SH3TC1:chr4:8205207:C:G,SH3TC1,NA,NA,NA,chr4:8205207,C:G,1,Public,6,AM015a-X3-Cell2/AM015a-X3-Cell/AM015a-X2/AM015a-X1/AM015a-X3/AM015a
AM015a-X3-Cell,SLC16A14:chr2:230046345:C:T,SLC16A14,NA,NA,NA,chr2:230046345,C:T,1,Public,6,AM015a-X3-Cell2/AM015a-X3-Cell/AM015a-X2/AM015a-X1/AM015a-X3/AM015a
AM015a-X3-Cell,SLC7A7:chr14:22780010:T:C,SLC7A7,NA,NA,NA,chr14:22780010,T:C,1,Public,6,AM015a-X3-Cell2/AM015a-X3-Cell/AM015a-X2/AM015a-X1/AM015a-X3/AM015a
AM015a-X3-Cell,SLC9A3:chr5:488471:G:A,SLC9A3,NA,NA,NA,chr5:488471,G:A,1,Public,6,AM015a-X3-Cell2/AM015a-X3-Cell/AM015a-X2/AM015a-X1/AM015a-X3/AM015a
AM015a-X3-Cell,SOWAHA:chr5:132813809:A:G,SOWAHA,NA,NA,NA,chr5:132813809,A:G,1,Public,6,AM015a-X3-Cell2/AM015a-X3-Cell/AM015a-X2/AM015a-X1/AM015a-X3/AM015a
AM015a-X3-Cell,SPANXB1:chrX:141003529:G:A,SPANXB1,NA,NA,NA,chrX:141003529,G:A,1,Public,6,AM015a-X3-Cell2/AM015a-X3-Cell/AM015a-X2/AM015a-X1/AM015a-X3/AM015a
AM015a-X3-Cell,SPATS1:chr6:44368496:C:T,SPATS1,NA,NA,NA,chr6:44368496,C:T,1,Public,6,AM015a-X3-Cell2/AM015a-X3-Cell/AM015a-X2/AM015a-X1/AM015a-X3/AM015a
AM015a-X3-Cell,SYNGAP1:chr6:33441241:A:C,SYNGAP1,NA,NA,NA,chr6:33441241,A:C,1,Public,6,AM015a-X3-Cell2/AM015a-X3-Cell/AM015a-X2/AM015a-X1/AM015a-X3/AM015a
AM015a-X3-Cell,TAS2R46:chr12:11062229:A:T,TAS2R46,NA,NA,NA,chr12:11062229,A:T,1,Public,6,AM015a-X3-Cell2/AM015a-X3-Cell/AM015a-X2/AM015a-X1/AM015a-X3/AM015a
AM015a-X3-Cell,TCTEX1D1:chr1:66777309:T:C,TCTEX1D1,NA,NA,NA,chr1:66777309,T:C,1,Public,6,AM015a-X3-Cell2/AM015a-X3-Cell/AM015a-X2/AM015a-X1/AM015a-X3/AM015a
AM015a-X3-Cell,TMC6:chr17:78126310:G:T,TMC6,NA,NA,NA,chr17:78126310,G:T,1,Public,6,AM015a-X3-Cell2/AM015a-X3-Cell/AM015a-X2/AM015a-X1/AM015a-X3/AM015a
AM015a-X3-Cell,TNKS:chr8:9555964:C:T,TNKS,NA,NA,NA,chr8:9555964,C:T,1,Public,6,AM015a-X3-Cell2/AM015a-X3-Cell/AM015a-X2/AM015a-X1/AM015a-X3/AM015a
AM015a-X3-Cell,TNRC18:chr7:5374214:G:A,TNRC18,NA,NA,NA,chr7:5374214,G:A,1,Public,6,AM015a-X3-Cell2/AM015a-X3-Cell/AM015a-X2/AM015a-X1/AM015a-X3/AM015a
AM015a-X3-Cell,TNRC18:chr7:5374266:G:A,TNRC18,NA,NA,NA,chr7:5374266,G:A,1,Public,6,AM015a-X3-Cell2/AM015a-X3-Cell/AM015a-X2/AM015a-X1/AM015a-X3/AM015a
AM015a-X3-Cell,TNRC18:chr7:5374287:G:A,TNRC18,NA,NA,NA,chr7:5374287,G:A,1,Public,6,AM015a-X3-Cell2/AM015a-X3-Cell/AM015a-X2/AM015a-X1/AM015a-X3/AM015a
AM015a-X3-Cell,TTN:chr2:178620579:C:T,TTN,NA,NA,NA,chr2:178620579,C:T,1,Public,6,AM015a-X3-Cell2/AM015a-X3-Cell/AM015a-X2/AM015a-X1/AM015a-X3/AM015a
AM015a-X3-Cell,TUBGCP5:chr15:23022100:C:T,TUBGCP5,NA,NA,NA,chr15:23022100,C:T,1,Public,6,AM015a-X3-Cell2/AM015a-X3-Cell/AM015a-X2/AM015a-X1/AM015a-X3/AM015a
AM015a-X3-Cell,TUT4:chr1:52446376:G:A,TUT4,NA,NA,NA,chr1:52446376,G:A,1,Public,6,AM015a-X3-Cell2/AM015a-X3-Cell/AM015a-X2/AM015a-X1/AM015a-X3/AM015a
AM015a-X3-Cell,TWNK:chr10:100989136:G:A,TWNK,NA,NA,NA,chr10:100989136,G:A,1,Public,6,AM015a-X3-Cell2/AM015a-X3-Cell/AM015a-X2/AM015a-X1/AM015a-X3/AM015a
AM015a-X3-Cell,TYK2:chr19:10359256:C:A,TYK2,NA,NA,NA,chr19:10359256,C:A,1,Public,6,AM015a-X3-Cell2/AM015a-X3-Cell/AM015a-X2/AM015a-X1/AM015a-X3/AM015a
AM015a-X3-Cell,VCAM1:chr1:100731334:G:A,VCAM1,NA,NA,NA,chr1:100731334,G:A,1,Public,6,AM015a-X3-Cell2/AM015a-X3-Cell/AM015a-X2/AM015a-X1/AM015a-X3/AM015a
AM015a-X3-Cell,WIPI2:chr7:5217986:G:T,WIPI2,NA,NA,NA,chr7:5217986,G:T,1,Public,6,AM015a-X3-Cell2/AM015a-X3-Cell/AM015a-X2/AM015a-X1/AM015a-X3/AM015a
AM015a-X3-Cell,WNK1:chr12:885847:A:G,WNK1,NA,NA,NA,chr12:885847,A:G,1,Public,6,AM015a-X3-Cell2/AM015a-X3-Cell/AM015a-X2/AM015a-X1/AM015a-X3/AM015a
AM015a-X3-Cell,XDH:chr2:31366033:C:G,XDH,NA,NA,NA,chr2:31366033,C:G,1,Public,6,AM015a-X3-Cell2/AM015a-X3-Cell/AM015a-X2/AM015a-X1/AM015a-X3/AM015a
AM015a-X3-Cell,ZNF225:chr19:44132440:C:T,ZNF225,NA,NA,NA,chr19:44132440,C:T,1,Public,6,AM015a-X3-Cell2/AM015a-X3-Cell/AM015a-X2/AM015a-X1/AM015a-X3/AM015a
AM015a-X3-Cell,ZNF510:chr9:96776040:A:T,ZNF510,NA,NA,NA,chr9:96776040,A:T,1,Public,6,AM015a-X3-Cell2/AM015a-X3-Cell/AM015a-X2/AM015a-X1/AM015a-X3/AM015a
AM015a-X3-Cell,ZUP1:chr6:116651659:-:C,ZUP1,NA,NA,NA,chr6:116651659,-:C,1,Public,6,AM015a-X3-Cell2/AM015a-X3-Cell/AM015a-X2/AM015a-X1/AM015a-X3/AM015a
AM015a-X3-Cell,ZZEF1:chr17:4056226:T:A,ZZEF1,NA,NA,NA,chr17:4056226,T:A,1,Public,6,AM015a-X3-Cell2/AM015a-X3-Cell/AM015a-X2/AM015a-X1/AM015a-X3/AM015a
AM015a-X3-Cell,PPP4R4:chr14:94265884:C:G,PPP4R4,NA,NA,NA,chr14:94265884,C:G,1,Shared,5,AM015a-X3-Cell2/AM015a-X3-Cell/AM015a-X2/AM015a-X1/AM015a-X3
AM015a-X3-Cell,TNRC18:chr7:5374203:G:A,TNRC18,NA,NA,NA,chr7:5374203,G:A,1,Shared,5,AM015a-X3-Cell2/AM015a-X3-Cell/AM015a-X2/AM015a-X1/AM015a
AM015a-X3-Cell,DNAI4:chr1:66840555:C:T,DNAI4,NA,NA,NA,chr1:66840555,C:T,1,Shared,4,AM015a-X3-Cell2/AM015a-X3-Cell/AM015a-X2/AM015a-X3
AM015a-X3-Cell,SLC26A5:chr7:103410393:C:T,SLC26A5,NA,NA,NA,chr7:103410393,C:T,1,Shared,4,AM015a-X3-Cell2/AM015a-X3-Cell/AM015a-X2/AM015a-X3
AM015a-X3-Cell,UNC5C:chr4:95301653:C:T,UNC5C,NA,NA,NA,chr4:95301653,C:T,1,Shared,4,AM015a-X3-Cell2/AM015a-X3-Cell/AM015a-X2/AM015a-X3
AM015a-X3-Cell,TWIST1:chr7:19117120:T:A,TWIST1,NA,NA,NA,chr7:19117120,T:A,1,Shared,4,AM015a-X3-Cell2/AM015a-X3-Cell/AM015a-X2/AM015a
AM015a-X3-Cell,UBE2V2:chr8:48049980:T:A,UBE2V2,NA,NA,NA,chr8:48049980,T:A,1,Shared,4,AM015a-X3-Cell2/AM015a-X3-Cell/AM015a-X1/AM015a-X3
AM015a-X3-Cell,ASAP1:chr8:130128021:-:GCACTCT,ASAP1,NA,NA,NA,chr8:130128021,-:GCACTCT,1,Shared,3,AM015a-X3-Cell2/AM015a-X3-Cell/AM015a
AM015a-X3-Cell,KLHL11:chr17:41865332:-:GCC,KLHL11,NA,NA,NA,chr17:41865332,-:GCC,1,Shared,3,AM015a-X3-Cell2/AM015a-X3-Cell/AM015a
AM015a-X3-Cell,TWIST1:chr7:19117123:CCGGCT:-,TWIST1,NA,NA,NA,chr7:19117123,CCGGCT:-,1,Shared,3,AM015a-X3-Cell2/AM015a-X3-Cell/AM015a
AM015a-X3-Cell,ANKRD11:chr16:89305214:G:T,ANKRD11,NA,NA,NA,chr16:89305214,G:T,1,Shared,2,AM015a-X3-Cell2/AM015a-X3-Cell
AM015a-X3-Cell,LRP2:chr2:169188174:C:T,LRP2,NA,NA,NA,chr2:169188174,C:T,1,Shared,2,AM015a-X3-Cell2/AM015a-X3-Cell
AM015a-X3-Cell,TRPC4:chr13:37692043:G:C,TRPC4,NA,NA,NA,chr13:37692043,G:C,1,Shared,2,AM015a-X3-Cell2/AM015a-X3-Cell
AM015a-X3-Cell,SLC14A1:chr18:45730309:G:A,SLC14A1,NA,NA,NA,chr18:45730309,G:A,0,NA,5,AM015a-X3-Cell2/AM015a-X2/AM015a-X1/AM015a-X3/AM015a
AM015a-X3-Cell,SUCLA2:chr13:47996858:T:C,SUCLA2,NA,NA,NA,chr13:47996858,T:C,0,NA,5,AM015a-X3-Cell2/AM015a-X2/AM015a-X1/AM015a-X3/AM015a
AM015a-X3-Cell,ACOT6:chr14:73619570:T:C,ACOT6,NA,NA,NA,chr14:73619570,T:C,0,NA,1,AM015a-X3-Cell2
AM015a-X3-Cell,AFF1:chr4:87084124:C:A,AFF1,fusion,AL,,chr4:87084124,C:A,0,NA,1,AM015a-X3-Cell2
AM015a-X3-Cell,AGPAT4:chr6:161154262:C:A,AGPAT4,NA,NA,NA,chr6:161154262,C:A,0,NA,1,AM015a-X3-Cell2
AM015a-X3-Cell,ANLN:chr7:36396297:A:C,ANLN,NA,NA,NA,chr7:36396297,A:C,0,NA,1,AM015a-X3-Cell2
AM015a-X3-Cell,ARSF:chrX:3089549:C:T,ARSF,NA,NA,NA,chrX:3089549,C:T,0,NA,1,AM015a-X3-Cell2
AM015a-X3-Cell,BRD9:chr5:886591:C:T,BRD9,NA,NA,NA,chr5:886591,C:T,0,NA,1,AM015a-X3-Cell2
AM015a-X3-Cell,BRINP1:chr9:119249040:C:T,BRINP1,NA,NA,NA,chr9:119249040,C:T,0,NA,1,AM015a-X3-Cell2
AM015a-X3-Cell,CD59:chr11:33710187:T:C,CD59,NA,NA,NA,chr11:33710187,T:C,0,NA,1,AM015a-X3-Cell2
AM015a-X3-Cell,COL10A1:chr6:116120444:G:A,COL10A1,NA,NA,NA,chr6:116120444,G:A,0,NA,1,AM015a-X3-Cell2
AM015a-X3-Cell,CPXM2:chr10:123780251:A:G,CPXM2,NA,NA,NA,chr10:123780251,A:G,0,NA,1,AM015a-X3-Cell2
AM015a-X3-Cell,DMRT2:chr9:1051918:G:T,DMRT2,NA,NA,NA,chr9:1051918,G:T,0,NA,1,AM015a-X3-Cell2
AM015a-X3-Cell,DMRT2:chr9:1051920:G:T,DMRT2,NA,NA,NA,chr9:1051920,G:T,0,NA,1,AM015a-X3-Cell2
AM015a-X3-Cell,DOCK2:chr5:169700112:C:A,DOCK2,NA,NA,NA,chr5:169700112,C:A,0,NA,1,AM015a-X3-Cell2
AM015a-X3-Cell,EDAR:chr2:108897147:A:G,EDAR,NA,NA,NA,chr2:108897147,A:G,0,NA,1,AM015a-X3-Cell2
AM015a-X3-Cell,FGF4:chr11:69773415:T:C,FGF4,NA,NA,NA,chr11:69773415,T:C,0,NA,1,AM015a-X3-Cell2
AM015a-X3-Cell,GABRB2:chr5:161330886:G:T,GABRB2,NA,NA,NA,chr5:161330886,G:T,0,NA,1,AM015a-X3-Cell2
AM015a-X3-Cell,LRRTM3:chr10:66927809:T:C,LRRTM3,NA,NA,NA,chr10:66927809,T:C,0,NA,1,AM015a-X3-Cell2
AM015a-X3-Cell,MARF1:chr16:15609726:C:A,MARF1,NA,NA,NA,chr16:15609726,C:A,0,NA,1,AM015a-X3-Cell2
AM015a-X3-Cell,MED22:chr9:133344321:C:A,MED22,NA,NA,NA,chr9:133344321,C:A,0,NA,1,AM015a-X3-Cell2
AM015a-X3-Cell,MYO1G:chr7:44970940:C:T,MYO1G,NA,NA,NA,chr7:44970940,C:T,0,NA,1,AM015a-X3-Cell2
AM015a-X3-Cell,NF1:chr17:31219076:C:T,NF1,"TSG, fusion",neurofibroma/glioma,neurofibroma/glioma,chr17:31219076,C:T,0,NA,1,AM015a-X3-Cell2
AM015a-X3-Cell,PCDHA5:chr5:140822339:G:A,PCDHA5,NA,NA,NA,chr5:140822339,G:A,0,NA,1,AM015a-X3-Cell2
AM015a-X3-Cell,SFPQ:chr1:35187999:AA:GG,SFPQ,"TSG, fusion",papillary renal,,chr1:35187999,AA:GG,0,NA,1,AM015a-X3-Cell2
AM015a-X3-Cell,SIPA1L3:chr19:38192226:G:T,SIPA1L3,NA,NA,NA,chr19:38192226,G:T,0,NA,1,AM015a-X3-Cell2
AM015a-X3-Cell,SLC22A16:chr6:110456752:C:G,SLC22A16,NA,NA,NA,chr6:110456752,C:G,0,NA,1,AM015a-X3-Cell2
AM015a-X3-Cell,SNX19:chr11:130910135:T:G,SNX19,NA,NA,NA,chr11:130910135,T:G,0,NA,1,AM015a-X3-Cell2
AM015a-X3-Cell,TENM3:chr4:182792672:T:A,TENM3,NA,NA,NA,chr4:182792672,T:A,0,NA,1,AM015a-X3-Cell2
AM015a-X3-Cell,TEP1:chr14:20386608:C:A,TEP1,NA,NA,NA,chr14:20386608,C:A,0,NA,1,AM015a-X3-Cell2
AM015a-X3-Cell,TTN:chr2:178571231:C:A,TTN,NA,NA,NA,chr2:178571231,C:A,0,NA,1,AM015a-X3-Cell2
AM015a-X3-Cell,VSIG2:chr11:124750855:G:C,VSIG2,NA,NA,NA,chr11:124750855,G:C,0,NA,1,AM015a-X3-Cell2
AM015a-X3-Cell,DAP:chr5:10680908:G:A,DAP,NA,NA,NA,chr5:10680908,G:A,1,Shared,5,AM015a-X3-Cell/AM015a-X2/AM015a-X1/AM015a-X3/AM015a
AM015a-X3-Cell,SFTPA1:chr10:79611992:C:T,SFTPA1,NA,NA,NA,chr10:79611992,C:T,1,Shared,3,AM015a-X3-Cell/AM015a-X2/AM015a
AM015a-X3-Cell,AC245033.1:chr15:82538892:A:T,AC245033.1,NA,NA,NA,chr15:82538892,A:T,1,Private,1,AM015a-X3-Cell
AM015a-X3-Cell,ARPP21:chr3:35729443:C:A,ARPP21,NA,NA,NA,chr3:35729443,C:A,1,Private,1,AM015a-X3-Cell
AM015a-X3-Cell,CCDC18:chr1:93239851:T:G,CCDC18,NA,NA,NA,chr1:93239851,T:G,1,Private,1,AM015a-X3-Cell
AM015a-X3-Cell,CRACD:chr4:56313269:G:T,CRACD,NA,NA,NA,chr4:56313269,G:T,1,Private,1,AM015a-X3-Cell
AM015a-X3-Cell,DAB1:chr1:57011235:T:G,DAB1,NA,NA,NA,chr1:57011235,T:G,1,Private,1,AM015a-X3-Cell
AM015a-X3-Cell,DDX39A:chr19:14409399:C:A,DDX39A,NA,NA,NA,chr19:14409399,C:A,1,Private,1,AM015a-X3-Cell
AM015a-X3-Cell,DTX1:chr12:113077860:GCC:-,DTX1,NA,NA,NA,chr12:113077860,GCC:-,1,Private,1,AM015a-X3-Cell
AM015a-X3-Cell,EPN3:chr17:50541675:C:T,EPN3,NA,NA,NA,chr17:50541675,C:T,1,Private,1,AM015a-X3-Cell
AM015a-X3-Cell,FAM209A:chr20:56525809:G:T,FAM209A,NA,NA,NA,chr20:56525809,G:T,1,Private,1,AM015a-X3-Cell
AM015a-X3-Cell,FAM47C:chrX:37010988:G:T,FAM47C,,melanoma/clear cell sarcoma of soft parts/SCLC,,chrX:37010988,G:T,1,Private,1,AM015a-X3-Cell
AM015a-X3-Cell,LAMC3:chr9:131061197:G:T,LAMC3,NA,NA,NA,chr9:131061197,G:T,1,Private,1,AM015a-X3-Cell
AM015a-X3-Cell,MAPK10:chr4:86159371:C:T,MAPK10,NA,NA,NA,chr4:86159371,C:T,1,Private,1,AM015a-X3-Cell
AM015a-X3-Cell,MKRN1:chr7:140471916:T:G,MKRN1,NA,NA,NA,chr7:140471916,T:G,1,Private,1,AM015a-X3-Cell
AM015a-X3-Cell,MXRA8:chr1:1355606:G:A,MXRA8,NA,NA,NA,chr1:1355606,G:A,1,Private,1,AM015a-X3-Cell
AM015a-X3-Cell,MYO16:chr13:109141091:G:A,MYO16,NA,NA,NA,chr13:109141091,G:A,1,Private,1,AM015a-X3-Cell
AM015a-X3-Cell,MYOF:chr10:93310128:G:A,MYOF,NA,NA,NA,chr10:93310128,G:A,1,Private,1,AM015a-X3-Cell
AM015a-X3-Cell,OR4A5:chr11:54707622:C:T,OR4A5,NA,NA,NA,chr11:54707622,C:T,1,Private,1,AM015a-X3-Cell
AM015a-X3-Cell,OR4E2:chr14:21665817:G:A,OR4E2,NA,NA,NA,chr14:21665817,G:A,1,Private,1,AM015a-X3-Cell
AM015a-X3-Cell,PEG10:chr7:94664937:G:T,PEG10,NA,NA,NA,chr7:94664937,G:T,1,Private,1,AM015a-X3-Cell
AM015a-X3-Cell,POGLUT1:chr3:119486911:C:A,POGLUT1,NA,NA,NA,chr3:119486911,C:A,1,Private,1,AM015a-X3-Cell
AM015a-X3-Cell,PTPRC:chr1:198749493:G:C,PTPRC,TSG,T-ALL,,chr1:198749493,G:C,1,Private,1,AM015a-X3-Cell
AM015a-X3-Cell,RCAN2:chr6:46223281:C:A,RCAN2,NA,NA,NA,chr6:46223281,C:A,1,Private,1,AM015a-X3-Cell
AM015a-X3-Cell,RPS17:chr15:82538892:A:T,RPS17,NA,NA,NA,chr15:82538892,A:T,1,Private,1,AM015a-X3-Cell
AM015a-X3-Cell,SMARCC2:chr12:56173026:G:A,SMARCC2,NA,NA,NA,chr12:56173026,G:A,1,Private,1,AM015a-X3-Cell
AM015a-X3-Cell,TNS3:chr7:47368629:G:A,TNS3,NA,NA,NA,chr7:47368629,G:A,1,Private,1,AM015a-X3-Cell
AM015a-X3-Cell,TRPM4:chr19:49182581:TTCCATC:TT,TRPM4,NA,NA,NA,chr19:49182581,TTCCATC:TT,1,Private,1,AM015a-X3-Cell
AM015a-X3-Cell,TRPM4:chr19:49182589:C:T,TRPM4,NA,NA,NA,chr19:49182589,C:T,1,Private,1,AM015a-X3-Cell
AM015a-X3-Cell,TTN:chr2:178589624:G:A,TTN,NA,NA,NA,chr2:178589624,G:A,1,Private,1,AM015a-X3-Cell
AM015a-X3-Cell,XDH:chr2:31372390:G:T,XDH,NA,NA,NA,chr2:31372390,G:T,1,Private,1,AM015a-X3-Cell
AM015a-X3-Cell,PPP1CC:chr12:110722539:A:G,PPP1CC,NA,NA,NA,chr12:110722539,A:G,0,NA,2,AM015a-X2/AM015a-X3
AM015a-X3-Cell,UBE2N:chr12:93411132:G:T,UBE2N,NA,NA,NA,chr12:93411132,G:T,0,NA,2,AM015a-X2/AM015a-X3
AM015a-X3-Cell,UBE2N:chr12:93411204:A:G,UBE2N,NA,NA,NA,chr12:93411204,A:G,0,NA,2,AM015a-X2/AM015a-X3
AM015a-X3-Cell,YTHDF2:chr1:28742705:G:A,YTHDF2,NA,NA,NA,chr1:28742705,G:A,0,NA,2,AM015a-X2/AM015a-X3
AM015a-X3-Cell,YTHDF2:chr1:28742741:T:C,YTHDF2,NA,NA,NA,chr1:28742741,T:C,0,NA,2,AM015a-X2/AM015a-X3
AM015a-X3-Cell,MDN1:chr6:89673310:C:G,MDN1,NA,NA,NA,chr6:89673310,C:G,0,NA,1,AM015a-X2
AM015a-X3-Cell,PICK1:chr22:38070878:T:G,PICK1,NA,NA,NA,chr22:38070878,T:G,0,NA,1,AM015a-X2
AM015a-X3-Cell,RBM26:chr13:79320663:A:G,RBM26,NA,NA,NA,chr13:79320663,A:G,0,NA,1,AM015a-X2
AM015a-X3-Cell,TAF4:chr20:62065663:C:G,TAF4,NA,NA,NA,chr20:62065663,C:G,0,NA,1,AM015a-X2
AM015a-X3-Cell,YTHDF2:chr1:28742642:C:T,YTHDF2,NA,NA,NA,chr1:28742642,C:T,0,NA,1,AM015a-X2
AM015a-X3-Cell,YTHDF2:chr1:28742729:T:C,YTHDF2,NA,NA,NA,chr1:28742729,T:C,0,NA,1,AM015a-X2
AM015a-X3-Cell,ARHGAP5:chr14:32090812:A:C,ARHGAP5,oncogene,colon cancer/glioma,,chr14:32090812,A:C,0,NA,2,AM015a-X1/AM015a
AM015a-X3-Cell,MGAM2:chr7:142166153:G:T,MGAM2,NA,NA,NA,chr7:142166153,G:T,0,NA,2,AM015a-X1/AM015a
AM015a-X3-Cell,SPEN:chr1:15932157:G:-,SPEN,TSG,SMZL/adenoid cystic carcinoma/DLBCL,,chr1:15932157,G:-,0,NA,2,AM015a-X1/AM015a
AM015a-X3-Cell,APOL1:chr22:36265563:C:A,APOL1,NA,NA,NA,chr22:36265563,C:A,0,NA,1,AM015a-X1
AM015a-X3-Cell,ARFGEF2:chr20:48991046:C:T,ARFGEF2,NA,NA,NA,chr20:48991046,C:T,0,NA,1,AM015a-X1
AM015a-X3-Cell,MED14:chrX:40682719:T:C,MED14,NA,NA,NA,chrX:40682719,T:C,0,NA,1,AM015a-X1
AM015a-X3-Cell,MEF2C:chr5:88731895:C:T,MEF2C,NA,NA,NA,chr5:88731895,C:T,0,NA,1,AM015a-X1
AM015a-X3-Cell,NR1I3:chr1:161232854:G:A,NR1I3,NA,NA,NA,chr1:161232854,G:A,0,NA,1,AM015a-X1
AM015a-X3-Cell,PHF12:chr17:28912936:C:T,PHF12,NA,NA,NA,chr17:28912936,C:T,0,NA,1,AM015a-X1
AM015a-X3-Cell,PIK3C2G:chr12:18505292:G:A,PIK3C2G,NA,NA,NA,chr12:18505292,G:A,0,NA,1,AM015a-X1
AM015a-X3-Cell,PNPLA7:chr9:137497285:A:T,PNPLA7,NA,NA,NA,chr9:137497285,A:T,0,NA,1,AM015a-X1
AM015a-X3-Cell,PTPN7:chr1:202150393:C:T,PTPN7,NA,NA,NA,chr1:202150393,C:T,0,NA,1,AM015a-X1
AM015a-X3-Cell,SETD1B:chr12:121822507:G:T,SETD1B,TSG,CRC/endometrium,,chr12:121822507,G:T,0,NA,1,AM015a-X1
AM015a-X3-Cell,UACA:chr15:70657112:C:A,UACA,NA,NA,NA,chr15:70657112,C:A,0,NA,1,AM015a-X1
AM015a-X3-Cell,SAMD1:chr19:14090112:C:G,SAMD1,NA,NA,NA,chr19:14090112,C:G,0,NA,1,AM015a-X3
AM015a-X3-Cell,TMEM161B:chr5:88205836:A:T,TMEM161B,NA,NA,NA,chr5:88205836,A:T,0,NA,1,AM015a-X3
AM015a-X3-Cell,VPS13C:chr15:61931212:G:C,VPS13C,NA,NA,NA,chr15:61931212,G:C,0,NA,1,AM015a-X3
AM015a-X2,ACAP2:chr3:195285825:C:T,ACAP2,NA,NA,NA,chr3:195285825,C:T,1,Public,6,AM015a-X3-Cell2/AM015a-X3-Cell/AM015a-X2/AM015a-X1/AM015a-X3/AM015a
AM015a-X2,ADAMTSL4:chr1:150557520:A:C,ADAMTSL4,NA,NA,NA,chr1:150557520,A:C,1,Public,6,AM015a-X3-Cell2/AM015a-X3-Cell/AM015a-X2/AM015a-X1/AM015a-X3/AM015a
AM015a-X2,AJUBA:chr14:22981951:G:A,AJUBA,NA,NA,NA,chr14:22981951,G:A,1,Public,6,AM015a-X3-Cell2/AM015a-X3-Cell/AM015a-X2/AM015a-X1/AM015a-X3/AM015a
AM015a-X2,ALKBH8:chr11:107504818:C:T,ALKBH8,NA,NA,NA,chr11:107504818,C:T,1,Public,6,AM015a-X3-Cell2/AM015a-X3-Cell/AM015a-X2/AM015a-X1/AM015a-X3/AM015a
AM015a-X2,AQP11:chr11:77590288:A:G,AQP11,NA,NA,NA,chr11:77590288,A:G,1,Public,6,AM015a-X3-Cell2/AM015a-X3-Cell/AM015a-X2/AM015a-X1/AM015a-X3/AM015a
AM015a-X2,ARHGEF12:chr11:120473097:G:C,ARHGEF12,"TSG, fusion",AML,,chr11:120473097,G:C,1,Public,6,AM015a-X3-Cell2/AM015a-X3-Cell/AM015a-X2/AM015a-X1/AM015a-X3/AM015a
AM015a-X2,AXIN2:chr17:65541496:T:C,AXIN2,TSG,colorectal carcinoma/stomach carcinoma/hepatocellular carcinoma,colorectal carcinoma,chr17:65541496,T:C,1,Public,6,AM015a-X3-Cell2/AM015a-X3-Cell/AM015a-X2/AM015a-X1/AM015a-X3/AM015a
AM015a-X2,BCL11B:chr14:99175069:G:A,BCL11B,"oncogene, TSG, fusion",T-ALL,,chr14:99175069,G:A,1,Public,6,AM015a-X3-Cell2/AM015a-X3-Cell/AM015a-X2/AM015a-X1/AM015a-X3/AM015a
AM015a-X2,BLK:chr8:11563049:C:T,BLK,NA,NA,NA,chr8:11563049,C:T,1,Public,6,AM015a-X3-Cell2/AM015a-X3-Cell/AM015a-X2/AM015a-X1/AM015a-X3/AM015a
AM015a-X2,BRWD1:chr21:39270325:T:C,BRWD1,NA,NA,NA,chr21:39270325,T:C,1,Public,6,AM015a-X3-Cell2/AM015a-X3-Cell/AM015a-X2/AM015a-X1/AM015a-X3/AM015a
AM015a-X2,CCDC159:chr19:11352114:C:T,CCDC159,NA,NA,NA,chr19:11352114,C:T,1,Public,6,AM015a-X3-Cell2/AM015a-X3-Cell/AM015a-X2/AM015a-X1/AM015a-X3/AM015a
AM015a-X2,CCT6A:chr7:56059641:G:C,CCT6A,NA,NA,NA,chr7:56059641,G:C,1,Public,6,AM015a-X3-Cell2/AM015a-X3-Cell/AM015a-X2/AM015a-X1/AM015a-X3/AM015a
AM015a-X2,CD1C:chr1:158291245:G:T,CD1C,NA,NA,NA,chr1:158291245,G:T,1,Public,6,AM015a-X3-Cell2/AM015a-X3-Cell/AM015a-X2/AM015a-X1/AM015a-X3/AM015a
AM015a-X2,CEACAM5:chr19:41715698:C:T,CEACAM5,NA,NA,NA,chr19:41715698,C:T,1,Public,6,AM015a-X3-Cell2/AM015a-X3-Cell/AM015a-X2/AM015a-X1/AM015a-X3/AM015a
AM015a-X2,CEP170:chr1:243191056:A:C,CEP170,NA,NA,NA,chr1:243191056,A:C,1,Public,6,AM015a-X3-Cell2/AM015a-X3-Cell/AM015a-X2/AM015a-X1/AM015a-X3/AM015a
AM015a-X2,CEP350:chr1:180020839:G:T,CEP350,NA,NA,NA,chr1:180020839,G:T,1,Public,6,AM015a-X3-Cell2/AM015a-X3-Cell/AM015a-X2/AM015a-X1/AM015a-X3/AM015a
AM015a-X2,CORO7-PAM16:chr16:4364333:G:A,CORO7-PAM16,NA,NA,NA,chr16:4364333,G:A,1,Public,6,AM015a-X3-Cell2/AM015a-X3-Cell/AM015a-X2/AM015a-X1/AM015a-X3/AM015a
AM015a-X2,CORO7:chr16:4364333:G:A,CORO7,NA,NA,NA,chr16:4364333,G:A,1,Public,6,AM015a-X3-Cell2/AM015a-X3-Cell/AM015a-X2/AM015a-X1/AM015a-X3/AM015a
AM015a-X2,CTNNB1:chr3:41224645:T:C,CTNNB1,"oncogene, fusion",colorectal/ovarian/ hepatoblastoma/pleomorphic salivary gland adenoma/other tumour types,,chr3:41224645,T:C,1,Public,6,AM015a-X3-Cell2/AM015a-X3-Cell/AM015a-X2/AM015a-X1/AM015a-X3/AM015a
AM015a-X2,DAP:chr5:10680756:G:A,DAP,NA,NA,NA,chr5:10680756,G:A,1,Public,6,AM015a-X3-Cell2/AM015a-X3-Cell/AM015a-X2/AM015a-X1/AM015a-X3/AM015a
AM015a-X2,DAP:chr5:10680884:G:A,DAP,NA,NA,NA,chr5:10680884,G:A,1,Public,6,AM015a-X3-Cell2/AM015a-X3-Cell/AM015a-X2/AM015a-X1/AM015a-X3/AM015a
AM015a-X2,DAP:chr5:10680924:G:A,DAP,NA,NA,NA,chr5:10680924,G:A,1,Public,6,AM015a-X3-Cell2/AM015a-X3-Cell/AM015a-X2/AM015a-X1/AM015a-X3/AM015a
AM015a-X2,DAPK1:chr9:87646506:C:T,DAPK1,NA,NA,NA,chr9:87646506,C:T,1,Public,6,AM015a-X3-Cell2/AM015a-X3-Cell/AM015a-X2/AM015a-X1/AM015a-X3/AM015a
AM015a-X2,DENND5A:chr11:9141965:G:A,DENND5A,NA,NA,NA,chr11:9141965,G:A,1,Public,6,AM015a-X3-Cell2/AM015a-X3-Cell/AM015a-X2/AM015a-X1/AM015a-X3/AM015a
AM015a-X2,DNAH10:chr12:123853275:G:A,DNAH10,NA,NA,NA,chr12:123853275,G:A,1,Public,6,AM015a-X3-Cell2/AM015a-X3-Cell/AM015a-X2/AM015a-X1/AM015a-X3/AM015a
AM015a-X2,DSN1:chr20:36762471:C:T,DSN1,NA,NA,NA,chr20:36762471,C:T,1,Public,6,AM015a-X3-Cell2/AM015a-X3-Cell/AM015a-X2/AM015a-X1/AM015a-X3/AM015a
AM015a-X2,DVL3:chr3:184170649:C:T,DVL3,NA,NA,NA,chr3:184170649,C:T,1,Public,6,AM015a-X3-Cell2/AM015a-X3-Cell/AM015a-X2/AM015a-X1/AM015a-X3/AM015a
AM015a-X2,ELP2:chr18:36154909:C:A,ELP2,NA,NA,NA,chr18:36154909,C:A,1,Public,6,AM015a-X3-Cell2/AM015a-X3-Cell/AM015a-X2/AM015a-X1/AM015a-X3/AM015a
AM015a-X2,FRY:chr13:32224240:C:T,FRY,NA,NA,NA,chr13:32224240,C:T,1,Public,6,AM015a-X3-Cell2/AM015a-X3-Cell/AM015a-X2/AM015a-X1/AM015a-X3/AM015a
AM015a-X2,GABBR2:chr9:98306269:A:G,GABBR2,NA,NA,NA,chr9:98306269,A:G,1,Public,6,AM015a-X3-Cell2/AM015a-X3-Cell/AM015a-X2/AM015a-X1/AM015a-X3/AM015a
AM015a-X2,GALNT18:chr11:11379185:G:A,GALNT18,NA,NA,NA,chr11:11379185,G:A,1,Public,6,AM015a-X3-Cell2/AM015a-X3-Cell/AM015a-X2/AM015a-X1/AM015a-X3/AM015a
AM015a-X2,GAPVD1:chr9:125298952:C:T,GAPVD1,NA,NA,NA,chr9:125298952,C:T,1,Public,6,AM015a-X3-Cell2/AM015a-X3-Cell/AM015a-X2/AM015a-X1/AM015a-X3/AM015a
AM015a-X2,GLT8D1:chr3:52697887:G:A,GLT8D1,NA,NA,NA,chr3:52697887,G:A,1,Public,6,AM015a-X3-Cell2/AM015a-X3-Cell/AM015a-X2/AM015a-X1/AM015a-X3/AM015a
AM015a-X2,GNL1:chr6:30547403:-:A,GNL1,NA,NA,NA,chr6:30547403,-:A,1,Public,6,AM015a-X3-Cell2/AM015a-X3-Cell/AM015a-X2/AM015a-X1/AM015a-X3/AM015a
AM015a-X2,GNL1:chr6:30547425:A:G,GNL1,NA,NA,NA,chr6:30547425,A:G,1,Public,6,AM015a-X3-Cell2/AM015a-X3-Cell/AM015a-X2/AM015a-X1/AM015a-X3/AM015a
AM015a-X2,H2BC10:chr6:26273265:C:T,H2BC10,NA,NA,NA,chr6:26273265,C:T,1,Public,6,AM015a-X3-Cell2/AM015a-X3-Cell/AM015a-X2/AM015a-X1/AM015a-X3/AM015a
AM015a-X2,HDLBP:chr2:241230890:C:T,HDLBP,NA,NA,NA,chr2:241230890,C:T,1,Public,6,AM015a-X3-Cell2/AM015a-X3-Cell/AM015a-X2/AM015a-X1/AM015a-X3/AM015a
AM015a-X2,HEPHL1:chr11:94088916:C:T,HEPHL1,NA,NA,NA,chr11:94088916,C:T,1,Public,6,AM015a-X3-Cell2/AM015a-X3-Cell/AM015a-X2/AM015a-X1/AM015a-X3/AM015a
AM015a-X2,IFIT2:chr10:89306959:C:T,IFIT2,NA,NA,NA,chr10:89306959,C:T,1,Public,6,AM015a-X3-Cell2/AM015a-X3-Cell/AM015a-X2/AM015a-X1/AM015a-X3/AM015a
AM015a-X2,IRF2BPL:chr14:77025781:C:T,IRF2BPL,NA,NA,NA,chr14:77025781,C:T,1,Public,6,AM015a-X3-Cell2/AM015a-X3-Cell/AM015a-X2/AM015a-X1/AM015a-X3/AM015a
AM015a-X2,ITGA3:chr17:50089140:C:T,ITGA3,NA,NA,NA,chr17:50089140,C:T,1,Public,6,AM015a-X3-Cell2/AM015a-X3-Cell/AM015a-X2/AM015a-X1/AM015a-X3/AM015a
AM015a-X2,JAKMIP3:chr10:132104900:A:G,JAKMIP3,NA,NA,NA,chr10:132104900,A:G,1,Public,6,AM015a-X3-Cell2/AM015a-X3-Cell/AM015a-X2/AM015a-X1/AM015a-X3/AM015a
AM015a-X2,KCNA5:chr12:5045933:T:C,KCNA5,NA,NA,NA,chr12:5045933,T:C,1,Public,6,AM015a-X3-Cell2/AM015a-X3-Cell/AM015a-X2/AM015a-X1/AM015a-X3/AM015a
AM015a-X2,KCNK9:chr8:139618629:C:T,KCNK9,NA,NA,NA,chr8:139618629,C:T,1,Public,6,AM015a-X3-Cell2/AM015a-X3-Cell/AM015a-X2/AM015a-X1/AM015a-X3/AM015a
AM015a-X2,KCTD3:chr1:215620302:C:T,KCTD3,NA,NA,NA,chr1:215620302,C:T,1,Public,6,AM015a-X3-Cell2/AM015a-X3-Cell/AM015a-X2/AM015a-X1/AM015a-X3/AM015a
AM015a-X2,KIT:chr4:54727495:T:C,KIT,oncogene,GIST/AML/TGCT/mastocytosis/mucosal melanoma,GIST/epithelioma,chr4:54727495,T:C,1,Public,6,AM015a-X3-Cell2/AM015a-X3-Cell/AM015a-X2/AM015a-X1/AM015a-X3/AM015a
AM015a-X2,KRT27:chr17:40782224:G:T,KRT27,NA,NA,NA,chr17:40782224,G:T,1,Public,6,AM015a-X3-Cell2/AM015a-X3-Cell/AM015a-X2/AM015a-X1/AM015a-X3/AM015a
AM015a-X2,LRTM1:chr3:54925004:C:A,LRTM1,NA,NA,NA,chr3:54925004,C:A,1,Public,6,AM015a-X3-Cell2/AM015a-X3-Cell/AM015a-X2/AM015a-X1/AM015a-X3/AM015a
AM015a-X2,MAN1C1:chr1:25778154:T:C,MAN1C1,NA,NA,NA,chr1:25778154,T:C,1,Public,6,AM015a-X3-Cell2/AM015a-X3-Cell/AM015a-X2/AM015a-X1/AM015a-X3/AM015a
AM015a-X2,MAPKAPK3:chr3:50617648:-:G,MAPKAPK3,NA,NA,NA,chr3:50617648,-:G,1,Public,6,AM015a-X3-Cell2/AM015a-X3-Cell/AM015a-X2/AM015a-X1/AM015a-X3/AM015a
AM015a-X2,MGP:chr12:14884228:C:T,MGP,NA,NA,NA,chr12:14884228,C:T,1,Public,6,AM015a-X3-Cell2/AM015a-X3-Cell/AM015a-X2/AM015a-X1/AM015a-X3/AM015a
AM015a-X2,MMP2:chr16:55484117:G:A,MMP2,NA,NA,NA,chr16:55484117,G:A,1,Public,6,AM015a-X3-Cell2/AM015a-X3-Cell/AM015a-X2/AM015a-X1/AM015a-X3/AM015a
AM015a-X2,MYO10:chr5:16762044:C:G,MYO10,NA,NA,NA,chr5:16762044,C:G,1,Public,6,AM015a-X3-Cell2/AM015a-X3-Cell/AM015a-X2/AM015a-X1/AM015a-X3/AM015a
AM015a-X2,MYO9B:chr19:17172763:T:C,MYO9B,NA,NA,NA,chr19:17172763,T:C,1,Public,6,AM015a-X3-Cell2/AM015a-X3-Cell/AM015a-X2/AM015a-X1/AM015a-X3/AM015a
AM015a-X2,MZT1:chr13:72719065:C:T,MZT1,NA,NA,NA,chr13:72719065,C:T,1,Public,6,AM015a-X3-Cell2/AM015a-X3-Cell/AM015a-X2/AM015a-X1/AM015a-X3/AM015a
AM015a-X2,NXF3:chrX:103077648:G:A,NXF3,NA,NA,NA,chrX:103077648,G:A,1,Public,6,AM015a-X3-Cell2/AM015a-X3-Cell/AM015a-X2/AM015a-X1/AM015a-X3/AM015a
AM015a-X2,OR52D1:chr11:5489629:T:A,OR52D1,NA,NA,NA,chr11:5489629,T:A,1,Public,6,AM015a-X3-Cell2/AM015a-X3-Cell/AM015a-X2/AM015a-X1/AM015a-X3/AM015a
AM015a-X2,OR7E24:chr19:9251483:C:T,OR7E24,NA,NA,NA,chr19:9251483,C:T,1,Public,6,AM015a-X3-Cell2/AM015a-X3-Cell/AM015a-X2/AM015a-X1/AM015a-X3/AM015a
AM015a-X2,PCLO:chr7:82953870:AA:-,PCLO,NA,NA,NA,chr7:82953870,AA:-,1,Public,6,AM015a-X3-Cell2/AM015a-X3-Cell/AM015a-X2/AM015a-X1/AM015a-X3/AM015a
AM015a-X2,PHF20L1:chr8:132816943:A:T,PHF20L1,NA,NA,NA,chr8:132816943,A:T,1,Public,6,AM015a-X3-Cell2/AM015a-X3-Cell/AM015a-X2/AM015a-X1/AM015a-X3/AM015a
AM015a-X2,PLEKHA6:chr1:204257862:T:C,PLEKHA6,NA,NA,NA,chr1:204257862,T:C,1,Public,6,AM015a-X3-Cell2/AM015a-X3-Cell/AM015a-X2/AM015a-X1/AM015a-X3/AM015a
AM015a-X2,POM121L2:chr6:27309929:G:A,POM121L2,NA,NA,NA,chr6:27309929,G:A,1,Public,6,AM015a-X3-Cell2/AM015a-X3-Cell/AM015a-X2/AM015a-X1/AM015a-X3/AM015a
AM015a-X2,PTPN11:chr12:112489106:G:C,PTPN11,oncogene,JMML/AML/MDS,,chr12:112489106,G:C,1,Public,6,AM015a-X3-Cell2/AM015a-X3-Cell/AM015a-X2/AM015a-X1/AM015a-X3/AM015a
AM015a-X2,RADX:chrX:106639602:T:A,RADX,NA,NA,NA,chrX:106639602,T:A,1,Public,6,AM015a-X3-Cell2/AM015a-X3-Cell/AM015a-X2/AM015a-X1/AM015a-X3/AM015a
AM015a-X2,RFC1:chr4:39303067:C:A,RFC1,NA,NA,NA,chr4:39303067,C:A,1,Public,6,AM015a-X3-Cell2/AM015a-X3-Cell/AM015a-X2/AM015a-X1/AM015a-X3/AM015a
AM015a-X2,RNPC3:chr1:103546977:G:C,RNPC3,NA,NA,NA,chr1:103546977,G:C,1,Public,6,AM015a-X3-Cell2/AM015a-X3-Cell/AM015a-X2/AM015a-X1/AM015a-X3/AM015a
AM015a-X2,ROBO3:chr11:124873041:C:T,ROBO3,NA,NA,NA,chr11:124873041,C:T,1,Public,6,AM015a-X3-Cell2/AM015a-X3-Cell/AM015a-X2/AM015a-X1/AM015a-X3/AM015a
AM015a-X2,RP1:chr8:54622190:G:A,RP1,NA,NA,NA,chr8:54622190,G:A,1,Public,6,AM015a-X3-Cell2/AM015a-X3-Cell/AM015a-X2/AM015a-X1/AM015a-X3/AM015a
AM015a-X2,SCN11A:chr3:38904075:G:A,SCN11A,NA,NA,NA,chr3:38904075,G:A,1,Public,6,AM015a-X3-Cell2/AM015a-X3-Cell/AM015a-X2/AM015a-X1/AM015a-X3/AM015a
AM015a-X2,SEPTIN3:chr22:41989662:A:G,SEPTIN3,NA,NA,NA,chr22:41989662,A:G,1,Public,6,AM015a-X3-Cell2/AM015a-X3-Cell/AM015a-X2/AM015a-X1/AM015a-X3/AM015a
AM015a-X2,SFTPA2:chr10:79559317:G:A,SFTPA2,NA,NA,NA,chr10:79559317,G:A,1,Public,6,AM015a-X3-Cell2/AM015a-X3-Cell/AM015a-X2/AM015a-X1/AM015a-X3/AM015a
AM015a-X2,SGPP2:chr2:222558371:A:C,SGPP2,NA,NA,NA,chr2:222558371,A:C,1,Public,6,AM015a-X3-Cell2/AM015a-X3-Cell/AM015a-X2/AM015a-X1/AM015a-X3/AM015a
AM015a-X2,SH3TC1:chr4:8205207:C:G,SH3TC1,NA,NA,NA,chr4:8205207,C:G,1,Public,6,AM015a-X3-Cell2/AM015a-X3-Cell/AM015a-X2/AM015a-X1/AM015a-X3/AM015a
AM015a-X2,SLC16A14:chr2:230046345:C:T,SLC16A14,NA,NA,NA,chr2:230046345,C:T,1,Public,6,AM015a-X3-Cell2/AM015a-X3-Cell/AM015a-X2/AM015a-X1/AM015a-X3/AM015a
AM015a-X2,SLC7A7:chr14:22780010:T:C,SLC7A7,NA,NA,NA,chr14:22780010,T:C,1,Public,6,AM015a-X3-Cell2/AM015a-X3-Cell/AM015a-X2/AM015a-X1/AM015a-X3/AM015a
AM015a-X2,SLC9A3:chr5:488471:G:A,SLC9A3,NA,NA,NA,chr5:488471,G:A,1,Public,6,AM015a-X3-Cell2/AM015a-X3-Cell/AM015a-X2/AM015a-X1/AM015a-X3/AM015a
AM015a-X2,SOWAHA:chr5:132813809:A:G,SOWAHA,NA,NA,NA,chr5:132813809,A:G,1,Public,6,AM015a-X3-Cell2/AM015a-X3-Cell/AM015a-X2/AM015a-X1/AM015a-X3/AM015a
AM015a-X2,SPANXB1:chrX:141003529:G:A,SPANXB1,NA,NA,NA,chrX:141003529,G:A,1,Public,6,AM015a-X3-Cell2/AM015a-X3-Cell/AM015a-X2/AM015a-X1/AM015a-X3/AM015a
AM015a-X2,SPATS1:chr6:44368496:C:T,SPATS1,NA,NA,NA,chr6:44368496,C:T,1,Public,6,AM015a-X3-Cell2/AM015a-X3-Cell/AM015a-X2/AM015a-X1/AM015a-X3/AM015a
AM015a-X2,SYNGAP1:chr6:33441241:A:C,SYNGAP1,NA,NA,NA,chr6:33441241,A:C,1,Public,6,AM015a-X3-Cell2/AM015a-X3-Cell/AM015a-X2/AM015a-X1/AM015a-X3/AM015a
AM015a-X2,TAS2R46:chr12:11062229:A:T,TAS2R46,NA,NA,NA,chr12:11062229,A:T,1,Public,6,AM015a-X3-Cell2/AM015a-X3-Cell/AM015a-X2/AM015a-X1/AM015a-X3/AM015a
AM015a-X2,TCTEX1D1:chr1:66777309:T:C,TCTEX1D1,NA,NA,NA,chr1:66777309,T:C,1,Public,6,AM015a-X3-Cell2/AM015a-X3-Cell/AM015a-X2/AM015a-X1/AM015a-X3/AM015a
AM015a-X2,TMC6:chr17:78126310:G:T,TMC6,NA,NA,NA,chr17:78126310,G:T,1,Public,6,AM015a-X3-Cell2/AM015a-X3-Cell/AM015a-X2/AM015a-X1/AM015a-X3/AM015a
AM015a-X2,TNKS:chr8:9555964:C:T,TNKS,NA,NA,NA,chr8:9555964,C:T,1,Public,6,AM015a-X3-Cell2/AM015a-X3-Cell/AM015a-X2/AM015a-X1/AM015a-X3/AM015a
AM015a-X2,TNRC18:chr7:5374214:G:A,TNRC18,NA,NA,NA,chr7:5374214,G:A,1,Public,6,AM015a-X3-Cell2/AM015a-X3-Cell/AM015a-X2/AM015a-X1/AM015a-X3/AM015a
AM015a-X2,TNRC18:chr7:5374266:G:A,TNRC18,NA,NA,NA,chr7:5374266,G:A,1,Public,6,AM015a-X3-Cell2/AM015a-X3-Cell/AM015a-X2/AM015a-X1/AM015a-X3/AM015a
AM015a-X2,TNRC18:chr7:5374287:G:A,TNRC18,NA,NA,NA,chr7:5374287,G:A,1,Public,6,AM015a-X3-Cell2/AM015a-X3-Cell/AM015a-X2/AM015a-X1/AM015a-X3/AM015a
AM015a-X2,TTN:chr2:178620579:C:T,TTN,NA,NA,NA,chr2:178620579,C:T,1,Public,6,AM015a-X3-Cell2/AM015a-X3-Cell/AM015a-X2/AM015a-X1/AM015a-X3/AM015a
AM015a-X2,TUBGCP5:chr15:23022100:C:T,TUBGCP5,NA,NA,NA,chr15:23022100,C:T,1,Public,6,AM015a-X3-Cell2/AM015a-X3-Cell/AM015a-X2/AM015a-X1/AM015a-X3/AM015a
AM015a-X2,TUT4:chr1:52446376:G:A,TUT4,NA,NA,NA,chr1:52446376,G:A,1,Public,6,AM015a-X3-Cell2/AM015a-X3-Cell/AM015a-X2/AM015a-X1/AM015a-X3/AM015a
AM015a-X2,TWNK:chr10:100989136:G:A,TWNK,NA,NA,NA,chr10:100989136,G:A,1,Public,6,AM015a-X3-Cell2/AM015a-X3-Cell/AM015a-X2/AM015a-X1/AM015a-X3/AM015a
AM015a-X2,TYK2:chr19:10359256:C:A,TYK2,NA,NA,NA,chr19:10359256,C:A,1,Public,6,AM015a-X3-Cell2/AM015a-X3-Cell/AM015a-X2/AM015a-X1/AM015a-X3/AM015a
AM015a-X2,VCAM1:chr1:100731334:G:A,VCAM1,NA,NA,NA,chr1:100731334,G:A,1,Public,6,AM015a-X3-Cell2/AM015a-X3-Cell/AM015a-X2/AM015a-X1/AM015a-X3/AM015a
AM015a-X2,WIPI2:chr7:5217986:G:T,WIPI2,NA,NA,NA,chr7:5217986,G:T,1,Public,6,AM015a-X3-Cell2/AM015a-X3-Cell/AM015a-X2/AM015a-X1/AM015a-X3/AM015a
AM015a-X2,WNK1:chr12:885847:A:G,WNK1,NA,NA,NA,chr12:885847,A:G,1,Public,6,AM015a-X3-Cell2/AM015a-X3-Cell/AM015a-X2/AM015a-X1/AM015a-X3/AM015a
AM015a-X2,XDH:chr2:31366033:C:G,XDH,NA,NA,NA,chr2:31366033,C:G,1,Public,6,AM015a-X3-Cell2/AM015a-X3-Cell/AM015a-X2/AM015a-X1/AM015a-X3/AM015a
AM015a-X2,ZNF225:chr19:44132440:C:T,ZNF225,NA,NA,NA,chr19:44132440,C:T,1,Public,6,AM015a-X3-Cell2/AM015a-X3-Cell/AM015a-X2/AM015a-X1/AM015a-X3/AM015a
AM015a-X2,ZNF510:chr9:96776040:A:T,ZNF510,NA,NA,NA,chr9:96776040,A:T,1,Public,6,AM015a-X3-Cell2/AM015a-X3-Cell/AM015a-X2/AM015a-X1/AM015a-X3/AM015a
AM015a-X2,ZUP1:chr6:116651659:-:C,ZUP1,NA,NA,NA,chr6:116651659,-:C,1,Public,6,AM015a-X3-Cell2/AM015a-X3-Cell/AM015a-X2/AM015a-X1/AM015a-X3/AM015a
AM015a-X2,ZZEF1:chr17:4056226:T:A,ZZEF1,NA,NA,NA,chr17:4056226,T:A,1,Public,6,AM015a-X3-Cell2/AM015a-X3-Cell/AM015a-X2/AM015a-X1/AM015a-X3/AM015a
AM015a-X2,PPP4R4:chr14:94265884:C:G,PPP4R4,NA,NA,NA,chr14:94265884,C:G,1,Shared,5,AM015a-X3-Cell2/AM015a-X3-Cell/AM015a-X2/AM015a-X1/AM015a-X3
AM015a-X2,TNRC18:chr7:5374203:G:A,TNRC18,NA,NA,NA,chr7:5374203,G:A,1,Shared,5,AM015a-X3-Cell2/AM015a-X3-Cell/AM015a-X2/AM015a-X1/AM015a
AM015a-X2,DNAI4:chr1:66840555:C:T,DNAI4,NA,NA,NA,chr1:66840555,C:T,1,Shared,4,AM015a-X3-Cell2/AM015a-X3-Cell/AM015a-X2/AM015a-X3
AM015a-X2,SLC26A5:chr7:103410393:C:T,SLC26A5,NA,NA,NA,chr7:103410393,C:T,1,Shared,4,AM015a-X3-Cell2/AM015a-X3-Cell/AM015a-X2/AM015a-X3
AM015a-X2,UNC5C:chr4:95301653:C:T,UNC5C,NA,NA,NA,chr4:95301653,C:T,1,Shared,4,AM015a-X3-Cell2/AM015a-X3-Cell/AM015a-X2/AM015a-X3
AM015a-X2,TWIST1:chr7:19117120:T:A,TWIST1,NA,NA,NA,chr7:19117120,T:A,1,Shared,4,AM015a-X3-Cell2/AM015a-X3-Cell/AM015a-X2/AM015a
AM015a-X2,UBE2V2:chr8:48049980:T:A,UBE2V2,NA,NA,NA,chr8:48049980,T:A,0,NA,4,AM015a-X3-Cell2/AM015a-X3-Cell/AM015a-X1/AM015a-X3
AM015a-X2,ASAP1:chr8:130128021:-:GCACTCT,ASAP1,NA,NA,NA,chr8:130128021,-:GCACTCT,0,NA,3,AM015a-X3-Cell2/AM015a-X3-Cell/AM015a
AM015a-X2,KLHL11:chr17:41865332:-:GCC,KLHL11,NA,NA,NA,chr17:41865332,-:GCC,0,NA,3,AM015a-X3-Cell2/AM015a-X3-Cell/AM015a
AM015a-X2,TWIST1:chr7:19117123:CCGGCT:-,TWIST1,NA,NA,NA,chr7:19117123,CCGGCT:-,0,NA,3,AM015a-X3-Cell2/AM015a-X3-Cell/AM015a
AM015a-X2,ANKRD11:chr16:89305214:G:T,ANKRD11,NA,NA,NA,chr16:89305214,G:T,0,NA,2,AM015a-X3-Cell2/AM015a-X3-Cell
AM015a-X2,LRP2:chr2:169188174:C:T,LRP2,NA,NA,NA,chr2:169188174,C:T,0,NA,2,AM015a-X3-Cell2/AM015a-X3-Cell
AM015a-X2,TRPC4:chr13:37692043:G:C,TRPC4,NA,NA,NA,chr13:37692043,G:C,0,NA,2,AM015a-X3-Cell2/AM015a-X3-Cell
AM015a-X2,SLC14A1:chr18:45730309:G:A,SLC14A1,NA,NA,NA,chr18:45730309,G:A,1,Shared,5,AM015a-X3-Cell2/AM015a-X2/AM015a-X1/AM015a-X3/AM015a
AM015a-X2,SUCLA2:chr13:47996858:T:C,SUCLA2,NA,NA,NA,chr13:47996858,T:C,1,Shared,5,AM015a-X3-Cell2/AM015a-X2/AM015a-X1/AM015a-X3/AM015a
AM015a-X2,ACOT6:chr14:73619570:T:C,ACOT6,NA,NA,NA,chr14:73619570,T:C,0,NA,1,AM015a-X3-Cell2
AM015a-X2,AFF1:chr4:87084124:C:A,AFF1,fusion,AL,,chr4:87084124,C:A,0,NA,1,AM015a-X3-Cell2
AM015a-X2,AGPAT4:chr6:161154262:C:A,AGPAT4,NA,NA,NA,chr6:161154262,C:A,0,NA,1,AM015a-X3-Cell2
AM015a-X2,ANLN:chr7:36396297:A:C,ANLN,NA,NA,NA,chr7:36396297,A:C,0,NA,1,AM015a-X3-Cell2
AM015a-X2,ARSF:chrX:3089549:C:T,ARSF,NA,NA,NA,chrX:3089549,C:T,0,NA,1,AM015a-X3-Cell2
AM015a-X2,BRD9:chr5:886591:C:T,BRD9,NA,NA,NA,chr5:886591,C:T,0,NA,1,AM015a-X3-Cell2
AM015a-X2,BRINP1:chr9:119249040:C:T,BRINP1,NA,NA,NA,chr9:119249040,C:T,0,NA,1,AM015a-X3-Cell2
AM015a-X2,CD59:chr11:33710187:T:C,CD59,NA,NA,NA,chr11:33710187,T:C,0,NA,1,AM015a-X3-Cell2
AM015a-X2,COL10A1:chr6:116120444:G:A,COL10A1,NA,NA,NA,chr6:116120444,G:A,0,NA,1,AM015a-X3-Cell2
AM015a-X2,CPXM2:chr10:123780251:A:G,CPXM2,NA,NA,NA,chr10:123780251,A:G,0,NA,1,AM015a-X3-Cell2
AM015a-X2,DMRT2:chr9:1051918:G:T,DMRT2,NA,NA,NA,chr9:1051918,G:T,0,NA,1,AM015a-X3-Cell2
AM015a-X2,DMRT2:chr9:1051920:G:T,DMRT2,NA,NA,NA,chr9:1051920,G:T,0,NA,1,AM015a-X3-Cell2
AM015a-X2,DOCK2:chr5:169700112:C:A,DOCK2,NA,NA,NA,chr5:169700112,C:A,0,NA,1,AM015a-X3-Cell2
AM015a-X2,EDAR:chr2:108897147:A:G,EDAR,NA,NA,NA,chr2:108897147,A:G,0,NA,1,AM015a-X3-Cell2
AM015a-X2,FGF4:chr11:69773415:T:C,FGF4,NA,NA,NA,chr11:69773415,T:C,0,NA,1,AM015a-X3-Cell2
AM015a-X2,GABRB2:chr5:161330886:G:T,GABRB2,NA,NA,NA,chr5:161330886,G:T,0,NA,1,AM015a-X3-Cell2
AM015a-X2,LRRTM3:chr10:66927809:T:C,LRRTM3,NA,NA,NA,chr10:66927809,T:C,0,NA,1,AM015a-X3-Cell2
AM015a-X2,MARF1:chr16:15609726:C:A,MARF1,NA,NA,NA,chr16:15609726,C:A,0,NA,1,AM015a-X3-Cell2
AM015a-X2,MED22:chr9:133344321:C:A,MED22,NA,NA,NA,chr9:133344321,C:A,0,NA,1,AM015a-X3-Cell2
AM015a-X2,MYO1G:chr7:44970940:C:T,MYO1G,NA,NA,NA,chr7:44970940,C:T,0,NA,1,AM015a-X3-Cell2
AM015a-X2,NF1:chr17:31219076:C:T,NF1,"TSG, fusion",neurofibroma/glioma,neurofibroma/glioma,chr17:31219076,C:T,0,NA,1,AM015a-X3-Cell2
AM015a-X2,PCDHA5:chr5:140822339:G:A,PCDHA5,NA,NA,NA,chr5:140822339,G:A,0,NA,1,AM015a-X3-Cell2
AM015a-X2,SFPQ:chr1:35187999:AA:GG,SFPQ,"TSG, fusion",papillary renal,,chr1:35187999,AA:GG,0,NA,1,AM015a-X3-Cell2
AM015a-X2,SIPA1L3:chr19:38192226:G:T,SIPA1L3,NA,NA,NA,chr19:38192226,G:T,0,NA,1,AM015a-X3-Cell2
AM015a-X2,SLC22A16:chr6:110456752:C:G,SLC22A16,NA,NA,NA,chr6:110456752,C:G,0,NA,1,AM015a-X3-Cell2
AM015a-X2,SNX19:chr11:130910135:T:G,SNX19,NA,NA,NA,chr11:130910135,T:G,0,NA,1,AM015a-X3-Cell2
AM015a-X2,TENM3:chr4:182792672:T:A,TENM3,NA,NA,NA,chr4:182792672,T:A,0,NA,1,AM015a-X3-Cell2
AM015a-X2,TEP1:chr14:20386608:C:A,TEP1,NA,NA,NA,chr14:20386608,C:A,0,NA,1,AM015a-X3-Cell2
AM015a-X2,TTN:chr2:178571231:C:A,TTN,NA,NA,NA,chr2:178571231,C:A,0,NA,1,AM015a-X3-Cell2
AM015a-X2,VSIG2:chr11:124750855:G:C,VSIG2,NA,NA,NA,chr11:124750855,G:C,0,NA,1,AM015a-X3-Cell2
AM015a-X2,DAP:chr5:10680908:G:A,DAP,NA,NA,NA,chr5:10680908,G:A,1,Shared,5,AM015a-X3-Cell/AM015a-X2/AM015a-X1/AM015a-X3/AM015a
AM015a-X2,SFTPA1:chr10:79611992:C:T,SFTPA1,NA,NA,NA,chr10:79611992,C:T,1,Shared,3,AM015a-X3-Cell/AM015a-X2/AM015a
AM015a-X2,AC245033.1:chr15:82538892:A:T,AC245033.1,NA,NA,NA,chr15:82538892,A:T,0,NA,1,AM015a-X3-Cell
AM015a-X2,ARPP21:chr3:35729443:C:A,ARPP21,NA,NA,NA,chr3:35729443,C:A,0,NA,1,AM015a-X3-Cell
AM015a-X2,CCDC18:chr1:93239851:T:G,CCDC18,NA,NA,NA,chr1:93239851,T:G,0,NA,1,AM015a-X3-Cell
AM015a-X2,CRACD:chr4:56313269:G:T,CRACD,NA,NA,NA,chr4:56313269,G:T,0,NA,1,AM015a-X3-Cell
AM015a-X2,DAB1:chr1:57011235:T:G,DAB1,NA,NA,NA,chr1:57011235,T:G,0,NA,1,AM015a-X3-Cell
AM015a-X2,DDX39A:chr19:14409399:C:A,DDX39A,NA,NA,NA,chr19:14409399,C:A,0,NA,1,AM015a-X3-Cell
AM015a-X2,DTX1:chr12:113077860:GCC:-,DTX1,NA,NA,NA,chr12:113077860,GCC:-,0,NA,1,AM015a-X3-Cell
AM015a-X2,EPN3:chr17:50541675:C:T,EPN3,NA,NA,NA,chr17:50541675,C:T,0,NA,1,AM015a-X3-Cell
AM015a-X2,FAM209A:chr20:56525809:G:T,FAM209A,NA,NA,NA,chr20:56525809,G:T,0,NA,1,AM015a-X3-Cell
AM015a-X2,FAM47C:chrX:37010988:G:T,FAM47C,,melanoma/clear cell sarcoma of soft parts/SCLC,,chrX:37010988,G:T,0,NA,1,AM015a-X3-Cell
AM015a-X2,LAMC3:chr9:131061197:G:T,LAMC3,NA,NA,NA,chr9:131061197,G:T,0,NA,1,AM015a-X3-Cell
AM015a-X2,MAPK10:chr4:86159371:C:T,MAPK10,NA,NA,NA,chr4:86159371,C:T,0,NA,1,AM015a-X3-Cell
AM015a-X2,MKRN1:chr7:140471916:T:G,MKRN1,NA,NA,NA,chr7:140471916,T:G,0,NA,1,AM015a-X3-Cell
AM015a-X2,MXRA8:chr1:1355606:G:A,MXRA8,NA,NA,NA,chr1:1355606,G:A,0,NA,1,AM015a-X3-Cell
AM015a-X2,MYO16:chr13:109141091:G:A,MYO16,NA,NA,NA,chr13:109141091,G:A,0,NA,1,AM015a-X3-Cell
AM015a-X2,MYOF:chr10:93310128:G:A,MYOF,NA,NA,NA,chr10:93310128,G:A,0,NA,1,AM015a-X3-Cell
AM015a-X2,OR4A5:chr11:54707622:C:T,OR4A5,NA,NA,NA,chr11:54707622,C:T,0,NA,1,AM015a-X3-Cell
AM015a-X2,OR4E2:chr14:21665817:G:A,OR4E2,NA,NA,NA,chr14:21665817,G:A,0,NA,1,AM015a-X3-Cell
AM015a-X2,PEG10:chr7:94664937:G:T,PEG10,NA,NA,NA,chr7:94664937,G:T,0,NA,1,AM015a-X3-Cell
AM015a-X2,POGLUT1:chr3:119486911:C:A,POGLUT1,NA,NA,NA,chr3:119486911,C:A,0,NA,1,AM015a-X3-Cell
AM015a-X2,PTPRC:chr1:198749493:G:C,PTPRC,TSG,T-ALL,,chr1:198749493,G:C,0,NA,1,AM015a-X3-Cell
AM015a-X2,RCAN2:chr6:46223281:C:A,RCAN2,NA,NA,NA,chr6:46223281,C:A,0,NA,1,AM015a-X3-Cell
AM015a-X2,RPS17:chr15:82538892:A:T,RPS17,NA,NA,NA,chr15:82538892,A:T,0,NA,1,AM015a-X3-Cell
AM015a-X2,SMARCC2:chr12:56173026:G:A,SMARCC2,NA,NA,NA,chr12:56173026,G:A,0,NA,1,AM015a-X3-Cell
AM015a-X2,TNS3:chr7:47368629:G:A,TNS3,NA,NA,NA,chr7:47368629,G:A,0,NA,1,AM015a-X3-Cell
AM015a-X2,TRPM4:chr19:49182581:TTCCATC:TT,TRPM4,NA,NA,NA,chr19:49182581,TTCCATC:TT,0,NA,1,AM015a-X3-Cell
AM015a-X2,TRPM4:chr19:49182589:C:T,TRPM4,NA,NA,NA,chr19:49182589,C:T,0,NA,1,AM015a-X3-Cell
AM015a-X2,TTN:chr2:178589624:G:A,TTN,NA,NA,NA,chr2:178589624,G:A,0,NA,1,AM015a-X3-Cell
AM015a-X2,XDH:chr2:31372390:G:T,XDH,NA,NA,NA,chr2:31372390,G:T,0,NA,1,AM015a-X3-Cell
AM015a-X2,PPP1CC:chr12:110722539:A:G,PPP1CC,NA,NA,NA,chr12:110722539,A:G,1,Shared,2,AM015a-X2/AM015a-X3
AM015a-X2,UBE2N:chr12:93411132:G:T,UBE2N,NA,NA,NA,chr12:93411132,G:T,1,Shared,2,AM015a-X2/AM015a-X3
AM015a-X2,UBE2N:chr12:93411204:A:G,UBE2N,NA,NA,NA,chr12:93411204,A:G,1,Shared,2,AM015a-X2/AM015a-X3
AM015a-X2,YTHDF2:chr1:28742705:G:A,YTHDF2,NA,NA,NA,chr1:28742705,G:A,1,Shared,2,AM015a-X2/AM015a-X3
AM015a-X2,YTHDF2:chr1:28742741:T:C,YTHDF2,NA,NA,NA,chr1:28742741,T:C,1,Shared,2,AM015a-X2/AM015a-X3
AM015a-X2,MDN1:chr6:89673310:C:G,MDN1,NA,NA,NA,chr6:89673310,C:G,1,Private,1,AM015a-X2
AM015a-X2,PICK1:chr22:38070878:T:G,PICK1,NA,NA,NA,chr22:38070878,T:G,1,Private,1,AM015a-X2
AM015a-X2,RBM26:chr13:79320663:A:G,RBM26,NA,NA,NA,chr13:79320663,A:G,1,Private,1,AM015a-X2
AM015a-X2,TAF4:chr20:62065663:C:G,TAF4,NA,NA,NA,chr20:62065663,C:G,1,Private,1,AM015a-X2
AM015a-X2,YTHDF2:chr1:28742642:C:T,YTHDF2,NA,NA,NA,chr1:28742642,C:T,1,Private,1,AM015a-X2
AM015a-X2,YTHDF2:chr1:28742729:T:C,YTHDF2,NA,NA,NA,chr1:28742729,T:C,1,Private,1,AM015a-X2
AM015a-X2,ARHGAP5:chr14:32090812:A:C,ARHGAP5,oncogene,colon cancer/glioma,,chr14:32090812,A:C,0,NA,2,AM015a-X1/AM015a
AM015a-X2,MGAM2:chr7:142166153:G:T,MGAM2,NA,NA,NA,chr7:142166153,G:T,0,NA,2,AM015a-X1/AM015a
AM015a-X2,SPEN:chr1:15932157:G:-,SPEN,TSG,SMZL/adenoid cystic carcinoma/DLBCL,,chr1:15932157,G:-,0,NA,2,AM015a-X1/AM015a
AM015a-X2,APOL1:chr22:36265563:C:A,APOL1,NA,NA,NA,chr22:36265563,C:A,0,NA,1,AM015a-X1
AM015a-X2,ARFGEF2:chr20:48991046:C:T,ARFGEF2,NA,NA,NA,chr20:48991046,C:T,0,NA,1,AM015a-X1
AM015a-X2,MED14:chrX:40682719:T:C,MED14,NA,NA,NA,chrX:40682719,T:C,0,NA,1,AM015a-X1
AM015a-X2,MEF2C:chr5:88731895:C:T,MEF2C,NA,NA,NA,chr5:88731895,C:T,0,NA,1,AM015a-X1
AM015a-X2,NR1I3:chr1:161232854:G:A,NR1I3,NA,NA,NA,chr1:161232854,G:A,0,NA,1,AM015a-X1
AM015a-X2,PHF12:chr17:28912936:C:T,PHF12,NA,NA,NA,chr17:28912936,C:T,0,NA,1,AM015a-X1
AM015a-X2,PIK3C2G:chr12:18505292:G:A,PIK3C2G,NA,NA,NA,chr12:18505292,G:A,0,NA,1,AM015a-X1
AM015a-X2,PNPLA7:chr9:137497285:A:T,PNPLA7,NA,NA,NA,chr9:137497285,A:T,0,NA,1,AM015a-X1
AM015a-X2,PTPN7:chr1:202150393:C:T,PTPN7,NA,NA,NA,chr1:202150393,C:T,0,NA,1,AM015a-X1
AM015a-X2,SETD1B:chr12:121822507:G:T,SETD1B,TSG,CRC/endometrium,,chr12:121822507,G:T,0,NA,1,AM015a-X1
AM015a-X2,UACA:chr15:70657112:C:A,UACA,NA,NA,NA,chr15:70657112,C:A,0,NA,1,AM015a-X1
AM015a-X2,SAMD1:chr19:14090112:C:G,SAMD1,NA,NA,NA,chr19:14090112,C:G,0,NA,1,AM015a-X3
AM015a-X2,TMEM161B:chr5:88205836:A:T,TMEM161B,NA,NA,NA,chr5:88205836,A:T,0,NA,1,AM015a-X3
AM015a-X2,VPS13C:chr15:61931212:G:C,VPS13C,NA,NA,NA,chr15:61931212,G:C,0,NA,1,AM015a-X3
AM015a-X1,ACAP2:chr3:195285825:C:T,ACAP2,NA,NA,NA,chr3:195285825,C:T,1,Public,6,AM015a-X3-Cell2/AM015a-X3-Cell/AM015a-X2/AM015a-X1/AM015a-X3/AM015a
AM015a-X1,ADAMTSL4:chr1:150557520:A:C,ADAMTSL4,NA,NA,NA,chr1:150557520,A:C,1,Public,6,AM015a-X3-Cell2/AM015a-X3-Cell/AM015a-X2/AM015a-X1/AM015a-X3/AM015a
AM015a-X1,AJUBA:chr14:22981951:G:A,AJUBA,NA,NA,NA,chr14:22981951,G:A,1,Public,6,AM015a-X3-Cell2/AM015a-X3-Cell/AM015a-X2/AM015a-X1/AM015a-X3/AM015a
AM015a-X1,ALKBH8:chr11:107504818:C:T,ALKBH8,NA,NA,NA,chr11:107504818,C:T,1,Public,6,AM015a-X3-Cell2/AM015a-X3-Cell/AM015a-X2/AM015a-X1/AM015a-X3/AM015a
AM015a-X1,AQP11:chr11:77590288:A:G,AQP11,NA,NA,NA,chr11:77590288,A:G,1,Public,6,AM015a-X3-Cell2/AM015a-X3-Cell/AM015a-X2/AM015a-X1/AM015a-X3/AM015a
AM015a-X1,ARHGEF12:chr11:120473097:G:C,ARHGEF12,"TSG, fusion",AML,,chr11:120473097,G:C,1,Public,6,AM015a-X3-Cell2/AM015a-X3-Cell/AM015a-X2/AM015a-X1/AM015a-X3/AM015a
AM015a-X1,AXIN2:chr17:65541496:T:C,AXIN2,TSG,colorectal carcinoma/stomach carcinoma/hepatocellular carcinoma,colorectal carcinoma,chr17:65541496,T:C,1,Public,6,AM015a-X3-Cell2/AM015a-X3-Cell/AM015a-X2/AM015a-X1/AM015a-X3/AM015a
AM015a-X1,BCL11B:chr14:99175069:G:A,BCL11B,"oncogene, TSG, fusion",T-ALL,,chr14:99175069,G:A,1,Public,6,AM015a-X3-Cell2/AM015a-X3-Cell/AM015a-X2/AM015a-X1/AM015a-X3/AM015a
AM015a-X1,BLK:chr8:11563049:C:T,BLK,NA,NA,NA,chr8:11563049,C:T,1,Public,6,AM015a-X3-Cell2/AM015a-X3-Cell/AM015a-X2/AM015a-X1/AM015a-X3/AM015a
AM015a-X1,BRWD1:chr21:39270325:T:C,BRWD1,NA,NA,NA,chr21:39270325,T:C,1,Public,6,AM015a-X3-Cell2/AM015a-X3-Cell/AM015a-X2/AM015a-X1/AM015a-X3/AM015a
AM015a-X1,CCDC159:chr19:11352114:C:T,CCDC159,NA,NA,NA,chr19:11352114,C:T,1,Public,6,AM015a-X3-Cell2/AM015a-X3-Cell/AM015a-X2/AM015a-X1/AM015a-X3/AM015a
AM015a-X1,CCT6A:chr7:56059641:G:C,CCT6A,NA,NA,NA,chr7:56059641,G:C,1,Public,6,AM015a-X3-Cell2/AM015a-X3-Cell/AM015a-X2/AM015a-X1/AM015a-X3/AM015a
AM015a-X1,CD1C:chr1:158291245:G:T,CD1C,NA,NA,NA,chr1:158291245,G:T,1,Public,6,AM015a-X3-Cell2/AM015a-X3-Cell/AM015a-X2/AM015a-X1/AM015a-X3/AM015a
AM015a-X1,CEACAM5:chr19:41715698:C:T,CEACAM5,NA,NA,NA,chr19:41715698,C:T,1,Public,6,AM015a-X3-Cell2/AM015a-X3-Cell/AM015a-X2/AM015a-X1/AM015a-X3/AM015a
AM015a-X1,CEP170:chr1:243191056:A:C,CEP170,NA,NA,NA,chr1:243191056,A:C,1,Public,6,AM015a-X3-Cell2/AM015a-X3-Cell/AM015a-X2/AM015a-X1/AM015a-X3/AM015a
AM015a-X1,CEP350:chr1:180020839:G:T,CEP350,NA,NA,NA,chr1:180020839,G:T,1,Public,6,AM015a-X3-Cell2/AM015a-X3-Cell/AM015a-X2/AM015a-X1/AM015a-X3/AM015a
AM015a-X1,CORO7-PAM16:chr16:4364333:G:A,CORO7-PAM16,NA,NA,NA,chr16:4364333,G:A,1,Public,6,AM015a-X3-Cell2/AM015a-X3-Cell/AM015a-X2/AM015a-X1/AM015a-X3/AM015a
AM015a-X1,CORO7:chr16:4364333:G:A,CORO7,NA,NA,NA,chr16:4364333,G:A,1,Public,6,AM015a-X3-Cell2/AM015a-X3-Cell/AM015a-X2/AM015a-X1/AM015a-X3/AM015a
AM015a-X1,CTNNB1:chr3:41224645:T:C,CTNNB1,"oncogene, fusion",colorectal/ovarian/ hepatoblastoma/pleomorphic salivary gland adenoma/other tumour types,,chr3:41224645,T:C,1,Public,6,AM015a-X3-Cell2/AM015a-X3-Cell/AM015a-X2/AM015a-X1/AM015a-X3/AM015a
AM015a-X1,DAP:chr5:10680756:G:A,DAP,NA,NA,NA,chr5:10680756,G:A,1,Public,6,AM015a-X3-Cell2/AM015a-X3-Cell/AM015a-X2/AM015a-X1/AM015a-X3/AM015a
AM015a-X1,DAP:chr5:10680884:G:A,DAP,NA,NA,NA,chr5:10680884,G:A,1,Public,6,AM015a-X3-Cell2/AM015a-X3-Cell/AM015a-X2/AM015a-X1/AM015a-X3/AM015a
AM015a-X1,DAP:chr5:10680924:G:A,DAP,NA,NA,NA,chr5:10680924,G:A,1,Public,6,AM015a-X3-Cell2/AM015a-X3-Cell/AM015a-X2/AM015a-X1/AM015a-X3/AM015a
AM015a-X1,DAPK1:chr9:87646506:C:T,DAPK1,NA,NA,NA,chr9:87646506,C:T,1,Public,6,AM015a-X3-Cell2/AM015a-X3-Cell/AM015a-X2/AM015a-X1/AM015a-X3/AM015a
AM015a-X1,DENND5A:chr11:9141965:G:A,DENND5A,NA,NA,NA,chr11:9141965,G:A,1,Public,6,AM015a-X3-Cell2/AM015a-X3-Cell/AM015a-X2/AM015a-X1/AM015a-X3/AM015a
AM015a-X1,DNAH10:chr12:123853275:G:A,DNAH10,NA,NA,NA,chr12:123853275,G:A,1,Public,6,AM015a-X3-Cell2/AM015a-X3-Cell/AM015a-X2/AM015a-X1/AM015a-X3/AM015a
AM015a-X1,DSN1:chr20:36762471:C:T,DSN1,NA,NA,NA,chr20:36762471,C:T,1,Public,6,AM015a-X3-Cell2/AM015a-X3-Cell/AM015a-X2/AM015a-X1/AM015a-X3/AM015a
AM015a-X1,DVL3:chr3:184170649:C:T,DVL3,NA,NA,NA,chr3:184170649,C:T,1,Public,6,AM015a-X3-Cell2/AM015a-X3-Cell/AM015a-X2/AM015a-X1/AM015a-X3/AM015a
AM015a-X1,ELP2:chr18:36154909:C:A,ELP2,NA,NA,NA,chr18:36154909,C:A,1,Public,6,AM015a-X3-Cell2/AM015a-X3-Cell/AM015a-X2/AM015a-X1/AM015a-X3/AM015a
AM015a-X1,FRY:chr13:32224240:C:T,FRY,NA,NA,NA,chr13:32224240,C:T,1,Public,6,AM015a-X3-Cell2/AM015a-X3-Cell/AM015a-X2/AM015a-X1/AM015a-X3/AM015a
AM015a-X1,GABBR2:chr9:98306269:A:G,GABBR2,NA,NA,NA,chr9:98306269,A:G,1,Public,6,AM015a-X3-Cell2/AM015a-X3-Cell/AM015a-X2/AM015a-X1/AM015a-X3/AM015a
AM015a-X1,GALNT18:chr11:11379185:G:A,GALNT18,NA,NA,NA,chr11:11379185,G:A,1,Public,6,AM015a-X3-Cell2/AM015a-X3-Cell/AM015a-X2/AM015a-X1/AM015a-X3/AM015a
AM015a-X1,GAPVD1:chr9:125298952:C:T,GAPVD1,NA,NA,NA,chr9:125298952,C:T,1,Public,6,AM015a-X3-Cell2/AM015a-X3-Cell/AM015a-X2/AM015a-X1/AM015a-X3/AM015a
AM015a-X1,GLT8D1:chr3:52697887:G:A,GLT8D1,NA,NA,NA,chr3:52697887,G:A,1,Public,6,AM015a-X3-Cell2/AM015a-X3-Cell/AM015a-X2/AM015a-X1/AM015a-X3/AM015a
AM015a-X1,GNL1:chr6:30547403:-:A,GNL1,NA,NA,NA,chr6:30547403,-:A,1,Public,6,AM015a-X3-Cell2/AM015a-X3-Cell/AM015a-X2/AM015a-X1/AM015a-X3/AM015a
AM015a-X1,GNL1:chr6:30547425:A:G,GNL1,NA,NA,NA,chr6:30547425,A:G,1,Public,6,AM015a-X3-Cell2/AM015a-X3-Cell/AM015a-X2/AM015a-X1/AM015a-X3/AM015a
AM015a-X1,H2BC10:chr6:26273265:C:T,H2BC10,NA,NA,NA,chr6:26273265,C:T,1,Public,6,AM015a-X3-Cell2/AM015a-X3-Cell/AM015a-X2/AM015a-X1/AM015a-X3/AM015a
AM015a-X1,HDLBP:chr2:241230890:C:T,HDLBP,NA,NA,NA,chr2:241230890,C:T,1,Public,6,AM015a-X3-Cell2/AM015a-X3-Cell/AM015a-X2/AM015a-X1/AM015a-X3/AM015a
AM015a-X1,HEPHL1:chr11:94088916:C:T,HEPHL1,NA,NA,NA,chr11:94088916,C:T,1,Public,6,AM015a-X3-Cell2/AM015a-X3-Cell/AM015a-X2/AM015a-X1/AM015a-X3/AM015a
AM015a-X1,IFIT2:chr10:89306959:C:T,IFIT2,NA,NA,NA,chr10:89306959,C:T,1,Public,6,AM015a-X3-Cell2/AM015a-X3-Cell/AM015a-X2/AM015a-X1/AM015a-X3/AM015a
AM015a-X1,IRF2BPL:chr14:77025781:C:T,IRF2BPL,NA,NA,NA,chr14:77025781,C:T,1,Public,6,AM015a-X3-Cell2/AM015a-X3-Cell/AM015a-X2/AM015a-X1/AM015a-X3/AM015a
AM015a-X1,ITGA3:chr17:50089140:C:T,ITGA3,NA,NA,NA,chr17:50089140,C:T,1,Public,6,AM015a-X3-Cell2/AM015a-X3-Cell/AM015a-X2/AM015a-X1/AM015a-X3/AM015a
AM015a-X1,JAKMIP3:chr10:132104900:A:G,JAKMIP3,NA,NA,NA,chr10:132104900,A:G,1,Public,6,AM015a-X3-Cell2/AM015a-X3-Cell/AM015a-X2/AM015a-X1/AM015a-X3/AM015a
AM015a-X1,KCNA5:chr12:5045933:T:C,KCNA5,NA,NA,NA,chr12:5045933,T:C,1,Public,6,AM015a-X3-Cell2/AM015a-X3-Cell/AM015a-X2/AM015a-X1/AM015a-X3/AM015a
AM015a-X1,KCNK9:chr8:139618629:C:T,KCNK9,NA,NA,NA,chr8:139618629,C:T,1,Public,6,AM015a-X3-Cell2/AM015a-X3-Cell/AM015a-X2/AM015a-X1/AM015a-X3/AM015a
AM015a-X1,KCTD3:chr1:215620302:C:T,KCTD3,NA,NA,NA,chr1:215620302,C:T,1,Public,6,AM015a-X3-Cell2/AM015a-X3-Cell/AM015a-X2/AM015a-X1/AM015a-X3/AM015a
AM015a-X1,KIT:chr4:54727495:T:C,KIT,oncogene,GIST/AML/TGCT/mastocytosis/mucosal melanoma,GIST/epithelioma,chr4:54727495,T:C,1,Public,6,AM015a-X3-Cell2/AM015a-X3-Cell/AM015a-X2/AM015a-X1/AM015a-X3/AM015a
AM015a-X1,KRT27:chr17:40782224:G:T,KRT27,NA,NA,NA,chr17:40782224,G:T,1,Public,6,AM015a-X3-Cell2/AM015a-X3-Cell/AM015a-X2/AM015a-X1/AM015a-X3/AM015a
AM015a-X1,LRTM1:chr3:54925004:C:A,LRTM1,NA,NA,NA,chr3:54925004,C:A,1,Public,6,AM015a-X3-Cell2/AM015a-X3-Cell/AM015a-X2/AM015a-X1/AM015a-X3/AM015a
AM015a-X1,MAN1C1:chr1:25778154:T:C,MAN1C1,NA,NA,NA,chr1:25778154,T:C,1,Public,6,AM015a-X3-Cell2/AM015a-X3-Cell/AM015a-X2/AM015a-X1/AM015a-X3/AM015a
AM015a-X1,MAPKAPK3:chr3:50617648:-:G,MAPKAPK3,NA,NA,NA,chr3:50617648,-:G,1,Public,6,AM015a-X3-Cell2/AM015a-X3-Cell/AM015a-X2/AM015a-X1/AM015a-X3/AM015a
AM015a-X1,MGP:chr12:14884228:C:T,MGP,NA,NA,NA,chr12:14884228,C:T,1,Public,6,AM015a-X3-Cell2/AM015a-X3-Cell/AM015a-X2/AM015a-X1/AM015a-X3/AM015a
AM015a-X1,MMP2:chr16:55484117:G:A,MMP2,NA,NA,NA,chr16:55484117,G:A,1,Public,6,AM015a-X3-Cell2/AM015a-X3-Cell/AM015a-X2/AM015a-X1/AM015a-X3/AM015a
AM015a-X1,MYO10:chr5:16762044:C:G,MYO10,NA,NA,NA,chr5:16762044,C:G,1,Public,6,AM015a-X3-Cell2/AM015a-X3-Cell/AM015a-X2/AM015a-X1/AM015a-X3/AM015a
AM015a-X1,MYO9B:chr19:17172763:T:C,MYO9B,NA,NA,NA,chr19:17172763,T:C,1,Public,6,AM015a-X3-Cell2/AM015a-X3-Cell/AM015a-X2/AM015a-X1/AM015a-X3/AM015a
AM015a-X1,MZT1:chr13:72719065:C:T,MZT1,NA,NA,NA,chr13:72719065,C:T,1,Public,6,AM015a-X3-Cell2/AM015a-X3-Cell/AM015a-X2/AM015a-X1/AM015a-X3/AM015a
AM015a-X1,NXF3:chrX:103077648:G:A,NXF3,NA,NA,NA,chrX:103077648,G:A,1,Public,6,AM015a-X3-Cell2/AM015a-X3-Cell/AM015a-X2/AM015a-X1/AM015a-X3/AM015a
AM015a-X1,OR52D1:chr11:5489629:T:A,OR52D1,NA,NA,NA,chr11:5489629,T:A,1,Public,6,AM015a-X3-Cell2/AM015a-X3-Cell/AM015a-X2/AM015a-X1/AM015a-X3/AM015a
AM015a-X1,OR7E24:chr19:9251483:C:T,OR7E24,NA,NA,NA,chr19:9251483,C:T,1,Public,6,AM015a-X3-Cell2/AM015a-X3-Cell/AM015a-X2/AM015a-X1/AM015a-X3/AM015a
AM015a-X1,PCLO:chr7:82953870:AA:-,PCLO,NA,NA,NA,chr7:82953870,AA:-,1,Public,6,AM015a-X3-Cell2/AM015a-X3-Cell/AM015a-X2/AM015a-X1/AM015a-X3/AM015a
AM015a-X1,PHF20L1:chr8:132816943:A:T,PHF20L1,NA,NA,NA,chr8:132816943,A:T,1,Public,6,AM015a-X3-Cell2/AM015a-X3-Cell/AM015a-X2/AM015a-X1/AM015a-X3/AM015a
AM015a-X1,PLEKHA6:chr1:204257862:T:C,PLEKHA6,NA,NA,NA,chr1:204257862,T:C,1,Public,6,AM015a-X3-Cell2/AM015a-X3-Cell/AM015a-X2/AM015a-X1/AM015a-X3/AM015a
AM015a-X1,POM121L2:chr6:27309929:G:A,POM121L2,NA,NA,NA,chr6:27309929,G:A,1,Public,6,AM015a-X3-Cell2/AM015a-X3-Cell/AM015a-X2/AM015a-X1/AM015a-X3/AM015a
AM015a-X1,PTPN11:chr12:112489106:G:C,PTPN11,oncogene,JMML/AML/MDS,,chr12:112489106,G:C,1,Public,6,AM015a-X3-Cell2/AM015a-X3-Cell/AM015a-X2/AM015a-X1/AM015a-X3/AM015a
AM015a-X1,RADX:chrX:106639602:T:A,RADX,NA,NA,NA,chrX:106639602,T:A,1,Public,6,AM015a-X3-Cell2/AM015a-X3-Cell/AM015a-X2/AM015a-X1/AM015a-X3/AM015a
AM015a-X1,RFC1:chr4:39303067:C:A,RFC1,NA,NA,NA,chr4:39303067,C:A,1,Public,6,AM015a-X3-Cell2/AM015a-X3-Cell/AM015a-X2/AM015a-X1/AM015a-X3/AM015a
AM015a-X1,RNPC3:chr1:103546977:G:C,RNPC3,NA,NA,NA,chr1:103546977,G:C,1,Public,6,AM015a-X3-Cell2/AM015a-X3-Cell/AM015a-X2/AM015a-X1/AM015a-X3/AM015a
AM015a-X1,ROBO3:chr11:124873041:C:T,ROBO3,NA,NA,NA,chr11:124873041,C:T,1,Public,6,AM015a-X3-Cell2/AM015a-X3-Cell/AM015a-X2/AM015a-X1/AM015a-X3/AM015a
AM015a-X1,RP1:chr8:54622190:G:A,RP1,NA,NA,NA,chr8:54622190,G:A,1,Public,6,AM015a-X3-Cell2/AM015a-X3-Cell/AM015a-X2/AM015a-X1/AM015a-X3/AM015a
AM015a-X1,SCN11A:chr3:38904075:G:A,SCN11A,NA,NA,NA,chr3:38904075,G:A,1,Public,6,AM015a-X3-Cell2/AM015a-X3-Cell/AM015a-X2/AM015a-X1/AM015a-X3/AM015a
AM015a-X1,SEPTIN3:chr22:41989662:A:G,SEPTIN3,NA,NA,NA,chr22:41989662,A:G,1,Public,6,AM015a-X3-Cell2/AM015a-X3-Cell/AM015a-X2/AM015a-X1/AM015a-X3/AM015a
AM015a-X1,SFTPA2:chr10:79559317:G:A,SFTPA2,NA,NA,NA,chr10:79559317,G:A,1,Public,6,AM015a-X3-Cell2/AM015a-X3-Cell/AM015a-X2/AM015a-X1/AM015a-X3/AM015a
AM015a-X1,SGPP2:chr2:222558371:A:C,SGPP2,NA,NA,NA,chr2:222558371,A:C,1,Public,6,AM015a-X3-Cell2/AM015a-X3-Cell/AM015a-X2/AM015a-X1/AM015a-X3/AM015a
AM015a-X1,SH3TC1:chr4:8205207:C:G,SH3TC1,NA,NA,NA,chr4:8205207,C:G,1,Public,6,AM015a-X3-Cell2/AM015a-X3-Cell/AM015a-X2/AM015a-X1/AM015a-X3/AM015a
AM015a-X1,SLC16A14:chr2:230046345:C:T,SLC16A14,NA,NA,NA,chr2:230046345,C:T,1,Public,6,AM015a-X3-Cell2/AM015a-X3-Cell/AM015a-X2/AM015a-X1/AM015a-X3/AM015a
AM015a-X1,SLC7A7:chr14:22780010:T:C,SLC7A7,NA,NA,NA,chr14:22780010,T:C,1,Public,6,AM015a-X3-Cell2/AM015a-X3-Cell/AM015a-X2/AM015a-X1/AM015a-X3/AM015a
AM015a-X1,SLC9A3:chr5:488471:G:A,SLC9A3,NA,NA,NA,chr5:488471,G:A,1,Public,6,AM015a-X3-Cell2/AM015a-X3-Cell/AM015a-X2/AM015a-X1/AM015a-X3/AM015a
AM015a-X1,SOWAHA:chr5:132813809:A:G,SOWAHA,NA,NA,NA,chr5:132813809,A:G,1,Public,6,AM015a-X3-Cell2/AM015a-X3-Cell/AM015a-X2/AM015a-X1/AM015a-X3/AM015a
AM015a-X1,SPANXB1:chrX:141003529:G:A,SPANXB1,NA,NA,NA,chrX:141003529,G:A,1,Public,6,AM015a-X3-Cell2/AM015a-X3-Cell/AM015a-X2/AM015a-X1/AM015a-X3/AM015a
AM015a-X1,SPATS1:chr6:44368496:C:T,SPATS1,NA,NA,NA,chr6:44368496,C:T,1,Public,6,AM015a-X3-Cell2/AM015a-X3-Cell/AM015a-X2/AM015a-X1/AM015a-X3/AM015a
AM015a-X1,SYNGAP1:chr6:33441241:A:C,SYNGAP1,NA,NA,NA,chr6:33441241,A:C,1,Public,6,AM015a-X3-Cell2/AM015a-X3-Cell/AM015a-X2/AM015a-X1/AM015a-X3/AM015a
AM015a-X1,TAS2R46:chr12:11062229:A:T,TAS2R46,NA,NA,NA,chr12:11062229,A:T,1,Public,6,AM015a-X3-Cell2/AM015a-X3-Cell/AM015a-X2/AM015a-X1/AM015a-X3/AM015a
AM015a-X1,TCTEX1D1:chr1:66777309:T:C,TCTEX1D1,NA,NA,NA,chr1:66777309,T:C,1,Public,6,AM015a-X3-Cell2/AM015a-X3-Cell/AM015a-X2/AM015a-X1/AM015a-X3/AM015a
AM015a-X1,TMC6:chr17:78126310:G:T,TMC6,NA,NA,NA,chr17:78126310,G:T,1,Public,6,AM015a-X3-Cell2/AM015a-X3-Cell/AM015a-X2/AM015a-X1/AM015a-X3/AM015a
AM015a-X1,TNKS:chr8:9555964:C:T,TNKS,NA,NA,NA,chr8:9555964,C:T,1,Public,6,AM015a-X3-Cell2/AM015a-X3-Cell/AM015a-X2/AM015a-X1/AM015a-X3/AM015a
AM015a-X1,TNRC18:chr7:5374214:G:A,TNRC18,NA,NA,NA,chr7:5374214,G:A,1,Public,6,AM015a-X3-Cell2/AM015a-X3-Cell/AM015a-X2/AM015a-X1/AM015a-X3/AM015a
AM015a-X1,TNRC18:chr7:5374266:G:A,TNRC18,NA,NA,NA,chr7:5374266,G:A,1,Public,6,AM015a-X3-Cell2/AM015a-X3-Cell/AM015a-X2/AM015a-X1/AM015a-X3/AM015a
AM015a-X1,TNRC18:chr7:5374287:G:A,TNRC18,NA,NA,NA,chr7:5374287,G:A,1,Public,6,AM015a-X3-Cell2/AM015a-X3-Cell/AM015a-X2/AM015a-X1/AM015a-X3/AM015a
AM015a-X1,TTN:chr2:178620579:C:T,TTN,NA,NA,NA,chr2:178620579,C:T,1,Public,6,AM015a-X3-Cell2/AM015a-X3-Cell/AM015a-X2/AM015a-X1/AM015a-X3/AM015a
AM015a-X1,TUBGCP5:chr15:23022100:C:T,TUBGCP5,NA,NA,NA,chr15:23022100,C:T,1,Public,6,AM015a-X3-Cell2/AM015a-X3-Cell/AM015a-X2/AM015a-X1/AM015a-X3/AM015a
AM015a-X1,TUT4:chr1:52446376:G:A,TUT4,NA,NA,NA,chr1:52446376,G:A,1,Public,6,AM015a-X3-Cell2/AM015a-X3-Cell/AM015a-X2/AM015a-X1/AM015a-X3/AM015a
AM015a-X1,TWNK:chr10:100989136:G:A,TWNK,NA,NA,NA,chr10:100989136,G:A,1,Public,6,AM015a-X3-Cell2/AM015a-X3-Cell/AM015a-X2/AM015a-X1/AM015a-X3/AM015a
AM015a-X1,TYK2:chr19:10359256:C:A,TYK2,NA,NA,NA,chr19:10359256,C:A,1,Public,6,AM015a-X3-Cell2/AM015a-X3-Cell/AM015a-X2/AM015a-X1/AM015a-X3/AM015a
AM015a-X1,VCAM1:chr1:100731334:G:A,VCAM1,NA,NA,NA,chr1:100731334,G:A,1,Public,6,AM015a-X3-Cell2/AM015a-X3-Cell/AM015a-X2/AM015a-X1/AM015a-X3/AM015a
AM015a-X1,WIPI2:chr7:5217986:G:T,WIPI2,NA,NA,NA,chr7:5217986,G:T,1,Public,6,AM015a-X3-Cell2/AM015a-X3-Cell/AM015a-X2/AM015a-X1/AM015a-X3/AM015a
AM015a-X1,WNK1:chr12:885847:A:G,WNK1,NA,NA,NA,chr12:885847,A:G,1,Public,6,AM015a-X3-Cell2/AM015a-X3-Cell/AM015a-X2/AM015a-X1/AM015a-X3/AM015a
AM015a-X1,XDH:chr2:31366033:C:G,XDH,NA,NA,NA,chr2:31366033,C:G,1,Public,6,AM015a-X3-Cell2/AM015a-X3-Cell/AM015a-X2/AM015a-X1/AM015a-X3/AM015a
AM015a-X1,ZNF225:chr19:44132440:C:T,ZNF225,NA,NA,NA,chr19:44132440,C:T,1,Public,6,AM015a-X3-Cell2/AM015a-X3-Cell/AM015a-X2/AM015a-X1/AM015a-X3/AM015a
AM015a-X1,ZNF510:chr9:96776040:A:T,ZNF510,NA,NA,NA,chr9:96776040,A:T,1,Public,6,AM015a-X3-Cell2/AM015a-X3-Cell/AM015a-X2/AM015a-X1/AM015a-X3/AM015a
AM015a-X1,ZUP1:chr6:116651659:-:C,ZUP1,NA,NA,NA,chr6:116651659,-:C,1,Public,6,AM015a-X3-Cell2/AM015a-X3-Cell/AM015a-X2/AM015a-X1/AM015a-X3/AM015a
AM015a-X1,ZZEF1:chr17:4056226:T:A,ZZEF1,NA,NA,NA,chr17:4056226,T:A,1,Public,6,AM015a-X3-Cell2/AM015a-X3-Cell/AM015a-X2/AM015a-X1/AM015a-X3/AM015a
AM015a-X1,PPP4R4:chr14:94265884:C:G,PPP4R4,NA,NA,NA,chr14:94265884,C:G,1,Shared,5,AM015a-X3-Cell2/AM015a-X3-Cell/AM015a-X2/AM015a-X1/AM015a-X3
AM015a-X1,TNRC18:chr7:5374203:G:A,TNRC18,NA,NA,NA,chr7:5374203,G:A,1,Shared,5,AM015a-X3-Cell2/AM015a-X3-Cell/AM015a-X2/AM015a-X1/AM015a
AM015a-X1,DNAI4:chr1:66840555:C:T,DNAI4,NA,NA,NA,chr1:66840555,C:T,0,NA,4,AM015a-X3-Cell2/AM015a-X3-Cell/AM015a-X2/AM015a-X3
AM015a-X1,SLC26A5:chr7:103410393:C:T,SLC26A5,NA,NA,NA,chr7:103410393,C:T,0,NA,4,AM015a-X3-Cell2/AM015a-X3-Cell/AM015a-X2/AM015a-X3
AM015a-X1,UNC5C:chr4:95301653:C:T,UNC5C,NA,NA,NA,chr4:95301653,C:T,0,NA,4,AM015a-X3-Cell2/AM015a-X3-Cell/AM015a-X2/AM015a-X3
AM015a-X1,TWIST1:chr7:19117120:T:A,TWIST1,NA,NA,NA,chr7:19117120,T:A,0,NA,4,AM015a-X3-Cell2/AM015a-X3-Cell/AM015a-X2/AM015a
AM015a-X1,UBE2V2:chr8:48049980:T:A,UBE2V2,NA,NA,NA,chr8:48049980,T:A,1,Shared,4,AM015a-X3-Cell2/AM015a-X3-Cell/AM015a-X1/AM015a-X3
AM015a-X1,ASAP1:chr8:130128021:-:GCACTCT,ASAP1,NA,NA,NA,chr8:130128021,-:GCACTCT,0,NA,3,AM015a-X3-Cell2/AM015a-X3-Cell/AM015a
AM015a-X1,KLHL11:chr17:41865332:-:GCC,KLHL11,NA,NA,NA,chr17:41865332,-:GCC,0,NA,3,AM015a-X3-Cell2/AM015a-X3-Cell/AM015a
AM015a-X1,TWIST1:chr7:19117123:CCGGCT:-,TWIST1,NA,NA,NA,chr7:19117123,CCGGCT:-,0,NA,3,AM015a-X3-Cell2/AM015a-X3-Cell/AM015a
AM015a-X1,ANKRD11:chr16:89305214:G:T,ANKRD11,NA,NA,NA,chr16:89305214,G:T,0,NA,2,AM015a-X3-Cell2/AM015a-X3-Cell
AM015a-X1,LRP2:chr2:169188174:C:T,LRP2,NA,NA,NA,chr2:169188174,C:T,0,NA,2,AM015a-X3-Cell2/AM015a-X3-Cell
AM015a-X1,TRPC4:chr13:37692043:G:C,TRPC4,NA,NA,NA,chr13:37692043,G:C,0,NA,2,AM015a-X3-Cell2/AM015a-X3-Cell
AM015a-X1,SLC14A1:chr18:45730309:G:A,SLC14A1,NA,NA,NA,chr18:45730309,G:A,1,Shared,5,AM015a-X3-Cell2/AM015a-X2/AM015a-X1/AM015a-X3/AM015a
AM015a-X1,SUCLA2:chr13:47996858:T:C,SUCLA2,NA,NA,NA,chr13:47996858,T:C,1,Shared,5,AM015a-X3-Cell2/AM015a-X2/AM015a-X1/AM015a-X3/AM015a
AM015a-X1,ACOT6:chr14:73619570:T:C,ACOT6,NA,NA,NA,chr14:73619570,T:C,0,NA,1,AM015a-X3-Cell2
AM015a-X1,AFF1:chr4:87084124:C:A,AFF1,fusion,AL,,chr4:87084124,C:A,0,NA,1,AM015a-X3-Cell2
AM015a-X1,AGPAT4:chr6:161154262:C:A,AGPAT4,NA,NA,NA,chr6:161154262,C:A,0,NA,1,AM015a-X3-Cell2
AM015a-X1,ANLN:chr7:36396297:A:C,ANLN,NA,NA,NA,chr7:36396297,A:C,0,NA,1,AM015a-X3-Cell2
AM015a-X1,ARSF:chrX:3089549:C:T,ARSF,NA,NA,NA,chrX:3089549,C:T,0,NA,1,AM015a-X3-Cell2
AM015a-X1,BRD9:chr5:886591:C:T,BRD9,NA,NA,NA,chr5:886591,C:T,0,NA,1,AM015a-X3-Cell2
AM015a-X1,BRINP1:chr9:119249040:C:T,BRINP1,NA,NA,NA,chr9:119249040,C:T,0,NA,1,AM015a-X3-Cell2
AM015a-X1,CD59:chr11:33710187:T:C,CD59,NA,NA,NA,chr11:33710187,T:C,0,NA,1,AM015a-X3-Cell2
AM015a-X1,COL10A1:chr6:116120444:G:A,COL10A1,NA,NA,NA,chr6:116120444,G:A,0,NA,1,AM015a-X3-Cell2
AM015a-X1,CPXM2:chr10:123780251:A:G,CPXM2,NA,NA,NA,chr10:123780251,A:G,0,NA,1,AM015a-X3-Cell2
AM015a-X1,DMRT2:chr9:1051918:G:T,DMRT2,NA,NA,NA,chr9:1051918,G:T,0,NA,1,AM015a-X3-Cell2
AM015a-X1,DMRT2:chr9:1051920:G:T,DMRT2,NA,NA,NA,chr9:1051920,G:T,0,NA,1,AM015a-X3-Cell2
AM015a-X1,DOCK2:chr5:169700112:C:A,DOCK2,NA,NA,NA,chr5:169700112,C:A,0,NA,1,AM015a-X3-Cell2
AM015a-X1,EDAR:chr2:108897147:A:G,EDAR,NA,NA,NA,chr2:108897147,A:G,0,NA,1,AM015a-X3-Cell2
AM015a-X1,FGF4:chr11:69773415:T:C,FGF4,NA,NA,NA,chr11:69773415,T:C,0,NA,1,AM015a-X3-Cell2
AM015a-X1,GABRB2:chr5:161330886:G:T,GABRB2,NA,NA,NA,chr5:161330886,G:T,0,NA,1,AM015a-X3-Cell2
AM015a-X1,LRRTM3:chr10:66927809:T:C,LRRTM3,NA,NA,NA,chr10:66927809,T:C,0,NA,1,AM015a-X3-Cell2
AM015a-X1,MARF1:chr16:15609726:C:A,MARF1,NA,NA,NA,chr16:15609726,C:A,0,NA,1,AM015a-X3-Cell2
AM015a-X1,MED22:chr9:133344321:C:A,MED22,NA,NA,NA,chr9:133344321,C:A,0,NA,1,AM015a-X3-Cell2
AM015a-X1,MYO1G:chr7:44970940:C:T,MYO1G,NA,NA,NA,chr7:44970940,C:T,0,NA,1,AM015a-X3-Cell2
AM015a-X1,NF1:chr17:31219076:C:T,NF1,"TSG, fusion",neurofibroma/glioma,neurofibroma/glioma,chr17:31219076,C:T,0,NA,1,AM015a-X3-Cell2
AM015a-X1,PCDHA5:chr5:140822339:G:A,PCDHA5,NA,NA,NA,chr5:140822339,G:A,0,NA,1,AM015a-X3-Cell2
AM015a-X1,SFPQ:chr1:35187999:AA:GG,SFPQ,"TSG, fusion",papillary renal,,chr1:35187999,AA:GG,0,NA,1,AM015a-X3-Cell2
AM015a-X1,SIPA1L3:chr19:38192226:G:T,SIPA1L3,NA,NA,NA,chr19:38192226,G:T,0,NA,1,AM015a-X3-Cell2
AM015a-X1,SLC22A16:chr6:110456752:C:G,SLC22A16,NA,NA,NA,chr6:110456752,C:G,0,NA,1,AM015a-X3-Cell2
AM015a-X1,SNX19:chr11:130910135:T:G,SNX19,NA,NA,NA,chr11:130910135,T:G,0,NA,1,AM015a-X3-Cell2
AM015a-X1,TENM3:chr4:182792672:T:A,TENM3,NA,NA,NA,chr4:182792672,T:A,0,NA,1,AM015a-X3-Cell2
AM015a-X1,TEP1:chr14:20386608:C:A,TEP1,NA,NA,NA,chr14:20386608,C:A,0,NA,1,AM015a-X3-Cell2
AM015a-X1,TTN:chr2:178571231:C:A,TTN,NA,NA,NA,chr2:178571231,C:A,0,NA,1,AM015a-X3-Cell2
AM015a-X1,VSIG2:chr11:124750855:G:C,VSIG2,NA,NA,NA,chr11:124750855,G:C,0,NA,1,AM015a-X3-Cell2
AM015a-X1,DAP:chr5:10680908:G:A,DAP,NA,NA,NA,chr5:10680908,G:A,1,Shared,5,AM015a-X3-Cell/AM015a-X2/AM015a-X1/AM015a-X3/AM015a
AM015a-X1,SFTPA1:chr10:79611992:C:T,SFTPA1,NA,NA,NA,chr10:79611992,C:T,0,NA,3,AM015a-X3-Cell/AM015a-X2/AM015a
AM015a-X1,AC245033.1:chr15:82538892:A:T,AC245033.1,NA,NA,NA,chr15:82538892,A:T,0,NA,1,AM015a-X3-Cell
AM015a-X1,ARPP21:chr3:35729443:C:A,ARPP21,NA,NA,NA,chr3:35729443,C:A,0,NA,1,AM015a-X3-Cell
AM015a-X1,CCDC18:chr1:93239851:T:G,CCDC18,NA,NA,NA,chr1:93239851,T:G,0,NA,1,AM015a-X3-Cell
AM015a-X1,CRACD:chr4:56313269:G:T,CRACD,NA,NA,NA,chr4:56313269,G:T,0,NA,1,AM015a-X3-Cell
AM015a-X1,DAB1:chr1:57011235:T:G,DAB1,NA,NA,NA,chr1:57011235,T:G,0,NA,1,AM015a-X3-Cell
AM015a-X1,DDX39A:chr19:14409399:C:A,DDX39A,NA,NA,NA,chr19:14409399,C:A,0,NA,1,AM015a-X3-Cell
AM015a-X1,DTX1:chr12:113077860:GCC:-,DTX1,NA,NA,NA,chr12:113077860,GCC:-,0,NA,1,AM015a-X3-Cell
AM015a-X1,EPN3:chr17:50541675:C:T,EPN3,NA,NA,NA,chr17:50541675,C:T,0,NA,1,AM015a-X3-Cell
AM015a-X1,FAM209A:chr20:56525809:G:T,FAM209A,NA,NA,NA,chr20:56525809,G:T,0,NA,1,AM015a-X3-Cell
AM015a-X1,FAM47C:chrX:37010988:G:T,FAM47C,,melanoma/clear cell sarcoma of soft parts/SCLC,,chrX:37010988,G:T,0,NA,1,AM015a-X3-Cell
AM015a-X1,LAMC3:chr9:131061197:G:T,LAMC3,NA,NA,NA,chr9:131061197,G:T,0,NA,1,AM015a-X3-Cell
AM015a-X1,MAPK10:chr4:86159371:C:T,MAPK10,NA,NA,NA,chr4:86159371,C:T,0,NA,1,AM015a-X3-Cell
AM015a-X1,MKRN1:chr7:140471916:T:G,MKRN1,NA,NA,NA,chr7:140471916,T:G,0,NA,1,AM015a-X3-Cell
AM015a-X1,MXRA8:chr1:1355606:G:A,MXRA8,NA,NA,NA,chr1:1355606,G:A,0,NA,1,AM015a-X3-Cell
AM015a-X1,MYO16:chr13:109141091:G:A,MYO16,NA,NA,NA,chr13:109141091,G:A,0,NA,1,AM015a-X3-Cell
AM015a-X1,MYOF:chr10:93310128:G:A,MYOF,NA,NA,NA,chr10:93310128,G:A,0,NA,1,AM015a-X3-Cell
AM015a-X1,OR4A5:chr11:54707622:C:T,OR4A5,NA,NA,NA,chr11:54707622,C:T,0,NA,1,AM015a-X3-Cell
AM015a-X1,OR4E2:chr14:21665817:G:A,OR4E2,NA,NA,NA,chr14:21665817,G:A,0,NA,1,AM015a-X3-Cell
AM015a-X1,PEG10:chr7:94664937:G:T,PEG10,NA,NA,NA,chr7:94664937,G:T,0,NA,1,AM015a-X3-Cell
AM015a-X1,POGLUT1:chr3:119486911:C:A,POGLUT1,NA,NA,NA,chr3:119486911,C:A,0,NA,1,AM015a-X3-Cell
AM015a-X1,PTPRC:chr1:198749493:G:C,PTPRC,TSG,T-ALL,,chr1:198749493,G:C,0,NA,1,AM015a-X3-Cell
AM015a-X1,RCAN2:chr6:46223281:C:A,RCAN2,NA,NA,NA,chr6:46223281,C:A,0,NA,1,AM015a-X3-Cell
AM015a-X1,RPS17:chr15:82538892:A:T,RPS17,NA,NA,NA,chr15:82538892,A:T,0,NA,1,AM015a-X3-Cell
AM015a-X1,SMARCC2:chr12:56173026:G:A,SMARCC2,NA,NA,NA,chr12:56173026,G:A,0,NA,1,AM015a-X3-Cell
AM015a-X1,TNS3:chr7:47368629:G:A,TNS3,NA,NA,NA,chr7:47368629,G:A,0,NA,1,AM015a-X3-Cell
AM015a-X1,TRPM4:chr19:49182581:TTCCATC:TT,TRPM4,NA,NA,NA,chr19:49182581,TTCCATC:TT,0,NA,1,AM015a-X3-Cell
AM015a-X1,TRPM4:chr19:49182589:C:T,TRPM4,NA,NA,NA,chr19:49182589,C:T,0,NA,1,AM015a-X3-Cell
AM015a-X1,TTN:chr2:178589624:G:A,TTN,NA,NA,NA,chr2:178589624,G:A,0,NA,1,AM015a-X3-Cell
AM015a-X1,XDH:chr2:31372390:G:T,XDH,NA,NA,NA,chr2:31372390,G:T,0,NA,1,AM015a-X3-Cell
AM015a-X1,PPP1CC:chr12:110722539:A:G,PPP1CC,NA,NA,NA,chr12:110722539,A:G,0,NA,2,AM015a-X2/AM015a-X3
AM015a-X1,UBE2N:chr12:93411132:G:T,UBE2N,NA,NA,NA,chr12:93411132,G:T,0,NA,2,AM015a-X2/AM015a-X3
AM015a-X1,UBE2N:chr12:93411204:A:G,UBE2N,NA,NA,NA,chr12:93411204,A:G,0,NA,2,AM015a-X2/AM015a-X3
AM015a-X1,YTHDF2:chr1:28742705:G:A,YTHDF2,NA,NA,NA,chr1:28742705,G:A,0,NA,2,AM015a-X2/AM015a-X3
AM015a-X1,YTHDF2:chr1:28742741:T:C,YTHDF2,NA,NA,NA,chr1:28742741,T:C,0,NA,2,AM015a-X2/AM015a-X3
AM015a-X1,MDN1:chr6:89673310:C:G,MDN1,NA,NA,NA,chr6:89673310,C:G,0,NA,1,AM015a-X2
AM015a-X1,PICK1:chr22:38070878:T:G,PICK1,NA,NA,NA,chr22:38070878,T:G,0,NA,1,AM015a-X2
AM015a-X1,RBM26:chr13:79320663:A:G,RBM26,NA,NA,NA,chr13:79320663,A:G,0,NA,1,AM015a-X2
AM015a-X1,TAF4:chr20:62065663:C:G,TAF4,NA,NA,NA,chr20:62065663,C:G,0,NA,1,AM015a-X2
AM015a-X1,YTHDF2:chr1:28742642:C:T,YTHDF2,NA,NA,NA,chr1:28742642,C:T,0,NA,1,AM015a-X2
AM015a-X1,YTHDF2:chr1:28742729:T:C,YTHDF2,NA,NA,NA,chr1:28742729,T:C,0,NA,1,AM015a-X2
AM015a-X1,ARHGAP5:chr14:32090812:A:C,ARHGAP5,oncogene,colon cancer/glioma,,chr14:32090812,A:C,1,Shared,2,AM015a-X1/AM015a
AM015a-X1,MGAM2:chr7:142166153:G:T,MGAM2,NA,NA,NA,chr7:142166153,G:T,1,Shared,2,AM015a-X1/AM015a
AM015a-X1,SPEN:chr1:15932157:G:-,SPEN,TSG,SMZL/adenoid cystic carcinoma/DLBCL,,chr1:15932157,G:-,1,Shared,2,AM015a-X1/AM015a
AM015a-X1,APOL1:chr22:36265563:C:A,APOL1,NA,NA,NA,chr22:36265563,C:A,1,Private,1,AM015a-X1
AM015a-X1,ARFGEF2:chr20:48991046:C:T,ARFGEF2,NA,NA,NA,chr20:48991046,C:T,1,Private,1,AM015a-X1
AM015a-X1,MED14:chrX:40682719:T:C,MED14,NA,NA,NA,chrX:40682719,T:C,1,Private,1,AM015a-X1
AM015a-X1,MEF2C:chr5:88731895:C:T,MEF2C,NA,NA,NA,chr5:88731895,C:T,1,Private,1,AM015a-X1
AM015a-X1,NR1I3:chr1:161232854:G:A,NR1I3,NA,NA,NA,chr1:161232854,G:A,1,Private,1,AM015a-X1
AM015a-X1,PHF12:chr17:28912936:C:T,PHF12,NA,NA,NA,chr17:28912936,C:T,1,Private,1,AM015a-X1
AM015a-X1,PIK3C2G:chr12:18505292:G:A,PIK3C2G,NA,NA,NA,chr12:18505292,G:A,1,Private,1,AM015a-X1
AM015a-X1,PNPLA7:chr9:137497285:A:T,PNPLA7,NA,NA,NA,chr9:137497285,A:T,1,Private,1,AM015a-X1
AM015a-X1,PTPN7:chr1:202150393:C:T,PTPN7,NA,NA,NA,chr1:202150393,C:T,1,Private,1,AM015a-X1
AM015a-X1,SETD1B:chr12:121822507:G:T,SETD1B,TSG,CRC/endometrium,,chr12:121822507,G:T,1,Private,1,AM015a-X1
AM015a-X1,UACA:chr15:70657112:C:A,UACA,NA,NA,NA,chr15:70657112,C:A,1,Private,1,AM015a-X1
AM015a-X1,SAMD1:chr19:14090112:C:G,SAMD1,NA,NA,NA,chr19:14090112,C:G,0,NA,1,AM015a-X3
AM015a-X1,TMEM161B:chr5:88205836:A:T,TMEM161B,NA,NA,NA,chr5:88205836,A:T,0,NA,1,AM015a-X3
AM015a-X1,VPS13C:chr15:61931212:G:C,VPS13C,NA,NA,NA,chr15:61931212,G:C,0,NA,1,AM015a-X3
AM015a-X3,ACAP2:chr3:195285825:C:T,ACAP2,NA,NA,NA,chr3:195285825,C:T,1,Public,6,AM015a-X3-Cell2/AM015a-X3-Cell/AM015a-X2/AM015a-X1/AM015a-X3/AM015a
AM015a-X3,ADAMTSL4:chr1:150557520:A:C,ADAMTSL4,NA,NA,NA,chr1:150557520,A:C,1,Public,6,AM015a-X3-Cell2/AM015a-X3-Cell/AM015a-X2/AM015a-X1/AM015a-X3/AM015a
AM015a-X3,AJUBA:chr14:22981951:G:A,AJUBA,NA,NA,NA,chr14:22981951,G:A,1,Public,6,AM015a-X3-Cell2/AM015a-X3-Cell/AM015a-X2/AM015a-X1/AM015a-X3/AM015a
AM015a-X3,ALKBH8:chr11:107504818:C:T,ALKBH8,NA,NA,NA,chr11:107504818,C:T,1,Public,6,AM015a-X3-Cell2/AM015a-X3-Cell/AM015a-X2/AM015a-X1/AM015a-X3/AM015a
AM015a-X3,AQP11:chr11:77590288:A:G,AQP11,NA,NA,NA,chr11:77590288,A:G,1,Public,6,AM015a-X3-Cell2/AM015a-X3-Cell/AM015a-X2/AM015a-X1/AM015a-X3/AM015a
AM015a-X3,ARHGEF12:chr11:120473097:G:C,ARHGEF12,"TSG, fusion",AML,,chr11:120473097,G:C,1,Public,6,AM015a-X3-Cell2/AM015a-X3-Cell/AM015a-X2/AM015a-X1/AM015a-X3/AM015a
AM015a-X3,AXIN2:chr17:65541496:T:C,AXIN2,TSG,colorectal carcinoma/stomach carcinoma/hepatocellular carcinoma,colorectal carcinoma,chr17:65541496,T:C,1,Public,6,AM015a-X3-Cell2/AM015a-X3-Cell/AM015a-X2/AM015a-X1/AM015a-X3/AM015a
AM015a-X3,BCL11B:chr14:99175069:G:A,BCL11B,"oncogene, TSG, fusion",T-ALL,,chr14:99175069,G:A,1,Public,6,AM015a-X3-Cell2/AM015a-X3-Cell/AM015a-X2/AM015a-X1/AM015a-X3/AM015a
AM015a-X3,BLK:chr8:11563049:C:T,BLK,NA,NA,NA,chr8:11563049,C:T,1,Public,6,AM015a-X3-Cell2/AM015a-X3-Cell/AM015a-X2/AM015a-X1/AM015a-X3/AM015a
AM015a-X3,BRWD1:chr21:39270325:T:C,BRWD1,NA,NA,NA,chr21:39270325,T:C,1,Public,6,AM015a-X3-Cell2/AM015a-X3-Cell/AM015a-X2/AM015a-X1/AM015a-X3/AM015a
AM015a-X3,CCDC159:chr19:11352114:C:T,CCDC159,NA,NA,NA,chr19:11352114,C:T,1,Public,6,AM015a-X3-Cell2/AM015a-X3-Cell/AM015a-X2/AM015a-X1/AM015a-X3/AM015a
AM015a-X3,CCT6A:chr7:56059641:G:C,CCT6A,NA,NA,NA,chr7:56059641,G:C,1,Public,6,AM015a-X3-Cell2/AM015a-X3-Cell/AM015a-X2/AM015a-X1/AM015a-X3/AM015a
AM015a-X3,CD1C:chr1:158291245:G:T,CD1C,NA,NA,NA,chr1:158291245,G:T,1,Public,6,AM015a-X3-Cell2/AM015a-X3-Cell/AM015a-X2/AM015a-X1/AM015a-X3/AM015a
AM015a-X3,CEACAM5:chr19:41715698:C:T,CEACAM5,NA,NA,NA,chr19:41715698,C:T,1,Public,6,AM015a-X3-Cell2/AM015a-X3-Cell/AM015a-X2/AM015a-X1/AM015a-X3/AM015a
AM015a-X3,CEP170:chr1:243191056:A:C,CEP170,NA,NA,NA,chr1:243191056,A:C,1,Public,6,AM015a-X3-Cell2/AM015a-X3-Cell/AM015a-X2/AM015a-X1/AM015a-X3/AM015a
AM015a-X3,CEP350:chr1:180020839:G:T,CEP350,NA,NA,NA,chr1:180020839,G:T,1,Public,6,AM015a-X3-Cell2/AM015a-X3-Cell/AM015a-X2/AM015a-X1/AM015a-X3/AM015a
AM015a-X3,CORO7-PAM16:chr16:4364333:G:A,CORO7-PAM16,NA,NA,NA,chr16:4364333,G:A,1,Public,6,AM015a-X3-Cell2/AM015a-X3-Cell/AM015a-X2/AM015a-X1/AM015a-X3/AM015a
AM015a-X3,CORO7:chr16:4364333:G:A,CORO7,NA,NA,NA,chr16:4364333,G:A,1,Public,6,AM015a-X3-Cell2/AM015a-X3-Cell/AM015a-X2/AM015a-X1/AM015a-X3/AM015a
AM015a-X3,CTNNB1:chr3:41224645:T:C,CTNNB1,"oncogene, fusion",colorectal/ovarian/ hepatoblastoma/pleomorphic salivary gland adenoma/other tumour types,,chr3:41224645,T:C,1,Public,6,AM015a-X3-Cell2/AM015a-X3-Cell/AM015a-X2/AM015a-X1/AM015a-X3/AM015a
AM015a-X3,DAP:chr5:10680756:G:A,DAP,NA,NA,NA,chr5:10680756,G:A,1,Public,6,AM015a-X3-Cell2/AM015a-X3-Cell/AM015a-X2/AM015a-X1/AM015a-X3/AM015a
AM015a-X3,DAP:chr5:10680884:G:A,DAP,NA,NA,NA,chr5:10680884,G:A,1,Public,6,AM015a-X3-Cell2/AM015a-X3-Cell/AM015a-X2/AM015a-X1/AM015a-X3/AM015a
AM015a-X3,DAP:chr5:10680924:G:A,DAP,NA,NA,NA,chr5:10680924,G:A,1,Public,6,AM015a-X3-Cell2/AM015a-X3-Cell/AM015a-X2/AM015a-X1/AM015a-X3/AM015a
AM015a-X3,DAPK1:chr9:87646506:C:T,DAPK1,NA,NA,NA,chr9:87646506,C:T,1,Public,6,AM015a-X3-Cell2/AM015a-X3-Cell/AM015a-X2/AM015a-X1/AM015a-X3/AM015a
AM015a-X3,DENND5A:chr11:9141965:G:A,DENND5A,NA,NA,NA,chr11:9141965,G:A,1,Public,6,AM015a-X3-Cell2/AM015a-X3-Cell/AM015a-X2/AM015a-X1/AM015a-X3/AM015a
AM015a-X3,DNAH10:chr12:123853275:G:A,DNAH10,NA,NA,NA,chr12:123853275,G:A,1,Public,6,AM015a-X3-Cell2/AM015a-X3-Cell/AM015a-X2/AM015a-X1/AM015a-X3/AM015a
AM015a-X3,DSN1:chr20:36762471:C:T,DSN1,NA,NA,NA,chr20:36762471,C:T,1,Public,6,AM015a-X3-Cell2/AM015a-X3-Cell/AM015a-X2/AM015a-X1/AM015a-X3/AM015a
AM015a-X3,DVL3:chr3:184170649:C:T,DVL3,NA,NA,NA,chr3:184170649,C:T,1,Public,6,AM015a-X3-Cell2/AM015a-X3-Cell/AM015a-X2/AM015a-X1/AM015a-X3/AM015a
AM015a-X3,ELP2:chr18:36154909:C:A,ELP2,NA,NA,NA,chr18:36154909,C:A,1,Public,6,AM015a-X3-Cell2/AM015a-X3-Cell/AM015a-X2/AM015a-X1/AM015a-X3/AM015a
AM015a-X3,FRY:chr13:32224240:C:T,FRY,NA,NA,NA,chr13:32224240,C:T,1,Public,6,AM015a-X3-Cell2/AM015a-X3-Cell/AM015a-X2/AM015a-X1/AM015a-X3/AM015a
AM015a-X3,GABBR2:chr9:98306269:A:G,GABBR2,NA,NA,NA,chr9:98306269,A:G,1,Public,6,AM015a-X3-Cell2/AM015a-X3-Cell/AM015a-X2/AM015a-X1/AM015a-X3/AM015a
AM015a-X3,GALNT18:chr11:11379185:G:A,GALNT18,NA,NA,NA,chr11:11379185,G:A,1,Public,6,AM015a-X3-Cell2/AM015a-X3-Cell/AM015a-X2/AM015a-X1/AM015a-X3/AM015a
AM015a-X3,GAPVD1:chr9:125298952:C:T,GAPVD1,NA,NA,NA,chr9:125298952,C:T,1,Public,6,AM015a-X3-Cell2/AM015a-X3-Cell/AM015a-X2/AM015a-X1/AM015a-X3/AM015a
AM015a-X3,GLT8D1:chr3:52697887:G:A,GLT8D1,NA,NA,NA,chr3:52697887,G:A,1,Public,6,AM015a-X3-Cell2/AM015a-X3-Cell/AM015a-X2/AM015a-X1/AM015a-X3/AM015a
AM015a-X3,GNL1:chr6:30547403:-:A,GNL1,NA,NA,NA,chr6:30547403,-:A,1,Public,6,AM015a-X3-Cell2/AM015a-X3-Cell/AM015a-X2/AM015a-X1/AM015a-X3/AM015a
AM015a-X3,GNL1:chr6:30547425:A:G,GNL1,NA,NA,NA,chr6:30547425,A:G,1,Public,6,AM015a-X3-Cell2/AM015a-X3-Cell/AM015a-X2/AM015a-X1/AM015a-X3/AM015a
AM015a-X3,H2BC10:chr6:26273265:C:T,H2BC10,NA,NA,NA,chr6:26273265,C:T,1,Public,6,AM015a-X3-Cell2/AM015a-X3-Cell/AM015a-X2/AM015a-X1/AM015a-X3/AM015a
AM015a-X3,HDLBP:chr2:241230890:C:T,HDLBP,NA,NA,NA,chr2:241230890,C:T,1,Public,6,AM015a-X3-Cell2/AM015a-X3-Cell/AM015a-X2/AM015a-X1/AM015a-X3/AM015a
AM015a-X3,HEPHL1:chr11:94088916:C:T,HEPHL1,NA,NA,NA,chr11:94088916,C:T,1,Public,6,AM015a-X3-Cell2/AM015a-X3-Cell/AM015a-X2/AM015a-X1/AM015a-X3/AM015a
AM015a-X3,IFIT2:chr10:89306959:C:T,IFIT2,NA,NA,NA,chr10:89306959,C:T,1,Public,6,AM015a-X3-Cell2/AM015a-X3-Cell/AM015a-X2/AM015a-X1/AM015a-X3/AM015a
AM015a-X3,IRF2BPL:chr14:77025781:C:T,IRF2BPL,NA,NA,NA,chr14:77025781,C:T,1,Public,6,AM015a-X3-Cell2/AM015a-X3-Cell/AM015a-X2/AM015a-X1/AM015a-X3/AM015a
AM015a-X3,ITGA3:chr17:50089140:C:T,ITGA3,NA,NA,NA,chr17:50089140,C:T,1,Public,6,AM015a-X3-Cell2/AM015a-X3-Cell/AM015a-X2/AM015a-X1/AM015a-X3/AM015a
AM015a-X3,JAKMIP3:chr10:132104900:A:G,JAKMIP3,NA,NA,NA,chr10:132104900,A:G,1,Public,6,AM015a-X3-Cell2/AM015a-X3-Cell/AM015a-X2/AM015a-X1/AM015a-X3/AM015a
AM015a-X3,KCNA5:chr12:5045933:T:C,KCNA5,NA,NA,NA,chr12:5045933,T:C,1,Public,6,AM015a-X3-Cell2/AM015a-X3-Cell/AM015a-X2/AM015a-X1/AM015a-X3/AM015a
AM015a-X3,KCNK9:chr8:139618629:C:T,KCNK9,NA,NA,NA,chr8:139618629,C:T,1,Public,6,AM015a-X3-Cell2/AM015a-X3-Cell/AM015a-X2/AM015a-X1/AM015a-X3/AM015a
AM015a-X3,KCTD3:chr1:215620302:C:T,KCTD3,NA,NA,NA,chr1:215620302,C:T,1,Public,6,AM015a-X3-Cell2/AM015a-X3-Cell/AM015a-X2/AM015a-X1/AM015a-X3/AM015a
AM015a-X3,KIT:chr4:54727495:T:C,KIT,oncogene,GIST/AML/TGCT/mastocytosis/mucosal melanoma,GIST/epithelioma,chr4:54727495,T:C,1,Public,6,AM015a-X3-Cell2/AM015a-X3-Cell/AM015a-X2/AM015a-X1/AM015a-X3/AM015a
AM015a-X3,KRT27:chr17:40782224:G:T,KRT27,NA,NA,NA,chr17:40782224,G:T,1,Public,6,AM015a-X3-Cell2/AM015a-X3-Cell/AM015a-X2/AM015a-X1/AM015a-X3/AM015a
AM015a-X3,LRTM1:chr3:54925004:C:A,LRTM1,NA,NA,NA,chr3:54925004,C:A,1,Public,6,AM015a-X3-Cell2/AM015a-X3-Cell/AM015a-X2/AM015a-X1/AM015a-X3/AM015a
AM015a-X3,MAN1C1:chr1:25778154:T:C,MAN1C1,NA,NA,NA,chr1:25778154,T:C,1,Public,6,AM015a-X3-Cell2/AM015a-X3-Cell/AM015a-X2/AM015a-X1/AM015a-X3/AM015a
AM015a-X3,MAPKAPK3:chr3:50617648:-:G,MAPKAPK3,NA,NA,NA,chr3:50617648,-:G,1,Public,6,AM015a-X3-Cell2/AM015a-X3-Cell/AM015a-X2/AM015a-X1/AM015a-X3/AM015a
AM015a-X3,MGP:chr12:14884228:C:T,MGP,NA,NA,NA,chr12:14884228,C:T,1,Public,6,AM015a-X3-Cell2/AM015a-X3-Cell/AM015a-X2/AM015a-X1/AM015a-X3/AM015a
AM015a-X3,MMP2:chr16:55484117:G:A,MMP2,NA,NA,NA,chr16:55484117,G:A,1,Public,6,AM015a-X3-Cell2/AM015a-X3-Cell/AM015a-X2/AM015a-X1/AM015a-X3/AM015a
AM015a-X3,MYO10:chr5:16762044:C:G,MYO10,NA,NA,NA,chr5:16762044,C:G,1,Public,6,AM015a-X3-Cell2/AM015a-X3-Cell/AM015a-X2/AM015a-X1/AM015a-X3/AM015a
AM015a-X3,MYO9B:chr19:17172763:T:C,MYO9B,NA,NA,NA,chr19:17172763,T:C,1,Public,6,AM015a-X3-Cell2/AM015a-X3-Cell/AM015a-X2/AM015a-X1/AM015a-X3/AM015a
AM015a-X3,MZT1:chr13:72719065:C:T,MZT1,NA,NA,NA,chr13:72719065,C:T,1,Public,6,AM015a-X3-Cell2/AM015a-X3-Cell/AM015a-X2/AM015a-X1/AM015a-X3/AM015a
AM015a-X3,NXF3:chrX:103077648:G:A,NXF3,NA,NA,NA,chrX:103077648,G:A,1,Public,6,AM015a-X3-Cell2/AM015a-X3-Cell/AM015a-X2/AM015a-X1/AM015a-X3/AM015a
AM015a-X3,OR52D1:chr11:5489629:T:A,OR52D1,NA,NA,NA,chr11:5489629,T:A,1,Public,6,AM015a-X3-Cell2/AM015a-X3-Cell/AM015a-X2/AM015a-X1/AM015a-X3/AM015a
AM015a-X3,OR7E24:chr19:9251483:C:T,OR7E24,NA,NA,NA,chr19:9251483,C:T,1,Public,6,AM015a-X3-Cell2/AM015a-X3-Cell/AM015a-X2/AM015a-X1/AM015a-X3/AM015a
AM015a-X3,PCLO:chr7:82953870:AA:-,PCLO,NA,NA,NA,chr7:82953870,AA:-,1,Public,6,AM015a-X3-Cell2/AM015a-X3-Cell/AM015a-X2/AM015a-X1/AM015a-X3/AM015a
AM015a-X3,PHF20L1:chr8:132816943:A:T,PHF20L1,NA,NA,NA,chr8:132816943,A:T,1,Public,6,AM015a-X3-Cell2/AM015a-X3-Cell/AM015a-X2/AM015a-X1/AM015a-X3/AM015a
AM015a-X3,PLEKHA6:chr1:204257862:T:C,PLEKHA6,NA,NA,NA,chr1:204257862,T:C,1,Public,6,AM015a-X3-Cell2/AM015a-X3-Cell/AM015a-X2/AM015a-X1/AM015a-X3/AM015a
AM015a-X3,POM121L2:chr6:27309929:G:A,POM121L2,NA,NA,NA,chr6:27309929,G:A,1,Public,6,AM015a-X3-Cell2/AM015a-X3-Cell/AM015a-X2/AM015a-X1/AM015a-X3/AM015a
AM015a-X3,PTPN11:chr12:112489106:G:C,PTPN11,oncogene,JMML/AML/MDS,,chr12:112489106,G:C,1,Public,6,AM015a-X3-Cell2/AM015a-X3-Cell/AM015a-X2/AM015a-X1/AM015a-X3/AM015a
AM015a-X3,RADX:chrX:106639602:T:A,RADX,NA,NA,NA,chrX:106639602,T:A,1,Public,6,AM015a-X3-Cell2/AM015a-X3-Cell/AM015a-X2/AM015a-X1/AM015a-X3/AM015a
AM015a-X3,RFC1:chr4:39303067:C:A,RFC1,NA,NA,NA,chr4:39303067,C:A,1,Public,6,AM015a-X3-Cell2/AM015a-X3-Cell/AM015a-X2/AM015a-X1/AM015a-X3/AM015a
AM015a-X3,RNPC3:chr1:103546977:G:C,RNPC3,NA,NA,NA,chr1:103546977,G:C,1,Public,6,AM015a-X3-Cell2/AM015a-X3-Cell/AM015a-X2/AM015a-X1/AM015a-X3/AM015a
AM015a-X3,ROBO3:chr11:124873041:C:T,ROBO3,NA,NA,NA,chr11:124873041,C:T,1,Public,6,AM015a-X3-Cell2/AM015a-X3-Cell/AM015a-X2/AM015a-X1/AM015a-X3/AM015a
AM015a-X3,RP1:chr8:54622190:G:A,RP1,NA,NA,NA,chr8:54622190,G:A,1,Public,6,AM015a-X3-Cell2/AM015a-X3-Cell/AM015a-X2/AM015a-X1/AM015a-X3/AM015a
AM015a-X3,SCN11A:chr3:38904075:G:A,SCN11A,NA,NA,NA,chr3:38904075,G:A,1,Public,6,AM015a-X3-Cell2/AM015a-X3-Cell/AM015a-X2/AM015a-X1/AM015a-X3/AM015a
AM015a-X3,SEPTIN3:chr22:41989662:A:G,SEPTIN3,NA,NA,NA,chr22:41989662,A:G,1,Public,6,AM015a-X3-Cell2/AM015a-X3-Cell/AM015a-X2/AM015a-X1/AM015a-X3/AM015a
AM015a-X3,SFTPA2:chr10:79559317:G:A,SFTPA2,NA,NA,NA,chr10:79559317,G:A,1,Public,6,AM015a-X3-Cell2/AM015a-X3-Cell/AM015a-X2/AM015a-X1/AM015a-X3/AM015a
AM015a-X3,SGPP2:chr2:222558371:A:C,SGPP2,NA,NA,NA,chr2:222558371,A:C,1,Public,6,AM015a-X3-Cell2/AM015a-X3-Cell/AM015a-X2/AM015a-X1/AM015a-X3/AM015a
AM015a-X3,SH3TC1:chr4:8205207:C:G,SH3TC1,NA,NA,NA,chr4:8205207,C:G,1,Public,6,AM015a-X3-Cell2/AM015a-X3-Cell/AM015a-X2/AM015a-X1/AM015a-X3/AM015a
AM015a-X3,SLC16A14:chr2:230046345:C:T,SLC16A14,NA,NA,NA,chr2:230046345,C:T,1,Public,6,AM015a-X3-Cell2/AM015a-X3-Cell/AM015a-X2/AM015a-X1/AM015a-X3/AM015a
AM015a-X3,SLC7A7:chr14:22780010:T:C,SLC7A7,NA,NA,NA,chr14:22780010,T:C,1,Public,6,AM015a-X3-Cell2/AM015a-X3-Cell/AM015a-X2/AM015a-X1/AM015a-X3/AM015a
AM015a-X3,SLC9A3:chr5:488471:G:A,SLC9A3,NA,NA,NA,chr5:488471,G:A,1,Public,6,AM015a-X3-Cell2/AM015a-X3-Cell/AM015a-X2/AM015a-X1/AM015a-X3/AM015a
AM015a-X3,SOWAHA:chr5:132813809:A:G,SOWAHA,NA,NA,NA,chr5:132813809,A:G,1,Public,6,AM015a-X3-Cell2/AM015a-X3-Cell/AM015a-X2/AM015a-X1/AM015a-X3/AM015a
AM015a-X3,SPANXB1:chrX:141003529:G:A,SPANXB1,NA,NA,NA,chrX:141003529,G:A,1,Public,6,AM015a-X3-Cell2/AM015a-X3-Cell/AM015a-X2/AM015a-X1/AM015a-X3/AM015a
AM015a-X3,SPATS1:chr6:44368496:C:T,SPATS1,NA,NA,NA,chr6:44368496,C:T,1,Public,6,AM015a-X3-Cell2/AM015a-X3-Cell/AM015a-X2/AM015a-X1/AM015a-X3/AM015a
AM015a-X3,SYNGAP1:chr6:33441241:A:C,SYNGAP1,NA,NA,NA,chr6:33441241,A:C,1,Public,6,AM015a-X3-Cell2/AM015a-X3-Cell/AM015a-X2/AM015a-X1/AM015a-X3/AM015a
AM015a-X3,TAS2R46:chr12:11062229:A:T,TAS2R46,NA,NA,NA,chr12:11062229,A:T,1,Public,6,AM015a-X3-Cell2/AM015a-X3-Cell/AM015a-X2/AM015a-X1/AM015a-X3/AM015a
AM015a-X3,TCTEX1D1:chr1:66777309:T:C,TCTEX1D1,NA,NA,NA,chr1:66777309,T:C,1,Public,6,AM015a-X3-Cell2/AM015a-X3-Cell/AM015a-X2/AM015a-X1/AM015a-X3/AM015a
AM015a-X3,TMC6:chr17:78126310:G:T,TMC6,NA,NA,NA,chr17:78126310,G:T,1,Public,6,AM015a-X3-Cell2/AM015a-X3-Cell/AM015a-X2/AM015a-X1/AM015a-X3/AM015a
AM015a-X3,TNKS:chr8:9555964:C:T,TNKS,NA,NA,NA,chr8:9555964,C:T,1,Public,6,AM015a-X3-Cell2/AM015a-X3-Cell/AM015a-X2/AM015a-X1/AM015a-X3/AM015a
AM015a-X3,TNRC18:chr7:5374214:G:A,TNRC18,NA,NA,NA,chr7:5374214,G:A,1,Public,6,AM015a-X3-Cell2/AM015a-X3-Cell/AM015a-X2/AM015a-X1/AM015a-X3/AM015a
AM015a-X3,TNRC18:chr7:5374266:G:A,TNRC18,NA,NA,NA,chr7:5374266,G:A,1,Public,6,AM015a-X3-Cell2/AM015a-X3-Cell/AM015a-X2/AM015a-X1/AM015a-X3/AM015a
AM015a-X3,TNRC18:chr7:5374287:G:A,TNRC18,NA,NA,NA,chr7:5374287,G:A,1,Public,6,AM015a-X3-Cell2/AM015a-X3-Cell/AM015a-X2/AM015a-X1/AM015a-X3/AM015a
AM015a-X3,TTN:chr2:178620579:C:T,TTN,NA,NA,NA,chr2:178620579,C:T,1,Public,6,AM015a-X3-Cell2/AM015a-X3-Cell/AM015a-X2/AM015a-X1/AM015a-X3/AM015a
AM015a-X3,TUBGCP5:chr15:23022100:C:T,TUBGCP5,NA,NA,NA,chr15:23022100,C:T,1,Public,6,AM015a-X3-Cell2/AM015a-X3-Cell/AM015a-X2/AM015a-X1/AM015a-X3/AM015a
AM015a-X3,TUT4:chr1:52446376:G:A,TUT4,NA,NA,NA,chr1:52446376,G:A,1,Public,6,AM015a-X3-Cell2/AM015a-X3-Cell/AM015a-X2/AM015a-X1/AM015a-X3/AM015a
AM015a-X3,TWNK:chr10:100989136:G:A,TWNK,NA,NA,NA,chr10:100989136,G:A,1,Public,6,AM015a-X3-Cell2/AM015a-X3-Cell/AM015a-X2/AM015a-X1/AM015a-X3/AM015a
AM015a-X3,TYK2:chr19:10359256:C:A,TYK2,NA,NA,NA,chr19:10359256,C:A,1,Public,6,AM015a-X3-Cell2/AM015a-X3-Cell/AM015a-X2/AM015a-X1/AM015a-X3/AM015a
AM015a-X3,VCAM1:chr1:100731334:G:A,VCAM1,NA,NA,NA,chr1:100731334,G:A,1,Public,6,AM015a-X3-Cell2/AM015a-X3-Cell/AM015a-X2/AM015a-X1/AM015a-X3/AM015a
AM015a-X3,WIPI2:chr7:5217986:G:T,WIPI2,NA,NA,NA,chr7:5217986,G:T,1,Public,6,AM015a-X3-Cell2/AM015a-X3-Cell/AM015a-X2/AM015a-X1/AM015a-X3/AM015a
AM015a-X3,WNK1:chr12:885847:A:G,WNK1,NA,NA,NA,chr12:885847,A:G,1,Public,6,AM015a-X3-Cell2/AM015a-X3-Cell/AM015a-X2/AM015a-X1/AM015a-X3/AM015a
AM015a-X3,XDH:chr2:31366033:C:G,XDH,NA,NA,NA,chr2:31366033,C:G,1,Public,6,AM015a-X3-Cell2/AM015a-X3-Cell/AM015a-X2/AM015a-X1/AM015a-X3/AM015a
AM015a-X3,ZNF225:chr19:44132440:C:T,ZNF225,NA,NA,NA,chr19:44132440,C:T,1,Public,6,AM015a-X3-Cell2/AM015a-X3-Cell/AM015a-X2/AM015a-X1/AM015a-X3/AM015a
AM015a-X3,ZNF510:chr9:96776040:A:T,ZNF510,NA,NA,NA,chr9:96776040,A:T,1,Public,6,AM015a-X3-Cell2/AM015a-X3-Cell/AM015a-X2/AM015a-X1/AM015a-X3/AM015a
AM015a-X3,ZUP1:chr6:116651659:-:C,ZUP1,NA,NA,NA,chr6:116651659,-:C,1,Public,6,AM015a-X3-Cell2/AM015a-X3-Cell/AM015a-X2/AM015a-X1/AM015a-X3/AM015a
AM015a-X3,ZZEF1:chr17:4056226:T:A,ZZEF1,NA,NA,NA,chr17:4056226,T:A,1,Public,6,AM015a-X3-Cell2/AM015a-X3-Cell/AM015a-X2/AM015a-X1/AM015a-X3/AM015a
AM015a-X3,PPP4R4:chr14:94265884:C:G,PPP4R4,NA,NA,NA,chr14:94265884,C:G,1,Shared,5,AM015a-X3-Cell2/AM015a-X3-Cell/AM015a-X2/AM015a-X1/AM015a-X3
AM015a-X3,TNRC18:chr7:5374203:G:A,TNRC18,NA,NA,NA,chr7:5374203,G:A,0,NA,5,AM015a-X3-Cell2/AM015a-X3-Cell/AM015a-X2/AM015a-X1/AM015a
AM015a-X3,DNAI4:chr1:66840555:C:T,DNAI4,NA,NA,NA,chr1:66840555,C:T,1,Shared,4,AM015a-X3-Cell2/AM015a-X3-Cell/AM015a-X2/AM015a-X3
AM015a-X3,SLC26A5:chr7:103410393:C:T,SLC26A5,NA,NA,NA,chr7:103410393,C:T,1,Shared,4,AM015a-X3-Cell2/AM015a-X3-Cell/AM015a-X2/AM015a-X3
AM015a-X3,UNC5C:chr4:95301653:C:T,UNC5C,NA,NA,NA,chr4:95301653,C:T,1,Shared,4,AM015a-X3-Cell2/AM015a-X3-Cell/AM015a-X2/AM015a-X3
AM015a-X3,TWIST1:chr7:19117120:T:A,TWIST1,NA,NA,NA,chr7:19117120,T:A,0,NA,4,AM015a-X3-Cell2/AM015a-X3-Cell/AM015a-X2/AM015a
AM015a-X3,UBE2V2:chr8:48049980:T:A,UBE2V2,NA,NA,NA,chr8:48049980,T:A,1,Shared,4,AM015a-X3-Cell2/AM015a-X3-Cell/AM015a-X1/AM015a-X3
AM015a-X3,ASAP1:chr8:130128021:-:GCACTCT,ASAP1,NA,NA,NA,chr8:130128021,-:GCACTCT,0,NA,3,AM015a-X3-Cell2/AM015a-X3-Cell/AM015a
AM015a-X3,KLHL11:chr17:41865332:-:GCC,KLHL11,NA,NA,NA,chr17:41865332,-:GCC,0,NA,3,AM015a-X3-Cell2/AM015a-X3-Cell/AM015a
AM015a-X3,TWIST1:chr7:19117123:CCGGCT:-,TWIST1,NA,NA,NA,chr7:19117123,CCGGCT:-,0,NA,3,AM015a-X3-Cell2/AM015a-X3-Cell/AM015a
AM015a-X3,ANKRD11:chr16:89305214:G:T,ANKRD11,NA,NA,NA,chr16:89305214,G:T,0,NA,2,AM015a-X3-Cell2/AM015a-X3-Cell
AM015a-X3,LRP2:chr2:169188174:C:T,LRP2,NA,NA,NA,chr2:169188174,C:T,0,NA,2,AM015a-X3-Cell2/AM015a-X3-Cell
AM015a-X3,TRPC4:chr13:37692043:G:C,TRPC4,NA,NA,NA,chr13:37692043,G:C,0,NA,2,AM015a-X3-Cell2/AM015a-X3-Cell
AM015a-X3,SLC14A1:chr18:45730309:G:A,SLC14A1,NA,NA,NA,chr18:45730309,G:A,1,Shared,5,AM015a-X3-Cell2/AM015a-X2/AM015a-X1/AM015a-X3/AM015a
AM015a-X3,SUCLA2:chr13:47996858:T:C,SUCLA2,NA,NA,NA,chr13:47996858,T:C,1,Shared,5,AM015a-X3-Cell2/AM015a-X2/AM015a-X1/AM015a-X3/AM015a
AM015a-X3,ACOT6:chr14:73619570:T:C,ACOT6,NA,NA,NA,chr14:73619570,T:C,0,NA,1,AM015a-X3-Cell2
AM015a-X3,AFF1:chr4:87084124:C:A,AFF1,fusion,AL,,chr4:87084124,C:A,0,NA,1,AM015a-X3-Cell2
AM015a-X3,AGPAT4:chr6:161154262:C:A,AGPAT4,NA,NA,NA,chr6:161154262,C:A,0,NA,1,AM015a-X3-Cell2
AM015a-X3,ANLN:chr7:36396297:A:C,ANLN,NA,NA,NA,chr7:36396297,A:C,0,NA,1,AM015a-X3-Cell2
AM015a-X3,ARSF:chrX:3089549:C:T,ARSF,NA,NA,NA,chrX:3089549,C:T,0,NA,1,AM015a-X3-Cell2
AM015a-X3,BRD9:chr5:886591:C:T,BRD9,NA,NA,NA,chr5:886591,C:T,0,NA,1,AM015a-X3-Cell2
AM015a-X3,BRINP1:chr9:119249040:C:T,BRINP1,NA,NA,NA,chr9:119249040,C:T,0,NA,1,AM015a-X3-Cell2
AM015a-X3,CD59:chr11:33710187:T:C,CD59,NA,NA,NA,chr11:33710187,T:C,0,NA,1,AM015a-X3-Cell2
AM015a-X3,COL10A1:chr6:116120444:G:A,COL10A1,NA,NA,NA,chr6:116120444,G:A,0,NA,1,AM015a-X3-Cell2
AM015a-X3,CPXM2:chr10:123780251:A:G,CPXM2,NA,NA,NA,chr10:123780251,A:G,0,NA,1,AM015a-X3-Cell2
AM015a-X3,DMRT2:chr9:1051918:G:T,DMRT2,NA,NA,NA,chr9:1051918,G:T,0,NA,1,AM015a-X3-Cell2
AM015a-X3,DMRT2:chr9:1051920:G:T,DMRT2,NA,NA,NA,chr9:1051920,G:T,0,NA,1,AM015a-X3-Cell2
AM015a-X3,DOCK2:chr5:169700112:C:A,DOCK2,NA,NA,NA,chr5:169700112,C:A,0,NA,1,AM015a-X3-Cell2
AM015a-X3,EDAR:chr2:108897147:A:G,EDAR,NA,NA,NA,chr2:108897147,A:G,0,NA,1,AM015a-X3-Cell2
AM015a-X3,FGF4:chr11:69773415:T:C,FGF4,NA,NA,NA,chr11:69773415,T:C,0,NA,1,AM015a-X3-Cell2
AM015a-X3,GABRB2:chr5:161330886:G:T,GABRB2,NA,NA,NA,chr5:161330886,G:T,0,NA,1,AM015a-X3-Cell2
AM015a-X3,LRRTM3:chr10:66927809:T:C,LRRTM3,NA,NA,NA,chr10:66927809,T:C,0,NA,1,AM015a-X3-Cell2
AM015a-X3,MARF1:chr16:15609726:C:A,MARF1,NA,NA,NA,chr16:15609726,C:A,0,NA,1,AM015a-X3-Cell2
AM015a-X3,MED22:chr9:133344321:C:A,MED22,NA,NA,NA,chr9:133344321,C:A,0,NA,1,AM015a-X3-Cell2
AM015a-X3,MYO1G:chr7:44970940:C:T,MYO1G,NA,NA,NA,chr7:44970940,C:T,0,NA,1,AM015a-X3-Cell2
AM015a-X3,NF1:chr17:31219076:C:T,NF1,"TSG, fusion",neurofibroma/glioma,neurofibroma/glioma,chr17:31219076,C:T,0,NA,1,AM015a-X3-Cell2
AM015a-X3,PCDHA5:chr5:140822339:G:A,PCDHA5,NA,NA,NA,chr5:140822339,G:A,0,NA,1,AM015a-X3-Cell2
AM015a-X3,SFPQ:chr1:35187999:AA:GG,SFPQ,"TSG, fusion",papillary renal,,chr1:35187999,AA:GG,0,NA,1,AM015a-X3-Cell2
AM015a-X3,SIPA1L3:chr19:38192226:G:T,SIPA1L3,NA,NA,NA,chr19:38192226,G:T,0,NA,1,AM015a-X3-Cell2
AM015a-X3,SLC22A16:chr6:110456752:C:G,SLC22A16,NA,NA,NA,chr6:110456752,C:G,0,NA,1,AM015a-X3-Cell2
AM015a-X3,SNX19:chr11:130910135:T:G,SNX19,NA,NA,NA,chr11:130910135,T:G,0,NA,1,AM015a-X3-Cell2
AM015a-X3,TENM3:chr4:182792672:T:A,TENM3,NA,NA,NA,chr4:182792672,T:A,0,NA,1,AM015a-X3-Cell2
AM015a-X3,TEP1:chr14:20386608:C:A,TEP1,NA,NA,NA,chr14:20386608,C:A,0,NA,1,AM015a-X3-Cell2
AM015a-X3,TTN:chr2:178571231:C:A,TTN,NA,NA,NA,chr2:178571231,C:A,0,NA,1,AM015a-X3-Cell2
AM015a-X3,VSIG2:chr11:124750855:G:C,VSIG2,NA,NA,NA,chr11:124750855,G:C,0,NA,1,AM015a-X3-Cell2
AM015a-X3,DAP:chr5:10680908:G:A,DAP,NA,NA,NA,chr5:10680908,G:A,1,Shared,5,AM015a-X3-Cell/AM015a-X2/AM015a-X1/AM015a-X3/AM015a
AM015a-X3,SFTPA1:chr10:79611992:C:T,SFTPA1,NA,NA,NA,chr10:79611992,C:T,0,NA,3,AM015a-X3-Cell/AM015a-X2/AM015a
AM015a-X3,AC245033.1:chr15:82538892:A:T,AC245033.1,NA,NA,NA,chr15:82538892,A:T,0,NA,1,AM015a-X3-Cell
AM015a-X3,ARPP21:chr3:35729443:C:A,ARPP21,NA,NA,NA,chr3:35729443,C:A,0,NA,1,AM015a-X3-Cell
AM015a-X3,CCDC18:chr1:93239851:T:G,CCDC18,NA,NA,NA,chr1:93239851,T:G,0,NA,1,AM015a-X3-Cell
AM015a-X3,CRACD:chr4:56313269:G:T,CRACD,NA,NA,NA,chr4:56313269,G:T,0,NA,1,AM015a-X3-Cell
AM015a-X3,DAB1:chr1:57011235:T:G,DAB1,NA,NA,NA,chr1:57011235,T:G,0,NA,1,AM015a-X3-Cell
AM015a-X3,DDX39A:chr19:14409399:C:A,DDX39A,NA,NA,NA,chr19:14409399,C:A,0,NA,1,AM015a-X3-Cell
AM015a-X3,DTX1:chr12:113077860:GCC:-,DTX1,NA,NA,NA,chr12:113077860,GCC:-,0,NA,1,AM015a-X3-Cell
AM015a-X3,EPN3:chr17:50541675:C:T,EPN3,NA,NA,NA,chr17:50541675,C:T,0,NA,1,AM015a-X3-Cell
AM015a-X3,FAM209A:chr20:56525809:G:T,FAM209A,NA,NA,NA,chr20:56525809,G:T,0,NA,1,AM015a-X3-Cell
AM015a-X3,FAM47C:chrX:37010988:G:T,FAM47C,,melanoma/clear cell sarcoma of soft parts/SCLC,,chrX:37010988,G:T,0,NA,1,AM015a-X3-Cell
AM015a-X3,LAMC3:chr9:131061197:G:T,LAMC3,NA,NA,NA,chr9:131061197,G:T,0,NA,1,AM015a-X3-Cell
AM015a-X3,MAPK10:chr4:86159371:C:T,MAPK10,NA,NA,NA,chr4:86159371,C:T,0,NA,1,AM015a-X3-Cell
AM015a-X3,MKRN1:chr7:140471916:T:G,MKRN1,NA,NA,NA,chr7:140471916,T:G,0,NA,1,AM015a-X3-Cell
AM015a-X3,MXRA8:chr1:1355606:G:A,MXRA8,NA,NA,NA,chr1:1355606,G:A,0,NA,1,AM015a-X3-Cell
AM015a-X3,MYO16:chr13:109141091:G:A,MYO16,NA,NA,NA,chr13:109141091,G:A,0,NA,1,AM015a-X3-Cell
AM015a-X3,MYOF:chr10:93310128:G:A,MYOF,NA,NA,NA,chr10:93310128,G:A,0,NA,1,AM015a-X3-Cell
AM015a-X3,OR4A5:chr11:54707622:C:T,OR4A5,NA,NA,NA,chr11:54707622,C:T,0,NA,1,AM015a-X3-Cell
AM015a-X3,OR4E2:chr14:21665817:G:A,OR4E2,NA,NA,NA,chr14:21665817,G:A,0,NA,1,AM015a-X3-Cell
AM015a-X3,PEG10:chr7:94664937:G:T,PEG10,NA,NA,NA,chr7:94664937,G:T,0,NA,1,AM015a-X3-Cell
AM015a-X3,POGLUT1:chr3:119486911:C:A,POGLUT1,NA,NA,NA,chr3:119486911,C:A,0,NA,1,AM015a-X3-Cell
AM015a-X3,PTPRC:chr1:198749493:G:C,PTPRC,TSG,T-ALL,,chr1:198749493,G:C,0,NA,1,AM015a-X3-Cell
AM015a-X3,RCAN2:chr6:46223281:C:A,RCAN2,NA,NA,NA,chr6:46223281,C:A,0,NA,1,AM015a-X3-Cell
AM015a-X3,RPS17:chr15:82538892:A:T,RPS17,NA,NA,NA,chr15:82538892,A:T,0,NA,1,AM015a-X3-Cell
AM015a-X3,SMARCC2:chr12:56173026:G:A,SMARCC2,NA,NA,NA,chr12:56173026,G:A,0,NA,1,AM015a-X3-Cell
AM015a-X3,TNS3:chr7:47368629:G:A,TNS3,NA,NA,NA,chr7:47368629,G:A,0,NA,1,AM015a-X3-Cell
AM015a-X3,TRPM4:chr19:49182581:TTCCATC:TT,TRPM4,NA,NA,NA,chr19:49182581,TTCCATC:TT,0,NA,1,AM015a-X3-Cell
AM015a-X3,TRPM4:chr19:49182589:C:T,TRPM4,NA,NA,NA,chr19:49182589,C:T,0,NA,1,AM015a-X3-Cell
AM015a-X3,TTN:chr2:178589624:G:A,TTN,NA,NA,NA,chr2:178589624,G:A,0,NA,1,AM015a-X3-Cell
AM015a-X3,XDH:chr2:31372390:G:T,XDH,NA,NA,NA,chr2:31372390,G:T,0,NA,1,AM015a-X3-Cell
AM015a-X3,PPP1CC:chr12:110722539:A:G,PPP1CC,NA,NA,NA,chr12:110722539,A:G,1,Shared,2,AM015a-X2/AM015a-X3
AM015a-X3,UBE2N:chr12:93411132:G:T,UBE2N,NA,NA,NA,chr12:93411132,G:T,1,Shared,2,AM015a-X2/AM015a-X3
AM015a-X3,UBE2N:chr12:93411204:A:G,UBE2N,NA,NA,NA,chr12:93411204,A:G,1,Shared,2,AM015a-X2/AM015a-X3
AM015a-X3,YTHDF2:chr1:28742705:G:A,YTHDF2,NA,NA,NA,chr1:28742705,G:A,1,Shared,2,AM015a-X2/AM015a-X3
AM015a-X3,YTHDF2:chr1:28742741:T:C,YTHDF2,NA,NA,NA,chr1:28742741,T:C,1,Shared,2,AM015a-X2/AM015a-X3
AM015a-X3,MDN1:chr6:89673310:C:G,MDN1,NA,NA,NA,chr6:89673310,C:G,0,NA,1,AM015a-X2
AM015a-X3,PICK1:chr22:38070878:T:G,PICK1,NA,NA,NA,chr22:38070878,T:G,0,NA,1,AM015a-X2
AM015a-X3,RBM26:chr13:79320663:A:G,RBM26,NA,NA,NA,chr13:79320663,A:G,0,NA,1,AM015a-X2
AM015a-X3,TAF4:chr20:62065663:C:G,TAF4,NA,NA,NA,chr20:62065663,C:G,0,NA,1,AM015a-X2
AM015a-X3,YTHDF2:chr1:28742642:C:T,YTHDF2,NA,NA,NA,chr1:28742642,C:T,0,NA,1,AM015a-X2
AM015a-X3,YTHDF2:chr1:28742729:T:C,YTHDF2,NA,NA,NA,chr1:28742729,T:C,0,NA,1,AM015a-X2
AM015a-X3,ARHGAP5:chr14:32090812:A:C,ARHGAP5,oncogene,colon cancer/glioma,,chr14:32090812,A:C,0,NA,2,AM015a-X1/AM015a
AM015a-X3,MGAM2:chr7:142166153:G:T,MGAM2,NA,NA,NA,chr7:142166153,G:T,0,NA,2,AM015a-X1/AM015a
AM015a-X3,SPEN:chr1:15932157:G:-,SPEN,TSG,SMZL/adenoid cystic carcinoma/DLBCL,,chr1:15932157,G:-,0,NA,2,AM015a-X1/AM015a
AM015a-X3,APOL1:chr22:36265563:C:A,APOL1,NA,NA,NA,chr22:36265563,C:A,0,NA,1,AM015a-X1
AM015a-X3,ARFGEF2:chr20:48991046:C:T,ARFGEF2,NA,NA,NA,chr20:48991046,C:T,0,NA,1,AM015a-X1
AM015a-X3,MED14:chrX:40682719:T:C,MED14,NA,NA,NA,chrX:40682719,T:C,0,NA,1,AM015a-X1
AM015a-X3,MEF2C:chr5:88731895:C:T,MEF2C,NA,NA,NA,chr5:88731895,C:T,0,NA,1,AM015a-X1
AM015a-X3,NR1I3:chr1:161232854:G:A,NR1I3,NA,NA,NA,chr1:161232854,G:A,0,NA,1,AM015a-X1
AM015a-X3,PHF12:chr17:28912936:C:T,PHF12,NA,NA,NA,chr17:28912936,C:T,0,NA,1,AM015a-X1
AM015a-X3,PIK3C2G:chr12:18505292:G:A,PIK3C2G,NA,NA,NA,chr12:18505292,G:A,0,NA,1,AM015a-X1
AM015a-X3,PNPLA7:chr9:137497285:A:T,PNPLA7,NA,NA,NA,chr9:137497285,A:T,0,NA,1,AM015a-X1
AM015a-X3,PTPN7:chr1:202150393:C:T,PTPN7,NA,NA,NA,chr1:202150393,C:T,0,NA,1,AM015a-X1
AM015a-X3,SETD1B:chr12:121822507:G:T,SETD1B,TSG,CRC/endometrium,,chr12:121822507,G:T,0,NA,1,AM015a-X1
AM015a-X3,UACA:chr15:70657112:C:A,UACA,NA,NA,NA,chr15:70657112,C:A,0,NA,1,AM015a-X1
AM015a-X3,SAMD1:chr19:14090112:C:G,SAMD1,NA,NA,NA,chr19:14090112,C:G,1,Private,1,AM015a-X3
AM015a-X3,TMEM161B:chr5:88205836:A:T,TMEM161B,NA,NA,NA,chr5:88205836,A:T,1,Private,1,AM015a-X3
AM015a-X3,VPS13C:chr15:61931212:G:C,VPS13C,NA,NA,NA,chr15:61931212,G:C,1,Private,1,AM015a-X3
AM015a,ACAP2:chr3:195285825:C:T,ACAP2,NA,NA,NA,chr3:195285825,C:T,1,Public,6,AM015a-X3-Cell2/AM015a-X3-Cell/AM015a-X2/AM015a-X1/AM015a-X3/AM015a
AM015a,ADAMTSL4:chr1:150557520:A:C,ADAMTSL4,NA,NA,NA,chr1:150557520,A:C,1,Public,6,AM015a-X3-Cell2/AM015a-X3-Cell/AM015a-X2/AM015a-X1/AM015a-X3/AM015a
AM015a,AJUBA:chr14:22981951:G:A,AJUBA,NA,NA,NA,chr14:22981951,G:A,1,Public,6,AM015a-X3-Cell2/AM015a-X3-Cell/AM015a-X2/AM015a-X1/AM015a-X3/AM015a
AM015a,ALKBH8:chr11:107504818:C:T,ALKBH8,NA,NA,NA,chr11:107504818,C:T,1,Public,6,AM015a-X3-Cell2/AM015a-X3-Cell/AM015a-X2/AM015a-X1/AM015a-X3/AM015a
AM015a,AQP11:chr11:77590288:A:G,AQP11,NA,NA,NA,chr11:77590288,A:G,1,Public,6,AM015a-X3-Cell2/AM015a-X3-Cell/AM015a-X2/AM015a-X1/AM015a-X3/AM015a
AM015a,ARHGEF12:chr11:120473097:G:C,ARHGEF12,"TSG, fusion",AML,,chr11:120473097,G:C,1,Public,6,AM015a-X3-Cell2/AM015a-X3-Cell/AM015a-X2/AM015a-X1/AM015a-X3/AM015a
AM015a,AXIN2:chr17:65541496:T:C,AXIN2,TSG,colorectal carcinoma/stomach carcinoma/hepatocellular carcinoma,colorectal carcinoma,chr17:65541496,T:C,1,Public,6,AM015a-X3-Cell2/AM015a-X3-Cell/AM015a-X2/AM015a-X1/AM015a-X3/AM015a
AM015a,BCL11B:chr14:99175069:G:A,BCL11B,"oncogene, TSG, fusion",T-ALL,,chr14:99175069,G:A,1,Public,6,AM015a-X3-Cell2/AM015a-X3-Cell/AM015a-X2/AM015a-X1/AM015a-X3/AM015a
AM015a,BLK:chr8:11563049:C:T,BLK,NA,NA,NA,chr8:11563049,C:T,1,Public,6,AM015a-X3-Cell2/AM015a-X3-Cell/AM015a-X2/AM015a-X1/AM015a-X3/AM015a
AM015a,BRWD1:chr21:39270325:T:C,BRWD1,NA,NA,NA,chr21:39270325,T:C,1,Public,6,AM015a-X3-Cell2/AM015a-X3-Cell/AM015a-X2/AM015a-X1/AM015a-X3/AM015a
AM015a,CCDC159:chr19:11352114:C:T,CCDC159,NA,NA,NA,chr19:11352114,C:T,1,Public,6,AM015a-X3-Cell2/AM015a-X3-Cell/AM015a-X2/AM015a-X1/AM015a-X3/AM015a
AM015a,CCT6A:chr7:56059641:G:C,CCT6A,NA,NA,NA,chr7:56059641,G:C,1,Public,6,AM015a-X3-Cell2/AM015a-X3-Cell/AM015a-X2/AM015a-X1/AM015a-X3/AM015a
AM015a,CD1C:chr1:158291245:G:T,CD1C,NA,NA,NA,chr1:158291245,G:T,1,Public,6,AM015a-X3-Cell2/AM015a-X3-Cell/AM015a-X2/AM015a-X1/AM015a-X3/AM015a
AM015a,CEACAM5:chr19:41715698:C:T,CEACAM5,NA,NA,NA,chr19:41715698,C:T,1,Public,6,AM015a-X3-Cell2/AM015a-X3-Cell/AM015a-X2/AM015a-X1/AM015a-X3/AM015a
AM015a,CEP170:chr1:243191056:A:C,CEP170,NA,NA,NA,chr1:243191056,A:C,1,Public,6,AM015a-X3-Cell2/AM015a-X3-Cell/AM015a-X2/AM015a-X1/AM015a-X3/AM015a
AM015a,CEP350:chr1:180020839:G:T,CEP350,NA,NA,NA,chr1:180020839,G:T,1,Public,6,AM015a-X3-Cell2/AM015a-X3-Cell/AM015a-X2/AM015a-X1/AM015a-X3/AM015a
AM015a,CORO7-PAM16:chr16:4364333:G:A,CORO7-PAM16,NA,NA,NA,chr16:4364333,G:A,1,Public,6,AM015a-X3-Cell2/AM015a-X3-Cell/AM015a-X2/AM015a-X1/AM015a-X3/AM015a
AM015a,CORO7:chr16:4364333:G:A,CORO7,NA,NA,NA,chr16:4364333,G:A,1,Public,6,AM015a-X3-Cell2/AM015a-X3-Cell/AM015a-X2/AM015a-X1/AM015a-X3/AM015a
AM015a,CTNNB1:chr3:41224645:T:C,CTNNB1,"oncogene, fusion",colorectal/ovarian/ hepatoblastoma/pleomorphic salivary gland adenoma/other tumour types,,chr3:41224645,T:C,1,Public,6,AM015a-X3-Cell2/AM015a-X3-Cell/AM015a-X2/AM015a-X1/AM015a-X3/AM015a
AM015a,DAP:chr5:10680756:G:A,DAP,NA,NA,NA,chr5:10680756,G:A,1,Public,6,AM015a-X3-Cell2/AM015a-X3-Cell/AM015a-X2/AM015a-X1/AM015a-X3/AM015a
AM015a,DAP:chr5:10680884:G:A,DAP,NA,NA,NA,chr5:10680884,G:A,1,Public,6,AM015a-X3-Cell2/AM015a-X3-Cell/AM015a-X2/AM015a-X1/AM015a-X3/AM015a
AM015a,DAP:chr5:10680924:G:A,DAP,NA,NA,NA,chr5:10680924,G:A,1,Public,6,AM015a-X3-Cell2/AM015a-X3-Cell/AM015a-X2/AM015a-X1/AM015a-X3/AM015a
AM015a,DAPK1:chr9:87646506:C:T,DAPK1,NA,NA,NA,chr9:87646506,C:T,1,Public,6,AM015a-X3-Cell2/AM015a-X3-Cell/AM015a-X2/AM015a-X1/AM015a-X3/AM015a
AM015a,DENND5A:chr11:9141965:G:A,DENND5A,NA,NA,NA,chr11:9141965,G:A,1,Public,6,AM015a-X3-Cell2/AM015a-X3-Cell/AM015a-X2/AM015a-X1/AM015a-X3/AM015a
AM015a,DNAH10:chr12:123853275:G:A,DNAH10,NA,NA,NA,chr12:123853275,G:A,1,Public,6,AM015a-X3-Cell2/AM015a-X3-Cell/AM015a-X2/AM015a-X1/AM015a-X3/AM015a
AM015a,DSN1:chr20:36762471:C:T,DSN1,NA,NA,NA,chr20:36762471,C:T,1,Public,6,AM015a-X3-Cell2/AM015a-X3-Cell/AM015a-X2/AM015a-X1/AM015a-X3/AM015a
AM015a,DVL3:chr3:184170649:C:T,DVL3,NA,NA,NA,chr3:184170649,C:T,1,Public,6,AM015a-X3-Cell2/AM015a-X3-Cell/AM015a-X2/AM015a-X1/AM015a-X3/AM015a
AM015a,ELP2:chr18:36154909:C:A,ELP2,NA,NA,NA,chr18:36154909,C:A,1,Public,6,AM015a-X3-Cell2/AM015a-X3-Cell/AM015a-X2/AM015a-X1/AM015a-X3/AM015a
AM015a,FRY:chr13:32224240:C:T,FRY,NA,NA,NA,chr13:32224240,C:T,1,Public,6,AM015a-X3-Cell2/AM015a-X3-Cell/AM015a-X2/AM015a-X1/AM015a-X3/AM015a
AM015a,GABBR2:chr9:98306269:A:G,GABBR2,NA,NA,NA,chr9:98306269,A:G,1,Public,6,AM015a-X3-Cell2/AM015a-X3-Cell/AM015a-X2/AM015a-X1/AM015a-X3/AM015a
AM015a,GALNT18:chr11:11379185:G:A,GALNT18,NA,NA,NA,chr11:11379185,G:A,1,Public,6,AM015a-X3-Cell2/AM015a-X3-Cell/AM015a-X2/AM015a-X1/AM015a-X3/AM015a
AM015a,GAPVD1:chr9:125298952:C:T,GAPVD1,NA,NA,NA,chr9:125298952,C:T,1,Public,6,AM015a-X3-Cell2/AM015a-X3-Cell/AM015a-X2/AM015a-X1/AM015a-X3/AM015a
AM015a,GLT8D1:chr3:52697887:G:A,GLT8D1,NA,NA,NA,chr3:52697887,G:A,1,Public,6,AM015a-X3-Cell2/AM015a-X3-Cell/AM015a-X2/AM015a-X1/AM015a-X3/AM015a
AM015a,GNL1:chr6:30547403:-:A,GNL1,NA,NA,NA,chr6:30547403,-:A,1,Public,6,AM015a-X3-Cell2/AM015a-X3-Cell/AM015a-X2/AM015a-X1/AM015a-X3/AM015a
AM015a,GNL1:chr6:30547425:A:G,GNL1,NA,NA,NA,chr6:30547425,A:G,1,Public,6,AM015a-X3-Cell2/AM015a-X3-Cell/AM015a-X2/AM015a-X1/AM015a-X3/AM015a
AM015a,H2BC10:chr6:26273265:C:T,H2BC10,NA,NA,NA,chr6:26273265,C:T,1,Public,6,AM015a-X3-Cell2/AM015a-X3-Cell/AM015a-X2/AM015a-X1/AM015a-X3/AM015a
AM015a,HDLBP:chr2:241230890:C:T,HDLBP,NA,NA,NA,chr2:241230890,C:T,1,Public,6,AM015a-X3-Cell2/AM015a-X3-Cell/AM015a-X2/AM015a-X1/AM015a-X3/AM015a
AM015a,HEPHL1:chr11:94088916:C:T,HEPHL1,NA,NA,NA,chr11:94088916,C:T,1,Public,6,AM015a-X3-Cell2/AM015a-X3-Cell/AM015a-X2/AM015a-X1/AM015a-X3/AM015a
AM015a,IFIT2:chr10:89306959:C:T,IFIT2,NA,NA,NA,chr10:89306959,C:T,1,Public,6,AM015a-X3-Cell2/AM015a-X3-Cell/AM015a-X2/AM015a-X1/AM015a-X3/AM015a
AM015a,IRF2BPL:chr14:77025781:C:T,IRF2BPL,NA,NA,NA,chr14:77025781,C:T,1,Public,6,AM015a-X3-Cell2/AM015a-X3-Cell/AM015a-X2/AM015a-X1/AM015a-X3/AM015a
AM015a,ITGA3:chr17:50089140:C:T,ITGA3,NA,NA,NA,chr17:50089140,C:T,1,Public,6,AM015a-X3-Cell2/AM015a-X3-Cell/AM015a-X2/AM015a-X1/AM015a-X3/AM015a
AM015a,JAKMIP3:chr10:132104900:A:G,JAKMIP3,NA,NA,NA,chr10:132104900,A:G,1,Public,6,AM015a-X3-Cell2/AM015a-X3-Cell/AM015a-X2/AM015a-X1/AM015a-X3/AM015a
AM015a,KCNA5:chr12:5045933:T:C,KCNA5,NA,NA,NA,chr12:5045933,T:C,1,Public,6,AM015a-X3-Cell2/AM015a-X3-Cell/AM015a-X2/AM015a-X1/AM015a-X3/AM015a
AM015a,KCNK9:chr8:139618629:C:T,KCNK9,NA,NA,NA,chr8:139618629,C:T,1,Public,6,AM015a-X3-Cell2/AM015a-X3-Cell/AM015a-X2/AM015a-X1/AM015a-X3/AM015a
AM015a,KCTD3:chr1:215620302:C:T,KCTD3,NA,NA,NA,chr1:215620302,C:T,1,Public,6,AM015a-X3-Cell2/AM015a-X3-Cell/AM015a-X2/AM015a-X1/AM015a-X3/AM015a
AM015a,KIT:chr4:54727495:T:C,KIT,oncogene,GIST/AML/TGCT/mastocytosis/mucosal melanoma,GIST/epithelioma,chr4:54727495,T:C,1,Public,6,AM015a-X3-Cell2/AM015a-X3-Cell/AM015a-X2/AM015a-X1/AM015a-X3/AM015a
AM015a,KRT27:chr17:40782224:G:T,KRT27,NA,NA,NA,chr17:40782224,G:T,1,Public,6,AM015a-X3-Cell2/AM015a-X3-Cell/AM015a-X2/AM015a-X1/AM015a-X3/AM015a
AM015a,LRTM1:chr3:54925004:C:A,LRTM1,NA,NA,NA,chr3:54925004,C:A,1,Public,6,AM015a-X3-Cell2/AM015a-X3-Cell/AM015a-X2/AM015a-X1/AM015a-X3/AM015a
AM015a,MAN1C1:chr1:25778154:T:C,MAN1C1,NA,NA,NA,chr1:25778154,T:C,1,Public,6,AM015a-X3-Cell2/AM015a-X3-Cell/AM015a-X2/AM015a-X1/AM015a-X3/AM015a
AM015a,MAPKAPK3:chr3:50617648:-:G,MAPKAPK3,NA,NA,NA,chr3:50617648,-:G,1,Public,6,AM015a-X3-Cell2/AM015a-X3-Cell/AM015a-X2/AM015a-X1/AM015a-X3/AM015a
AM015a,MGP:chr12:14884228:C:T,MGP,NA,NA,NA,chr12:14884228,C:T,1,Public,6,AM015a-X3-Cell2/AM015a-X3-Cell/AM015a-X2/AM015a-X1/AM015a-X3/AM015a
AM015a,MMP2:chr16:55484117:G:A,MMP2,NA,NA,NA,chr16:55484117,G:A,1,Public,6,AM015a-X3-Cell2/AM015a-X3-Cell/AM015a-X2/AM015a-X1/AM015a-X3/AM015a
AM015a,MYO10:chr5:16762044:C:G,MYO10,NA,NA,NA,chr5:16762044,C:G,1,Public,6,AM015a-X3-Cell2/AM015a-X3-Cell/AM015a-X2/AM015a-X1/AM015a-X3/AM015a
AM015a,MYO9B:chr19:17172763:T:C,MYO9B,NA,NA,NA,chr19:17172763,T:C,1,Public,6,AM015a-X3-Cell2/AM015a-X3-Cell/AM015a-X2/AM015a-X1/AM015a-X3/AM015a
AM015a,MZT1:chr13:72719065:C:T,MZT1,NA,NA,NA,chr13:72719065,C:T,1,Public,6,AM015a-X3-Cell2/AM015a-X3-Cell/AM015a-X2/AM015a-X1/AM015a-X3/AM015a
AM015a,NXF3:chrX:103077648:G:A,NXF3,NA,NA,NA,chrX:103077648,G:A,1,Public,6,AM015a-X3-Cell2/AM015a-X3-Cell/AM015a-X2/AM015a-X1/AM015a-X3/AM015a
AM015a,OR52D1:chr11:5489629:T:A,OR52D1,NA,NA,NA,chr11:5489629,T:A,1,Public,6,AM015a-X3-Cell2/AM015a-X3-Cell/AM015a-X2/AM015a-X1/AM015a-X3/AM015a
AM015a,OR7E24:chr19:9251483:C:T,OR7E24,NA,NA,NA,chr19:9251483,C:T,1,Public,6,AM015a-X3-Cell2/AM015a-X3-Cell/AM015a-X2/AM015a-X1/AM015a-X3/AM015a
AM015a,PCLO:chr7:82953870:AA:-,PCLO,NA,NA,NA,chr7:82953870,AA:-,1,Public,6,AM015a-X3-Cell2/AM015a-X3-Cell/AM015a-X2/AM015a-X1/AM015a-X3/AM015a
AM015a,PHF20L1:chr8:132816943:A:T,PHF20L1,NA,NA,NA,chr8:132816943,A:T,1,Public,6,AM015a-X3-Cell2/AM015a-X3-Cell/AM015a-X2/AM015a-X1/AM015a-X3/AM015a
AM015a,PLEKHA6:chr1:204257862:T:C,PLEKHA6,NA,NA,NA,chr1:204257862,T:C,1,Public,6,AM015a-X3-Cell2/AM015a-X3-Cell/AM015a-X2/AM015a-X1/AM015a-X3/AM015a
AM015a,POM121L2:chr6:27309929:G:A,POM121L2,NA,NA,NA,chr6:27309929,G:A,1,Public,6,AM015a-X3-Cell2/AM015a-X3-Cell/AM015a-X2/AM015a-X1/AM015a-X3/AM015a
AM015a,PTPN11:chr12:112489106:G:C,PTPN11,oncogene,JMML/AML/MDS,,chr12:112489106,G:C,1,Public,6,AM015a-X3-Cell2/AM015a-X3-Cell/AM015a-X2/AM015a-X1/AM015a-X3/AM015a
AM015a,RADX:chrX:106639602:T:A,RADX,NA,NA,NA,chrX:106639602,T:A,1,Public,6,AM015a-X3-Cell2/AM015a-X3-Cell/AM015a-X2/AM015a-X1/AM015a-X3/AM015a
AM015a,RFC1:chr4:39303067:C:A,RFC1,NA,NA,NA,chr4:39303067,C:A,1,Public,6,AM015a-X3-Cell2/AM015a-X3-Cell/AM015a-X2/AM015a-X1/AM015a-X3/AM015a
AM015a,RNPC3:chr1:103546977:G:C,RNPC3,NA,NA,NA,chr1:103546977,G:C,1,Public,6,AM015a-X3-Cell2/AM015a-X3-Cell/AM015a-X2/AM015a-X1/AM015a-X3/AM015a
AM015a,ROBO3:chr11:124873041:C:T,ROBO3,NA,NA,NA,chr11:124873041,C:T,1,Public,6,AM015a-X3-Cell2/AM015a-X3-Cell/AM015a-X2/AM015a-X1/AM015a-X3/AM015a
AM015a,RP1:chr8:54622190:G:A,RP1,NA,NA,NA,chr8:54622190,G:A,1,Public,6,AM015a-X3-Cell2/AM015a-X3-Cell/AM015a-X2/AM015a-X1/AM015a-X3/AM015a
AM015a,SCN11A:chr3:38904075:G:A,SCN11A,NA,NA,NA,chr3:38904075,G:A,1,Public,6,AM015a-X3-Cell2/AM015a-X3-Cell/AM015a-X2/AM015a-X1/AM015a-X3/AM015a
AM015a,SEPTIN3:chr22:41989662:A:G,SEPTIN3,NA,NA,NA,chr22:41989662,A:G,1,Public,6,AM015a-X3-Cell2/AM015a-X3-Cell/AM015a-X2/AM015a-X1/AM015a-X3/AM015a
AM015a,SFTPA2:chr10:79559317:G:A,SFTPA2,NA,NA,NA,chr10:79559317,G:A,1,Public,6,AM015a-X3-Cell2/AM015a-X3-Cell/AM015a-X2/AM015a-X1/AM015a-X3/AM015a
AM015a,SGPP2:chr2:222558371:A:C,SGPP2,NA,NA,NA,chr2:222558371,A:C,1,Public,6,AM015a-X3-Cell2/AM015a-X3-Cell/AM015a-X2/AM015a-X1/AM015a-X3/AM015a
AM015a,SH3TC1:chr4:8205207:C:G,SH3TC1,NA,NA,NA,chr4:8205207,C:G,1,Public,6,AM015a-X3-Cell2/AM015a-X3-Cell/AM015a-X2/AM015a-X1/AM015a-X3/AM015a
AM015a,SLC16A14:chr2:230046345:C:T,SLC16A14,NA,NA,NA,chr2:230046345,C:T,1,Public,6,AM015a-X3-Cell2/AM015a-X3-Cell/AM015a-X2/AM015a-X1/AM015a-X3/AM015a
AM015a,SLC7A7:chr14:22780010:T:C,SLC7A7,NA,NA,NA,chr14:22780010,T:C,1,Public,6,AM015a-X3-Cell2/AM015a-X3-Cell/AM015a-X2/AM015a-X1/AM015a-X3/AM015a
AM015a,SLC9A3:chr5:488471:G:A,SLC9A3,NA,NA,NA,chr5:488471,G:A,1,Public,6,AM015a-X3-Cell2/AM015a-X3-Cell/AM015a-X2/AM015a-X1/AM015a-X3/AM015a
AM015a,SOWAHA:chr5:132813809:A:G,SOWAHA,NA,NA,NA,chr5:132813809,A:G,1,Public,6,AM015a-X3-Cell2/AM015a-X3-Cell/AM015a-X2/AM015a-X1/AM015a-X3/AM015a
AM015a,SPANXB1:chrX:141003529:G:A,SPANXB1,NA,NA,NA,chrX:141003529,G:A,1,Public,6,AM015a-X3-Cell2/AM015a-X3-Cell/AM015a-X2/AM015a-X1/AM015a-X3/AM015a
AM015a,SPATS1:chr6:44368496:C:T,SPATS1,NA,NA,NA,chr6:44368496,C:T,1,Public,6,AM015a-X3-Cell2/AM015a-X3-Cell/AM015a-X2/AM015a-X1/AM015a-X3/AM015a
AM015a,SYNGAP1:chr6:33441241:A:C,SYNGAP1,NA,NA,NA,chr6:33441241,A:C,1,Public,6,AM015a-X3-Cell2/AM015a-X3-Cell/AM015a-X2/AM015a-X1/AM015a-X3/AM015a
AM015a,TAS2R46:chr12:11062229:A:T,TAS2R46,NA,NA,NA,chr12:11062229,A:T,1,Public,6,AM015a-X3-Cell2/AM015a-X3-Cell/AM015a-X2/AM015a-X1/AM015a-X3/AM015a
AM015a,TCTEX1D1:chr1:66777309:T:C,TCTEX1D1,NA,NA,NA,chr1:66777309,T:C,1,Public,6,AM015a-X3-Cell2/AM015a-X3-Cell/AM015a-X2/AM015a-X1/AM015a-X3/AM015a
AM015a,TMC6:chr17:78126310:G:T,TMC6,NA,NA,NA,chr17:78126310,G:T,1,Public,6,AM015a-X3-Cell2/AM015a-X3-Cell/AM015a-X2/AM015a-X1/AM015a-X3/AM015a
AM015a,TNKS:chr8:9555964:C:T,TNKS,NA,NA,NA,chr8:9555964,C:T,1,Public,6,AM015a-X3-Cell2/AM015a-X3-Cell/AM015a-X2/AM015a-X1/AM015a-X3/AM015a
AM015a,TNRC18:chr7:5374214:G:A,TNRC18,NA,NA,NA,chr7:5374214,G:A,1,Public,6,AM015a-X3-Cell2/AM015a-X3-Cell/AM015a-X2/AM015a-X1/AM015a-X3/AM015a
AM015a,TNRC18:chr7:5374266:G:A,TNRC18,NA,NA,NA,chr7:5374266,G:A,1,Public,6,AM015a-X3-Cell2/AM015a-X3-Cell/AM015a-X2/AM015a-X1/AM015a-X3/AM015a
AM015a,TNRC18:chr7:5374287:G:A,TNRC18,NA,NA,NA,chr7:5374287,G:A,1,Public,6,AM015a-X3-Cell2/AM015a-X3-Cell/AM015a-X2/AM015a-X1/AM015a-X3/AM015a
AM015a,TTN:chr2:178620579:C:T,TTN,NA,NA,NA,chr2:178620579,C:T,1,Public,6,AM015a-X3-Cell2/AM015a-X3-Cell/AM015a-X2/AM015a-X1/AM015a-X3/AM015a
AM015a,TUBGCP5:chr15:23022100:C:T,TUBGCP5,NA,NA,NA,chr15:23022100,C:T,1,Public,6,AM015a-X3-Cell2/AM015a-X3-Cell/AM015a-X2/AM015a-X1/AM015a-X3/AM015a
AM015a,TUT4:chr1:52446376:G:A,TUT4,NA,NA,NA,chr1:52446376,G:A,1,Public,6,AM015a-X3-Cell2/AM015a-X3-Cell/AM015a-X2/AM015a-X1/AM015a-X3/AM015a
AM015a,TWNK:chr10:100989136:G:A,TWNK,NA,NA,NA,chr10:100989136,G:A,1,Public,6,AM015a-X3-Cell2/AM015a-X3-Cell/AM015a-X2/AM015a-X1/AM015a-X3/AM015a
AM015a,TYK2:chr19:10359256:C:A,TYK2,NA,NA,NA,chr19:10359256,C:A,1,Public,6,AM015a-X3-Cell2/AM015a-X3-Cell/AM015a-X2/AM015a-X1/AM015a-X3/AM015a
AM015a,VCAM1:chr1:100731334:G:A,VCAM1,NA,NA,NA,chr1:100731334,G:A,1,Public,6,AM015a-X3-Cell2/AM015a-X3-Cell/AM015a-X2/AM015a-X1/AM015a-X3/AM015a
AM015a,WIPI2:chr7:5217986:G:T,WIPI2,NA,NA,NA,chr7:5217986,G:T,1,Public,6,AM015a-X3-Cell2/AM015a-X3-Cell/AM015a-X2/AM015a-X1/AM015a-X3/AM015a
AM015a,WNK1:chr12:885847:A:G,WNK1,NA,NA,NA,chr12:885847,A:G,1,Public,6,AM015a-X3-Cell2/AM015a-X3-Cell/AM015a-X2/AM015a-X1/AM015a-X3/AM015a
AM015a,XDH:chr2:31366033:C:G,XDH,NA,NA,NA,chr2:31366033,C:G,1,Public,6,AM015a-X3-Cell2/AM015a-X3-Cell/AM015a-X2/AM015a-X1/AM015a-X3/AM015a
AM015a,ZNF225:chr19:44132440:C:T,ZNF225,NA,NA,NA,chr19:44132440,C:T,1,Public,6,AM015a-X3-Cell2/AM015a-X3-Cell/AM015a-X2/AM015a-X1/AM015a-X3/AM015a
AM015a,ZNF510:chr9:96776040:A:T,ZNF510,NA,NA,NA,chr9:96776040,A:T,1,Public,6,AM015a-X3-Cell2/AM015a-X3-Cell/AM015a-X2/AM015a-X1/AM015a-X3/AM015a
AM015a,ZUP1:chr6:116651659:-:C,ZUP1,NA,NA,NA,chr6:116651659,-:C,1,Public,6,AM015a-X3-Cell2/AM015a-X3-Cell/AM015a-X2/AM015a-X1/AM015a-X3/AM015a
AM015a,ZZEF1:chr17:4056226:T:A,ZZEF1,NA,NA,NA,chr17:4056226,T:A,1,Public,6,AM015a-X3-Cell2/AM015a-X3-Cell/AM015a-X2/AM015a-X1/AM015a-X3/AM015a
AM015a,PPP4R4:chr14:94265884:C:G,PPP4R4,NA,NA,NA,chr14:94265884,C:G,0,NA,5,AM015a-X3-Cell2/AM015a-X3-Cell/AM015a-X2/AM015a-X1/AM015a-X3
AM015a,TNRC18:chr7:5374203:G:A,TNRC18,NA,NA,NA,chr7:5374203,G:A,1,Shared,5,AM015a-X3-Cell2/AM015a-X3-Cell/AM015a-X2/AM015a-X1/AM015a
AM015a,DNAI4:chr1:66840555:C:T,DNAI4,NA,NA,NA,chr1:66840555,C:T,0,NA,4,AM015a-X3-Cell2/AM015a-X3-Cell/AM015a-X2/AM015a-X3
AM015a,SLC26A5:chr7:103410393:C:T,SLC26A5,NA,NA,NA,chr7:103410393,C:T,0,NA,4,AM015a-X3-Cell2/AM015a-X3-Cell/AM015a-X2/AM015a-X3
AM015a,UNC5C:chr4:95301653:C:T,UNC5C,NA,NA,NA,chr4:95301653,C:T,0,NA,4,AM015a-X3-Cell2/AM015a-X3-Cell/AM015a-X2/AM015a-X3
AM015a,TWIST1:chr7:19117120:T:A,TWIST1,NA,NA,NA,chr7:19117120,T:A,1,Shared,4,AM015a-X3-Cell2/AM015a-X3-Cell/AM015a-X2/AM015a
AM015a,UBE2V2:chr8:48049980:T:A,UBE2V2,NA,NA,NA,chr8:48049980,T:A,0,NA,4,AM015a-X3-Cell2/AM015a-X3-Cell/AM015a-X1/AM015a-X3
AM015a,ASAP1:chr8:130128021:-:GCACTCT,ASAP1,NA,NA,NA,chr8:130128021,-:GCACTCT,1,Shared,3,AM015a-X3-Cell2/AM015a-X3-Cell/AM015a
AM015a,KLHL11:chr17:41865332:-:GCC,KLHL11,NA,NA,NA,chr17:41865332,-:GCC,1,Shared,3,AM015a-X3-Cell2/AM015a-X3-Cell/AM015a
AM015a,TWIST1:chr7:19117123:CCGGCT:-,TWIST1,NA,NA,NA,chr7:19117123,CCGGCT:-,1,Shared,3,AM015a-X3-Cell2/AM015a-X3-Cell/AM015a
AM015a,ANKRD11:chr16:89305214:G:T,ANKRD11,NA,NA,NA,chr16:89305214,G:T,0,NA,2,AM015a-X3-Cell2/AM015a-X3-Cell
AM015a,LRP2:chr2:169188174:C:T,LRP2,NA,NA,NA,chr2:169188174,C:T,0,NA,2,AM015a-X3-Cell2/AM015a-X3-Cell
AM015a,TRPC4:chr13:37692043:G:C,TRPC4,NA,NA,NA,chr13:37692043,G:C,0,NA,2,AM015a-X3-Cell2/AM015a-X3-Cell
AM015a,SLC14A1:chr18:45730309:G:A,SLC14A1,NA,NA,NA,chr18:45730309,G:A,1,Shared,5,AM015a-X3-Cell2/AM015a-X2/AM015a-X1/AM015a-X3/AM015a
AM015a,SUCLA2:chr13:47996858:T:C,SUCLA2,NA,NA,NA,chr13:47996858,T:C,1,Shared,5,AM015a-X3-Cell2/AM015a-X2/AM015a-X1/AM015a-X3/AM015a
AM015a,ACOT6:chr14:73619570:T:C,ACOT6,NA,NA,NA,chr14:73619570,T:C,0,NA,1,AM015a-X3-Cell2
AM015a,AFF1:chr4:87084124:C:A,AFF1,fusion,AL,,chr4:87084124,C:A,0,NA,1,AM015a-X3-Cell2
AM015a,AGPAT4:chr6:161154262:C:A,AGPAT4,NA,NA,NA,chr6:161154262,C:A,0,NA,1,AM015a-X3-Cell2
AM015a,ANLN:chr7:36396297:A:C,ANLN,NA,NA,NA,chr7:36396297,A:C,0,NA,1,AM015a-X3-Cell2
AM015a,ARSF:chrX:3089549:C:T,ARSF,NA,NA,NA,chrX:3089549,C:T,0,NA,1,AM015a-X3-Cell2
AM015a,BRD9:chr5:886591:C:T,BRD9,NA,NA,NA,chr5:886591,C:T,0,NA,1,AM015a-X3-Cell2
AM015a,BRINP1:chr9:119249040:C:T,BRINP1,NA,NA,NA,chr9:119249040,C:T,0,NA,1,AM015a-X3-Cell2
AM015a,CD59:chr11:33710187:T:C,CD59,NA,NA,NA,chr11:33710187,T:C,0,NA,1,AM015a-X3-Cell2
AM015a,COL10A1:chr6:116120444:G:A,COL10A1,NA,NA,NA,chr6:116120444,G:A,0,NA,1,AM015a-X3-Cell2
AM015a,CPXM2:chr10:123780251:A:G,CPXM2,NA,NA,NA,chr10:123780251,A:G,0,NA,1,AM015a-X3-Cell2
AM015a,DMRT2:chr9:1051918:G:T,DMRT2,NA,NA,NA,chr9:1051918,G:T,0,NA,1,AM015a-X3-Cell2
AM015a,DMRT2:chr9:1051920:G:T,DMRT2,NA,NA,NA,chr9:1051920,G:T,0,NA,1,AM015a-X3-Cell2
AM015a,DOCK2:chr5:169700112:C:A,DOCK2,NA,NA,NA,chr5:169700112,C:A,0,NA,1,AM015a-X3-Cell2
AM015a,EDAR:chr2:108897147:A:G,EDAR,NA,NA,NA,chr2:108897147,A:G,0,NA,1,AM015a-X3-Cell2
AM015a,FGF4:chr11:69773415:T:C,FGF4,NA,NA,NA,chr11:69773415,T:C,0,NA,1,AM015a-X3-Cell2
AM015a,GABRB2:chr5:161330886:G:T,GABRB2,NA,NA,NA,chr5:161330886,G:T,0,NA,1,AM015a-X3-Cell2
AM015a,LRRTM3:chr10:66927809:T:C,LRRTM3,NA,NA,NA,chr10:66927809,T:C,0,NA,1,AM015a-X3-Cell2
AM015a,MARF1:chr16:15609726:C:A,MARF1,NA,NA,NA,chr16:15609726,C:A,0,NA,1,AM015a-X3-Cell2
AM015a,MED22:chr9:133344321:C:A,MED22,NA,NA,NA,chr9:133344321,C:A,0,NA,1,AM015a-X3-Cell2
AM015a,MYO1G:chr7:44970940:C:T,MYO1G,NA,NA,NA,chr7:44970940,C:T,0,NA,1,AM015a-X3-Cell2
AM015a,NF1:chr17:31219076:C:T,NF1,"TSG, fusion",neurofibroma/glioma,neurofibroma/glioma,chr17:31219076,C:T,0,NA,1,AM015a-X3-Cell2
AM015a,PCDHA5:chr5:140822339:G:A,PCDHA5,NA,NA,NA,chr5:140822339,G:A,0,NA,1,AM015a-X3-Cell2
AM015a,SFPQ:chr1:35187999:AA:GG,SFPQ,"TSG, fusion",papillary renal,,chr1:35187999,AA:GG,0,NA,1,AM015a-X3-Cell2
AM015a,SIPA1L3:chr19:38192226:G:T,SIPA1L3,NA,NA,NA,chr19:38192226,G:T,0,NA,1,AM015a-X3-Cell2
AM015a,SLC22A16:chr6:110456752:C:G,SLC22A16,NA,NA,NA,chr6:110456752,C:G,0,NA,1,AM015a-X3-Cell2
AM015a,SNX19:chr11:130910135:T:G,SNX19,NA,NA,NA,chr11:130910135,T:G,0,NA,1,AM015a-X3-Cell2
AM015a,TENM3:chr4:182792672:T:A,TENM3,NA,NA,NA,chr4:182792672,T:A,0,NA,1,AM015a-X3-Cell2
AM015a,TEP1:chr14:20386608:C:A,TEP1,NA,NA,NA,chr14:20386608,C:A,0,NA,1,AM015a-X3-Cell2
AM015a,TTN:chr2:178571231:C:A,TTN,NA,NA,NA,chr2:178571231,C:A,0,NA,1,AM015a-X3-Cell2
AM015a,VSIG2:chr11:124750855:G:C,VSIG2,NA,NA,NA,chr11:124750855,G:C,0,NA,1,AM015a-X3-Cell2
AM015a,DAP:chr5:10680908:G:A,DAP,NA,NA,NA,chr5:10680908,G:A,1,Shared,5,AM015a-X3-Cell/AM015a-X2/AM015a-X1/AM015a-X3/AM015a
AM015a,SFTPA1:chr10:79611992:C:T,SFTPA1,NA,NA,NA,chr10:79611992,C:T,1,Shared,3,AM015a-X3-Cell/AM015a-X2/AM015a
AM015a,AC245033.1:chr15:82538892:A:T,AC245033.1,NA,NA,NA,chr15:82538892,A:T,0,NA,1,AM015a-X3-Cell
AM015a,ARPP21:chr3:35729443:C:A,ARPP21,NA,NA,NA,chr3:35729443,C:A,0,NA,1,AM015a-X3-Cell
AM015a,CCDC18:chr1:93239851:T:G,CCDC18,NA,NA,NA,chr1:93239851,T:G,0,NA,1,AM015a-X3-Cell
AM015a,CRACD:chr4:56313269:G:T,CRACD,NA,NA,NA,chr4:56313269,G:T,0,NA,1,AM015a-X3-Cell
AM015a,DAB1:chr1:57011235:T:G,DAB1,NA,NA,NA,chr1:57011235,T:G,0,NA,1,AM015a-X3-Cell
AM015a,DDX39A:chr19:14409399:C:A,DDX39A,NA,NA,NA,chr19:14409399,C:A,0,NA,1,AM015a-X3-Cell
AM015a,DTX1:chr12:113077860:GCC:-,DTX1,NA,NA,NA,chr12:113077860,GCC:-,0,NA,1,AM015a-X3-Cell
AM015a,EPN3:chr17:50541675:C:T,EPN3,NA,NA,NA,chr17:50541675,C:T,0,NA,1,AM015a-X3-Cell
AM015a,FAM209A:chr20:56525809:G:T,FAM209A,NA,NA,NA,chr20:56525809,G:T,0,NA,1,AM015a-X3-Cell
AM015a,FAM47C:chrX:37010988:G:T,FAM47C,,melanoma/clear cell sarcoma of soft parts/SCLC,,chrX:37010988,G:T,0,NA,1,AM015a-X3-Cell
AM015a,LAMC3:chr9:131061197:G:T,LAMC3,NA,NA,NA,chr9:131061197,G:T,0,NA,1,AM015a-X3-Cell
AM015a,MAPK10:chr4:86159371:C:T,MAPK10,NA,NA,NA,chr4:86159371,C:T,0,NA,1,AM015a-X3-Cell
AM015a,MKRN1:chr7:140471916:T:G,MKRN1,NA,NA,NA,chr7:140471916,T:G,0,NA,1,AM015a-X3-Cell
AM015a,MXRA8:chr1:1355606:G:A,MXRA8,NA,NA,NA,chr1:1355606,G:A,0,NA,1,AM015a-X3-Cell
AM015a,MYO16:chr13:109141091:G:A,MYO16,NA,NA,NA,chr13:109141091,G:A,0,NA,1,AM015a-X3-Cell
AM015a,MYOF:chr10:93310128:G:A,MYOF,NA,NA,NA,chr10:93310128,G:A,0,NA,1,AM015a-X3-Cell
AM015a,OR4A5:chr11:54707622:C:T,OR4A5,NA,NA,NA,chr11:54707622,C:T,0,NA,1,AM015a-X3-Cell
AM015a,OR4E2:chr14:21665817:G:A,OR4E2,NA,NA,NA,chr14:21665817,G:A,0,NA,1,AM015a-X3-Cell
AM015a,PEG10:chr7:94664937:G:T,PEG10,NA,NA,NA,chr7:94664937,G:T,0,NA,1,AM015a-X3-Cell
AM015a,POGLUT1:chr3:119486911:C:A,POGLUT1,NA,NA,NA,chr3:119486911,C:A,0,NA,1,AM015a-X3-Cell
AM015a,PTPRC:chr1:198749493:G:C,PTPRC,TSG,T-ALL,,chr1:198749493,G:C,0,NA,1,AM015a-X3-Cell
AM015a,RCAN2:chr6:46223281:C:A,RCAN2,NA,NA,NA,chr6:46223281,C:A,0,NA,1,AM015a-X3-Cell
AM015a,RPS17:chr15:82538892:A:T,RPS17,NA,NA,NA,chr15:82538892,A:T,0,NA,1,AM015a-X3-Cell
AM015a,SMARCC2:chr12:56173026:G:A,SMARCC2,NA,NA,NA,chr12:56173026,G:A,0,NA,1,AM015a-X3-Cell
AM015a,TNS3:chr7:47368629:G:A,TNS3,NA,NA,NA,chr7:47368629,G:A,0,NA,1,AM015a-X3-Cell
AM015a,TRPM4:chr19:49182581:TTCCATC:TT,TRPM4,NA,NA,NA,chr19:49182581,TTCCATC:TT,0,NA,1,AM015a-X3-Cell
AM015a,TRPM4:chr19:49182589:C:T,TRPM4,NA,NA,NA,chr19:49182589,C:T,0,NA,1,AM015a-X3-Cell
AM015a,TTN:chr2:178589624:G:A,TTN,NA,NA,NA,chr2:178589624,G:A,0,NA,1,AM015a-X3-Cell
AM015a,XDH:chr2:31372390:G:T,XDH,NA,NA,NA,chr2:31372390,G:T,0,NA,1,AM015a-X3-Cell
AM015a,PPP1CC:chr12:110722539:A:G,PPP1CC,NA,NA,NA,chr12:110722539,A:G,0,NA,2,AM015a-X2/AM015a-X3
AM015a,UBE2N:chr12:93411132:G:T,UBE2N,NA,NA,NA,chr12:93411132,G:T,0,NA,2,AM015a-X2/AM015a-X3
AM015a,UBE2N:chr12:93411204:A:G,UBE2N,NA,NA,NA,chr12:93411204,A:G,0,NA,2,AM015a-X2/AM015a-X3
AM015a,YTHDF2:chr1:28742705:G:A,YTHDF2,NA,NA,NA,chr1:28742705,G:A,0,NA,2,AM015a-X2/AM015a-X3
AM015a,YTHDF2:chr1:28742741:T:C,YTHDF2,NA,NA,NA,chr1:28742741,T:C,0,NA,2,AM015a-X2/AM015a-X3
AM015a,MDN1:chr6:89673310:C:G,MDN1,NA,NA,NA,chr6:89673310,C:G,0,NA,1,AM015a-X2
AM015a,PICK1:chr22:38070878:T:G,PICK1,NA,NA,NA,chr22:38070878,T:G,0,NA,1,AM015a-X2
AM015a,RBM26:chr13:79320663:A:G,RBM26,NA,NA,NA,chr13:79320663,A:G,0,NA,1,AM015a-X2
AM015a,TAF4:chr20:62065663:C:G,TAF4,NA,NA,NA,chr20:62065663,C:G,0,NA,1,AM015a-X2
AM015a,YTHDF2:chr1:28742642:C:T,YTHDF2,NA,NA,NA,chr1:28742642,C:T,0,NA,1,AM015a-X2
AM015a,YTHDF2:chr1:28742729:T:C,YTHDF2,NA,NA,NA,chr1:28742729,T:C,0,NA,1,AM015a-X2
AM015a,ARHGAP5:chr14:32090812:A:C,ARHGAP5,oncogene,colon cancer/glioma,,chr14:32090812,A:C,1,Shared,2,AM015a-X1/AM015a
AM015a,MGAM2:chr7:142166153:G:T,MGAM2,NA,NA,NA,chr7:142166153,G:T,1,Shared,2,AM015a-X1/AM015a
AM015a,SPEN:chr1:15932157:G:-,SPEN,TSG,SMZL/adenoid cystic carcinoma/DLBCL,,chr1:15932157,G:-,1,Shared,2,AM015a-X1/AM015a
AM015a,APOL1:chr22:36265563:C:A,APOL1,NA,NA,NA,chr22:36265563,C:A,0,NA,1,AM015a-X1
AM015a,ARFGEF2:chr20:48991046:C:T,ARFGEF2,NA,NA,NA,chr20:48991046,C:T,0,NA,1,AM015a-X1
AM015a,MED14:chrX:40682719:T:C,MED14,NA,NA,NA,chrX:40682719,T:C,0,NA,1,AM015a-X1
AM015a,MEF2C:chr5:88731895:C:T,MEF2C,NA,NA,NA,chr5:88731895,C:T,0,NA,1,AM015a-X1
AM015a,NR1I3:chr1:161232854:G:A,NR1I3,NA,NA,NA,chr1:161232854,G:A,0,NA,1,AM015a-X1
AM015a,PHF12:chr17:28912936:C:T,PHF12,NA,NA,NA,chr17:28912936,C:T,0,NA,1,AM015a-X1
AM015a,PIK3C2G:chr12:18505292:G:A,PIK3C2G,NA,NA,NA,chr12:18505292,G:A,0,NA,1,AM015a-X1
AM015a,PNPLA7:chr9:137497285:A:T,PNPLA7,NA,NA,NA,chr9:137497285,A:T,0,NA,1,AM015a-X1
AM015a,PTPN7:chr1:202150393:C:T,PTPN7,NA,NA,NA,chr1:202150393,C:T,0,NA,1,AM015a-X1
AM015a,SETD1B:chr12:121822507:G:T,SETD1B,TSG,CRC/endometrium,,chr12:121822507,G:T,0,NA,1,AM015a-X1
AM015a,UACA:chr15:70657112:C:A,UACA,NA,NA,NA,chr15:70657112,C:A,0,NA,1,AM015a-X1
AM015a,SAMD1:chr19:14090112:C:G,SAMD1,NA,NA,NA,chr19:14090112,C:G,0,NA,1,AM015a-X3
AM015a,TMEM161B:chr5:88205836:A:T,TMEM161B,NA,NA,NA,chr5:88205836,A:T,0,NA,1,AM015a-X3
AM015a,VPS13C:chr15:61931212:G:C,VPS13C,NA,NA,NA,chr15:61931212,G:C,0,NA,1,AM015a-X3
